--------------------------------------------------------
--  Fichier créé - mercredi-juillet-09-2025   
--------------------------------------------------------
--------------------------------------------------------
--  DDL for Table AGENCE_FOURNITURE
--------------------------------------------------------

  CREATE TABLE "SYSTEM"."AGENCE_FOURNITURE" 
   (	"ID" NUMBER(10,0) GENERATED BY DEFAULT ON NULL AS IDENTITY MINVALUE 1 MAXVALUE 9999999999999999999999999999 INCREMENT BY 1 START WITH 1 CACHE 20 NOORDER  NOCYCLE  NOKEEP  NOSCALE , 
	"AGENCE_ID" NUMBER(10,0), 
	"FOURNITURE_ID" NUMBER(10,0), 
	"DATE_ASSOCIATION" TIMESTAMP (7), 
	"QUANTITE" NUMBER(10,0), 
	"CONSO_MM" NUMBER(10,2)
   ) PCTFREE 10 PCTUSED 40 INITRANS 1 MAXTRANS 255 
 NOCOMPRESS LOGGING
  STORAGE(INITIAL 65536 NEXT 1048576 MINEXTENTS 1 MAXEXTENTS 2147483645
  PCTINCREASE 0 FREELISTS 1 FREELIST GROUPS 1
  BUFFER_POOL DEFAULT FLASH_CACHE DEFAULT CELL_FLASH_CACHE DEFAULT)
  TABLESPACE "SYSTEM" ;
--------------------------------------------------------
--  DDL for Table AGENCES
--------------------------------------------------------

  CREATE TABLE "SYSTEM"."AGENCES" 
   (	"ID" NUMBER(10,0) GENERATED BY DEFAULT ON NULL AS IDENTITY MINVALUE 1 MAXVALUE 9999999999999999999999999999 INCREMENT BY 1 START WITH 1 CACHE 20 NOORDER  NOCYCLE  NOKEEP  NOSCALE , 
	"NUMERO" NVARCHAR2(50), 
	"NOM" NVARCHAR2(100)
   ) PCTFREE 10 PCTUSED 40 INITRANS 1 MAXTRANS 255 
 NOCOMPRESS LOGGING
  STORAGE(INITIAL 65536 NEXT 1048576 MINEXTENTS 1 MAXEXTENTS 2147483645
  PCTINCREASE 0 FREELISTS 1 FREELIST GROUPS 1
  BUFFER_POOL DEFAULT FLASH_CACHE DEFAULT CELL_FLASH_CACHE DEFAULT)
  TABLESPACE "SYSTEM" ;
--------------------------------------------------------
--  DDL for Table AMORTISSEMENTS
--------------------------------------------------------

  CREATE TABLE "SYSTEM"."AMORTISSEMENTS" 
   (	"ID_AMORTISSEMENT" NUMBER GENERATED BY DEFAULT ON NULL AS IDENTITY MINVALUE 1 MAXVALUE 9999999999999999999999999999 INCREMENT BY 1 START WITH 1 CACHE 20 NOORDER  NOCYCLE  NOKEEP  NOSCALE , 
	"ID_BIEN" NUMBER, 
	"ANNEE" NUMBER(4,0), 
	"MONTANT" NUMBER(12,2), 
	"VALEUR_RESIDUELLE" NUMBER(12,2), 
	"DATE_CALCUL" DATE DEFAULT SYSDATE
   ) PCTFREE 10 PCTUSED 40 INITRANS 1 MAXTRANS 255 
 NOCOMPRESS LOGGING
  STORAGE(INITIAL 65536 NEXT 1048576 MINEXTENTS 1 MAXEXTENTS 2147483645
  PCTINCREASE 0 FREELISTS 1 FREELIST GROUPS 1
  BUFFER_POOL DEFAULT FLASH_CACHE DEFAULT CELL_FLASH_CACHE DEFAULT)
  TABLESPACE "SYSTEM" ;
--------------------------------------------------------
--  DDL for Table BIEN_AGENCE
--------------------------------------------------------

  CREATE TABLE "SYSTEM"."BIEN_AGENCE" 
   (	"ID_BIEN" NUMBER, 
	"ID_AGENCE" NUMBER, 
	"DATE_AFFECTATION" DATE, 
	"QUANTITE" NUMBER(10,0), 
	"QUANTITE_CONSO" NUMBER(10,2), 
	"FONCTION" VARCHAR2(255 BYTE)
   ) PCTFREE 10 PCTUSED 40 INITRANS 1 MAXTRANS 255 
 NOCOMPRESS LOGGING
  STORAGE(INITIAL 65536 NEXT 1048576 MINEXTENTS 1 MAXEXTENTS 2147483645
  PCTINCREASE 0 FREELISTS 1 FREELIST GROUPS 1
  BUFFER_POOL DEFAULT FLASH_CACHE DEFAULT CELL_FLASH_CACHE DEFAULT)
  TABLESPACE "SYSTEM" ;
--------------------------------------------------------
--  DDL for Table CATEGORIES
--------------------------------------------------------

  CREATE TABLE "SYSTEM"."CATEGORIES" 
   (	"ID_CATEGORIE" NUMBER GENERATED BY DEFAULT ON NULL AS IDENTITY MINVALUE 1 MAXVALUE 9999999999999999999999999999 INCREMENT BY 1 START WITH 1 CACHE 20 NOORDER  NOCYCLE  NOKEEP  NOSCALE , 
	"NOM_CATEGORIE" VARCHAR2(100 BYTE), 
	"DUREE_AMORTISSEMENT" NUMBER(2,0)
   ) PCTFREE 10 PCTUSED 40 INITRANS 1 MAXTRANS 255 
 NOCOMPRESS LOGGING
  STORAGE(INITIAL 65536 NEXT 1048576 MINEXTENTS 1 MAXEXTENTS 2147483645
  PCTINCREASE 0 FREELISTS 1 FREELIST GROUPS 1
  BUFFER_POOL DEFAULT FLASH_CACHE DEFAULT CELL_FLASH_CACHE DEFAULT)
  TABLESPACE "SYSTEM" ;
--------------------------------------------------------
--  DDL for Table ENTREE_FOURNITURES
--------------------------------------------------------

  CREATE TABLE "SYSTEM"."ENTREE_FOURNITURES" 
   (	"ID" NUMBER GENERATED ALWAYS AS IDENTITY MINVALUE 1 MAXVALUE 9999999999999999999999999999 INCREMENT BY 1 START WITH 1 CACHE 20 NOORDER  NOCYCLE  NOKEEP  NOSCALE , 
	"FOURNITURE_ID" NUMBER, 
	"QUANTITE_ENTREE" NUMBER, 
	"DATE_ENTREE" DATE, 
	"PRIX_UNITAIRE" NUMBER(18,2), 
	"MONTANT" NUMBER(18,2)
   ) PCTFREE 10 PCTUSED 40 INITRANS 1 MAXTRANS 255 
 NOCOMPRESS LOGGING
  STORAGE(INITIAL 65536 NEXT 1048576 MINEXTENTS 1 MAXEXTENTS 2147483645
  PCTINCREASE 0 FREELISTS 1 FREELIST GROUPS 1
  BUFFER_POOL DEFAULT FLASH_CACHE DEFAULT CELL_FLASH_CACHE DEFAULT)
  TABLESPACE "SYSTEM" ;
--------------------------------------------------------
--  DDL for Table FOURNITURES
--------------------------------------------------------

  CREATE TABLE "SYSTEM"."FOURNITURES" 
   (	"ID" NUMBER(10,0) GENERATED BY DEFAULT ON NULL AS IDENTITY MINVALUE 1 MAXVALUE 9999999999999999999999999999 INCREMENT BY 1 START WITH 1 CACHE 20 NOORDER  NOCYCLE  NOKEEP  NOSCALE , 
	"NOM" NVARCHAR2(100), 
	"PRIX_UNITAIRE" NUMBER(18,2), 
	"QUANTITE_RESTANTE" NUMBER(10,0), 
	"CATEGORIE" NVARCHAR2(100)
   ) PCTFREE 10 PCTUSED 40 INITRANS 1 MAXTRANS 255 
 NOCOMPRESS LOGGING
  STORAGE(INITIAL 65536 NEXT 1048576 MINEXTENTS 1 MAXEXTENTS 2147483645
  PCTINCREASE 0 FREELISTS 1 FREELIST GROUPS 1
  BUFFER_POOL DEFAULT FLASH_CACHE DEFAULT CELL_FLASH_CACHE DEFAULT)
  TABLESPACE "SYSTEM" ;
--------------------------------------------------------
--  DDL for Table HELP
--------------------------------------------------------

  CREATE TABLE "SYSTEM"."HELP" SHARING=METADATA 
   (	"TOPIC" VARCHAR2(50 BYTE), 
	"SEQ" NUMBER, 
	"INFO" VARCHAR2(80 BYTE)
   ) PCTFREE 0 PCTUSED 40 INITRANS 1 MAXTRANS 255 
 NOCOMPRESS LOGGING
  STORAGE(INITIAL 49152 NEXT 1048576 MINEXTENTS 1 MAXEXTENTS 2147483645
  PCTINCREASE 0 FREELISTS 1 FREELIST GROUPS 1
  BUFFER_POOL DEFAULT FLASH_CACHE DEFAULT CELL_FLASH_CACHE DEFAULT)
  TABLESPACE "SYSTEM" ;
  GRANT SELECT ON "SYSTEM"."HELP" TO PUBLIC;
--------------------------------------------------------
--  DDL for Table IMMOBILISATIONS
--------------------------------------------------------

  CREATE TABLE "SYSTEM"."IMMOBILISATIONS" 
   (	"ID_BIEN" NUMBER GENERATED BY DEFAULT ON NULL AS IDENTITY MINVALUE 1 MAXVALUE 9999999999999999999999999999 INCREMENT BY 1 START WITH 1 CACHE 20 NOORDER  NOCYCLE  NOKEEP  NOSCALE , 
	"NOM_BIEN" VARCHAR2(100 BYTE), 
	"DATE_ACQUISITION" DATE, 
	"VALEUR_ACQUISITION" NUMBER(12,2), 
	"ID_CATEGORIE" NUMBER, 
	"DUREE_PERSONNALISEE" NUMBER(2,0), 
	"STATUT" VARCHAR2(50 BYTE) DEFAULT 'actif', 
	"QUANTITE" NUMBER(10,0), 
	"CODE_BARRE" VARCHAR2(50 BYTE)
   ) PCTFREE 10 PCTUSED 40 INITRANS 1 MAXTRANS 255 
 NOCOMPRESS LOGGING
  STORAGE(INITIAL 65536 NEXT 1048576 MINEXTENTS 1 MAXEXTENTS 2147483645
  PCTINCREASE 0 FREELISTS 1 FREELIST GROUPS 1
  BUFFER_POOL DEFAULT FLASH_CACHE DEFAULT CELL_FLASH_CACHE DEFAULT)
  TABLESPACE "SYSTEM" ;
--------------------------------------------------------
--  DDL for Table LOCALISATIONS
--------------------------------------------------------

  CREATE TABLE "SYSTEM"."LOCALISATIONS" 
   (	"ID_LOCALISATION" NUMBER GENERATED BY DEFAULT ON NULL AS IDENTITY MINVALUE 1 MAXVALUE 9999999999999999999999999999 INCREMENT BY 1 START WITH 1 CACHE 20 NOORDER  NOCYCLE  NOKEEP  NOSCALE , 
	"NOM_LOCALISATION" VARCHAR2(100 BYTE), 
	"RESPONSABLE" VARCHAR2(100 BYTE)
   ) PCTFREE 10 PCTUSED 40 INITRANS 1 MAXTRANS 255 
 NOCOMPRESS LOGGING
  STORAGE(INITIAL 65536 NEXT 1048576 MINEXTENTS 1 MAXEXTENTS 2147483645
  PCTINCREASE 0 FREELISTS 1 FREELIST GROUPS 1
  BUFFER_POOL DEFAULT FLASH_CACHE DEFAULT CELL_FLASH_CACHE DEFAULT)
  TABLESPACE "SYSTEM" ;
--------------------------------------------------------
--  DDL for Table NOTIFICATIONS
--------------------------------------------------------

  CREATE TABLE "SYSTEM"."NOTIFICATIONS" 
   (	"ID" NUMBER GENERATED BY DEFAULT ON NULL AS IDENTITY MINVALUE 1 MAXVALUE 9999999999999999999999999999 INCREMENT BY 1 START WITH 1 CACHE 20 NOORDER  NOCYCLE  NOKEEP  NOSCALE , 
	"USER_ID" NUMBER, 
	"AGENCE_ID" NUMBER, 
	"FOURNITURE_ID" NUMBER, 
	"BIEN_ID" NUMBER, 
	"TITRE" VARCHAR2(255 BYTE), 
	"CORPS" CLOB, 
	"DATE_DEMANDE" TIMESTAMP (6), 
	"STATUT" VARCHAR2(100 BYTE)
   ) PCTFREE 10 PCTUSED 40 INITRANS 1 MAXTRANS 255 
 NOCOMPRESS LOGGING
  STORAGE(INITIAL 65536 NEXT 1048576 MINEXTENTS 1 MAXEXTENTS 2147483645
  PCTINCREASE 0 FREELISTS 1 FREELIST GROUPS 1
  BUFFER_POOL DEFAULT FLASH_CACHE DEFAULT CELL_FLASH_CACHE DEFAULT)
  TABLESPACE "SYSTEM" 
 LOB ("CORPS") STORE AS BASICFILE (
  TABLESPACE "SYSTEM" ENABLE STORAGE IN ROW 4000 CHUNK 8192 RETENTION 
  NOCACHE LOGGING 
  STORAGE(INITIAL 65536 NEXT 1048576 MINEXTENTS 1 MAXEXTENTS 2147483645
  PCTINCREASE 0 FREELISTS 1 FREELIST GROUPS 1
  BUFFER_POOL DEFAULT FLASH_CACHE DEFAULT CELL_FLASH_CACHE DEFAULT)) ;
--------------------------------------------------------
--  DDL for Table REDO_DB
--------------------------------------------------------

  CREATE TABLE "SYSTEM"."REDO_DB" SHARING=METADATA 
   (	"DBID" NUMBER, 
	"GLOBAL_DBNAME" VARCHAR2(129 BYTE), 
	"DBUNAME" VARCHAR2(32 BYTE), 
	"VERSION" VARCHAR2(32 BYTE), 
	"THREAD#" NUMBER, 
	"RESETLOGS_SCN_BAS" NUMBER, 
	"RESETLOGS_SCN_WRP" NUMBER, 
	"RESETLOGS_TIME" NUMBER, 
	"PRESETLOGS_SCN_BAS" NUMBER, 
	"PRESETLOGS_SCN_WRP" NUMBER, 
	"PRESETLOGS_TIME" NUMBER, 
	"SEQNO_RCV_CUR" NUMBER, 
	"SEQNO_RCV_LO" NUMBER, 
	"SEQNO_RCV_HI" NUMBER, 
	"SEQNO_DONE_CUR" NUMBER, 
	"SEQNO_DONE_LO" NUMBER, 
	"SEQNO_DONE_HI" NUMBER, 
	"GAP_SEQNO" NUMBER, 
	"GAP_RET" NUMBER, 
	"GAP_DONE" NUMBER, 
	"APPLY_SEQNO" NUMBER, 
	"APPLY_DONE" NUMBER, 
	"PURGE_DONE" NUMBER, 
	"HAS_CHILD" NUMBER, 
	"ERROR1" NUMBER, 
	"STATUS" NUMBER, 
	"CREATE_DATE" DATE, 
	"TS1" NUMBER, 
	"TS2" NUMBER, 
	"GAP_NEXT_SCN" NUMBER, 
	"GAP_NEXT_TIME" NUMBER, 
	"CURSCN_TIME" NUMBER, 
	"RESETLOGS_SCN" NUMBER, 
	"PRESETLOGS_SCN" NUMBER, 
	"GAP_RET2" NUMBER, 
	"CURLOG" NUMBER, 
	"ENDIAN" NUMBER, 
	"ENQIDX" NUMBER, 
	"SPARE4" NUMBER, 
	"SPARE5" DATE, 
	"SPARE6" VARCHAR2(65 BYTE), 
	"SPARE7" VARCHAR2(129 BYTE), 
	"TS3" NUMBER, 
	"CURBLKNO" NUMBER, 
	"SPARE8" NUMBER, 
	"SPARE9" NUMBER, 
	"SPARE10" NUMBER, 
	"SPARE11" NUMBER, 
	"SPARE12" NUMBER, 
	"TENANT_KEY" NUMBER
   ) PCTFREE 10 PCTUSED 40 INITRANS 1 MAXTRANS 255 
 NOCOMPRESS LOGGING
  STORAGE(INITIAL 65536 NEXT 1048576 MINEXTENTS 1 MAXEXTENTS 2147483645
  PCTINCREASE 0 FREELISTS 1 FREELIST GROUPS 1
  BUFFER_POOL DEFAULT FLASH_CACHE DEFAULT CELL_FLASH_CACHE DEFAULT)
  TABLESPACE "SYSAUX" ;
--------------------------------------------------------
--  DDL for Table REDO_LOG
--------------------------------------------------------

  CREATE TABLE "SYSTEM"."REDO_LOG" SHARING=METADATA 
   (	"DBID" NUMBER, 
	"GLOBAL_DBNAME" VARCHAR2(129 BYTE), 
	"DBUNAME" VARCHAR2(32 BYTE), 
	"VERSION" VARCHAR2(32 BYTE), 
	"THREAD#" NUMBER, 
	"RESETLOGS_SCN_BAS" NUMBER, 
	"RESETLOGS_SCN_WRP" NUMBER, 
	"RESETLOGS_TIME" NUMBER, 
	"PRESETLOGS_SCN_BAS" NUMBER, 
	"PRESETLOGS_SCN_WRP" NUMBER, 
	"PRESETLOGS_TIME" NUMBER, 
	"SEQUENCE#" NUMBER, 
	"DUPID" NUMBER, 
	"STATUS1" NUMBER, 
	"STATUS2" NUMBER, 
	"CREATE_TIME" VARCHAR2(32 BYTE), 
	"CLOSE_TIME" VARCHAR2(32 BYTE), 
	"DONE_TIME" VARCHAR2(32 BYTE), 
	"FIRST_SCN_BAS" NUMBER, 
	"FIRST_SCN_WRP" NUMBER, 
	"FIRST_TIME" NUMBER, 
	"NEXT_SCN_BAS" NUMBER, 
	"NEXT_SCN_WRP" NUMBER, 
	"NEXT_TIME" NUMBER, 
	"FIRST_SCN" NUMBER, 
	"NEXT_SCN" NUMBER, 
	"RESETLOGS_SCN" NUMBER, 
	"BLOCKS" NUMBER, 
	"BLOCK_SIZE" NUMBER, 
	"OLD_BLOCKS" NUMBER, 
	"CREATE_DATE" DATE, 
	"ERROR1" NUMBER, 
	"ERROR2" NUMBER, 
	"FILENAME" VARCHAR2(513 BYTE), 
	"TS1" NUMBER, 
	"TS2" NUMBER, 
	"ENDIAN" NUMBER, 
	"SPARE2" NUMBER, 
	"SPARE3" NUMBER, 
	"SPARE4" NUMBER, 
	"SPARE5" DATE, 
	"SPARE6" VARCHAR2(65 BYTE), 
	"SPARE7" VARCHAR2(129 BYTE), 
	"TS3" NUMBER, 
	"PRESETLOGS_SCN" NUMBER, 
	"SPARE8" NUMBER, 
	"SPARE9" NUMBER, 
	"SPARE10" NUMBER, 
	"OLD_STATUS1" NUMBER, 
	"OLD_STATUS2" NUMBER, 
	"OLD_FILENAME" VARCHAR2(513 BYTE), 
	"TENANT_KEY" NUMBER
   ) PCTFREE 10 PCTUSED 40 INITRANS 1 MAXTRANS 255 
 NOCOMPRESS LOGGING
  STORAGE(INITIAL 65536 NEXT 1048576 MINEXTENTS 1 MAXEXTENTS 2147483645
  PCTINCREASE 0 FREELISTS 1 FREELIST GROUPS 1
  BUFFER_POOL DEFAULT FLASH_CACHE DEFAULT CELL_FLASH_CACHE DEFAULT)
  TABLESPACE "SYSAUX" ;
--------------------------------------------------------
--  DDL for Table SQLPLUS_PRODUCT_PROFILE
--------------------------------------------------------

  CREATE TABLE "SYSTEM"."SQLPLUS_PRODUCT_PROFILE" SHARING=METADATA 
   (	"PRODUCT" VARCHAR2(30 BYTE), 
	"USERID" VARCHAR2(128 BYTE), 
	"ATTRIBUTE" VARCHAR2(240 BYTE), 
	"SCOPE" VARCHAR2(240 BYTE), 
	"NUMERIC_VALUE" NUMBER(15,2), 
	"CHAR_VALUE" VARCHAR2(240 BYTE), 
	"DATE_VALUE" DATE, 
	"LONG_VALUE" LONG
   ) PCTFREE 10 PCTUSED 40 INITRANS 1 MAXTRANS 255 
 NOCOMPRESS LOGGING
  STORAGE(INITIAL 65536 NEXT 1048576 MINEXTENTS 1 MAXEXTENTS 2147483645
  PCTINCREASE 0 FREELISTS 1 FREELIST GROUPS 1
  BUFFER_POOL DEFAULT FLASH_CACHE DEFAULT CELL_FLASH_CACHE DEFAULT)
  TABLESPACE "SYSTEM" ;
--------------------------------------------------------
--  DDL for Table USER_AGENCE
--------------------------------------------------------

  CREATE TABLE "SYSTEM"."USER_AGENCE" 
   (	"ID" NUMBER(10,0) GENERATED BY DEFAULT ON NULL AS IDENTITY MINVALUE 1 MAXVALUE 9999999999999999999999999999 INCREMENT BY 1 START WITH 1 CACHE 20 NOORDER  NOCYCLE  NOKEEP  NOSCALE , 
	"USER_ID" NUMBER(10,0), 
	"AGENCE_ID" NUMBER(10,0), 
	"DATE_ASSOCIATION" TIMESTAMP (7) DEFAULT CURRENT_TIMESTAMP
   ) PCTFREE 10 PCTUSED 40 INITRANS 1 MAXTRANS 255 
 NOCOMPRESS LOGGING
  STORAGE(INITIAL 65536 NEXT 1048576 MINEXTENTS 1 MAXEXTENTS 2147483645
  PCTINCREASE 0 FREELISTS 1 FREELIST GROUPS 1
  BUFFER_POOL DEFAULT FLASH_CACHE DEFAULT CELL_FLASH_CACHE DEFAULT)
  TABLESPACE "SYSTEM" ;
--------------------------------------------------------
--  DDL for Table USER_FOURNITURE
--------------------------------------------------------

  CREATE TABLE "SYSTEM"."USER_FOURNITURE" 
   (	"ID" NUMBER(10,0) GENERATED BY DEFAULT ON NULL AS IDENTITY MINVALUE 1 MAXVALUE 9999999999999999999999999999 INCREMENT BY 1 START WITH 1 CACHE 20 NOORDER  NOCYCLE  NOKEEP  NOSCALE , 
	"USER_ID" NUMBER(10,0), 
	"FOURNITURE_ID" NUMBER(10,0), 
	"DATE_ASSOCIATION" TIMESTAMP (7) DEFAULT CURRENT_TIMESTAMP
   ) PCTFREE 10 PCTUSED 40 INITRANS 1 MAXTRANS 255 
 NOCOMPRESS LOGGING
  STORAGE(INITIAL 65536 NEXT 1048576 MINEXTENTS 1 MAXEXTENTS 2147483645
  PCTINCREASE 0 FREELISTS 1 FREELIST GROUPS 1
  BUFFER_POOL DEFAULT FLASH_CACHE DEFAULT CELL_FLASH_CACHE DEFAULT)
  TABLESPACE "SYSTEM" ;
--------------------------------------------------------
--  DDL for Table USERS
--------------------------------------------------------

  CREATE TABLE "SYSTEM"."USERS" 
   (	"ID" NUMBER(10,0) GENERATED BY DEFAULT ON NULL AS IDENTITY MINVALUE 1 MAXVALUE 9999999999999999999999999999 INCREMENT BY 1 START WITH 1 CACHE 20 NOORDER  NOCYCLE  NOKEEP  NOSCALE , 
	"NOM" NVARCHAR2(100), 
	"PRENOM" NVARCHAR2(100), 
	"EMAIL" NVARCHAR2(100), 
	"MOT_DE_PASSE" NVARCHAR2(2000), 
	"FONCTION" VARCHAR2(20 BYTE)
   ) PCTFREE 10 PCTUSED 40 INITRANS 1 MAXTRANS 255 
 NOCOMPRESS LOGGING
  STORAGE(INITIAL 65536 NEXT 1048576 MINEXTENTS 1 MAXEXTENTS 2147483645
  PCTINCREASE 0 FREELISTS 1 FREELIST GROUPS 1
  BUFFER_POOL DEFAULT FLASH_CACHE DEFAULT CELL_FLASH_CACHE DEFAULT)
  TABLESPACE "SYSTEM" ;
REM INSERTING into SYSTEM.AGENCE_FOURNITURE
SET DEFINE OFF;
Insert into SYSTEM.AGENCE_FOURNITURE (ID,AGENCE_ID,FOURNITURE_ID,DATE_ASSOCIATION,QUANTITE,CONSO_MM) values ('1','1','1',to_timestamp('02/06/25 10:23:32,358789600','DD/MM/RR HH24:MI:SSXFF'),'32',null);
Insert into SYSTEM.AGENCE_FOURNITURE (ID,AGENCE_ID,FOURNITURE_ID,DATE_ASSOCIATION,QUANTITE,CONSO_MM) values ('3','2','82',to_timestamp('07/07/25 09:09:05,920221300','DD/MM/RR HH24:MI:SSXFF'),'20','2');
Insert into SYSTEM.AGENCE_FOURNITURE (ID,AGENCE_ID,FOURNITURE_ID,DATE_ASSOCIATION,QUANTITE,CONSO_MM) values ('4','82','66',to_timestamp('27/05/25 10:31:45,802437500','DD/MM/RR HH24:MI:SSXFF'),'5',null);
Insert into SYSTEM.AGENCE_FOURNITURE (ID,AGENCE_ID,FOURNITURE_ID,DATE_ASSOCIATION,QUANTITE,CONSO_MM) values ('2','83','121',to_timestamp('24/06/25 10:03:48,333008000','DD/MM/RR HH24:MI:SSXFF'),'23',null);
Insert into SYSTEM.AGENCE_FOURNITURE (ID,AGENCE_ID,FOURNITURE_ID,DATE_ASSOCIATION,QUANTITE,CONSO_MM) values ('5','81','67',to_timestamp('27/05/25 10:32:22,952625100','DD/MM/RR HH24:MI:SSXFF'),'2',null);
Insert into SYSTEM.AGENCE_FOURNITURE (ID,AGENCE_ID,FOURNITURE_ID,DATE_ASSOCIATION,QUANTITE,CONSO_MM) values ('62','2','161',to_timestamp('20/06/25 08:19:45,828930100','DD/MM/RR HH24:MI:SSXFF'),'8','1');
Insert into SYSTEM.AGENCE_FOURNITURE (ID,AGENCE_ID,FOURNITURE_ID,DATE_ASSOCIATION,QUANTITE,CONSO_MM) values ('81','1','142',to_timestamp('04/06/25 09:44:17,408462500','DD/MM/RR HH24:MI:SSXFF'),'5',null);
Insert into SYSTEM.AGENCE_FOURNITURE (ID,AGENCE_ID,FOURNITURE_ID,DATE_ASSOCIATION,QUANTITE,CONSO_MM) values ('8','2','65',to_timestamp('08/07/25 10:58:28,985060400','DD/MM/RR HH24:MI:SSXFF'),'4','2');
Insert into SYSTEM.AGENCE_FOURNITURE (ID,AGENCE_ID,FOURNITURE_ID,DATE_ASSOCIATION,QUANTITE,CONSO_MM) values ('261','41','82',to_timestamp('04/07/25 08:44:44,206574700','DD/MM/RR HH24:MI:SSXFF'),'6',null);
Insert into SYSTEM.AGENCE_FOURNITURE (ID,AGENCE_ID,FOURNITURE_ID,DATE_ASSOCIATION,QUANTITE,CONSO_MM) values ('10','82','1',to_timestamp('27/05/25 11:05:24,209306600','DD/MM/RR HH24:MI:SSXFF'),'5',null);
Insert into SYSTEM.AGENCE_FOURNITURE (ID,AGENCE_ID,FOURNITURE_ID,DATE_ASSOCIATION,QUANTITE,CONSO_MM) values ('21','41','66',to_timestamp('27/05/25 14:16:12,543737600','DD/MM/RR HH24:MI:SSXFF'),'20',null);
Insert into SYSTEM.AGENCE_FOURNITURE (ID,AGENCE_ID,FOURNITURE_ID,DATE_ASSOCIATION,QUANTITE,CONSO_MM) values ('262','41','141',to_timestamp('04/07/25 08:47:56,080482800','DD/MM/RR HH24:MI:SSXFF'),'5',null);
Insert into SYSTEM.AGENCE_FOURNITURE (ID,AGENCE_ID,FOURNITURE_ID,DATE_ASSOCIATION,QUANTITE,CONSO_MM) values ('23','82','67',to_timestamp('27/05/25 14:31:16,276217500','DD/MM/RR HH24:MI:SSXFF'),'3',null);
Insert into SYSTEM.AGENCE_FOURNITURE (ID,AGENCE_ID,FOURNITURE_ID,DATE_ASSOCIATION,QUANTITE,CONSO_MM) values ('24','41','65',to_timestamp('27/05/25 14:33:40,511648400','DD/MM/RR HH24:MI:SSXFF'),'3',null);
Insert into SYSTEM.AGENCE_FOURNITURE (ID,AGENCE_ID,FOURNITURE_ID,DATE_ASSOCIATION,QUANTITE,CONSO_MM) values ('263','101','141',to_timestamp('04/07/25 08:47:56,080482600','DD/MM/RR HH24:MI:SSXFF'),'4',null);
Insert into SYSTEM.AGENCE_FOURNITURE (ID,AGENCE_ID,FOURNITURE_ID,DATE_ASSOCIATION,QUANTITE,CONSO_MM) values ('281','82','141',to_timestamp('07/07/25 09:25:32,348505000','DD/MM/RR HH24:MI:SSXFF'),'3',null);
Insert into SYSTEM.AGENCE_FOURNITURE (ID,AGENCE_ID,FOURNITURE_ID,DATE_ASSOCIATION,QUANTITE,CONSO_MM) values ('27','82','82',to_timestamp('28/05/25 09:26:09,496879400','DD/MM/RR HH24:MI:SSXFF'),'5',null);
Insert into SYSTEM.AGENCE_FOURNITURE (ID,AGENCE_ID,FOURNITURE_ID,DATE_ASSOCIATION,QUANTITE,CONSO_MM) values ('41','102','82',to_timestamp('30/05/25 09:40:03,776043000','DD/MM/RR HH24:MI:SSXFF'),'5',null);
Insert into SYSTEM.AGENCE_FOURNITURE (ID,AGENCE_ID,FOURNITURE_ID,DATE_ASSOCIATION,QUANTITE,CONSO_MM) values ('42','1','121',to_timestamp('30/05/25 09:54:38,258564000','DD/MM/RR HH24:MI:SSXFF'),'2',null);
Insert into SYSTEM.AGENCE_FOURNITURE (ID,AGENCE_ID,FOURNITURE_ID,DATE_ASSOCIATION,QUANTITE,CONSO_MM) values ('61','102','1',to_timestamp('02/06/25 19:06:37,131131900','DD/MM/RR HH24:MI:SSXFF'),'10',null);
Insert into SYSTEM.AGENCE_FOURNITURE (ID,AGENCE_ID,FOURNITURE_ID,DATE_ASSOCIATION,QUANTITE,CONSO_MM) values ('101','2','1',to_timestamp('19/06/25 19:37:38,438349400','DD/MM/RR HH24:MI:SSXFF'),'29','2');
Insert into SYSTEM.AGENCE_FOURNITURE (ID,AGENCE_ID,FOURNITURE_ID,DATE_ASSOCIATION,QUANTITE,CONSO_MM) values ('121','2','67',to_timestamp('08/07/25 10:05:48,666356900','DD/MM/RR HH24:MI:SSXFF'),'0','2');
Insert into SYSTEM.AGENCE_FOURNITURE (ID,AGENCE_ID,FOURNITURE_ID,DATE_ASSOCIATION,QUANTITE,CONSO_MM) values ('241','2','141',to_timestamp('08/07/25 10:59:20,900081300','DD/MM/RR HH24:MI:SSXFF'),'12','8');
Insert into SYSTEM.AGENCE_FOURNITURE (ID,AGENCE_ID,FOURNITURE_ID,DATE_ASSOCIATION,QUANTITE,CONSO_MM) values ('242','2','121',to_timestamp('08/07/25 10:58:49,309588700','DD/MM/RR HH24:MI:SSXFF'),'8','5');
Insert into SYSTEM.AGENCE_FOURNITURE (ID,AGENCE_ID,FOURNITURE_ID,DATE_ASSOCIATION,QUANTITE,CONSO_MM) values ('282','82','121',to_timestamp('07/07/25 09:27:26,574533700','DD/MM/RR HH24:MI:SSXFF'),'6',null);
REM INSERTING into SYSTEM.AGENCES
SET DEFINE OFF;
Insert into SYSTEM.AGENCES (ID,NUMERO,NOM) values ('1','001','Tsaralalana');
Insert into SYSTEM.AGENCES (ID,NUMERO,NOM) values ('2','002','Ankatso');
Insert into SYSTEM.AGENCES (ID,NUMERO,NOM) values ('41','030','Tsiadana');
Insert into SYSTEM.AGENCES (ID,NUMERO,NOM) values ('101','071','Analavory');
Insert into SYSTEM.AGENCES (ID,NUMERO,NOM) values ('81','039','Anosy');
Insert into SYSTEM.AGENCES (ID,NUMERO,NOM) values ('82','100','Diego');
Insert into SYSTEM.AGENCES (ID,NUMERO,NOM) values ('83','075','Tuléar');
Insert into SYSTEM.AGENCES (ID,NUMERO,NOM) values ('102','108','Ankadimbaoka');
REM INSERTING into SYSTEM.AMORTISSEMENTS
SET DEFINE OFF;
Insert into SYSTEM.AMORTISSEMENTS (ID_AMORTISSEMENT,ID_BIEN,ANNEE,MONTANT,VALEUR_RESIDUELLE,DATE_CALCUL) values ('84','21','2025','3500','17500',to_date('03/07/25','DD/MM/RR'));
Insert into SYSTEM.AMORTISSEMENTS (ID_AMORTISSEMENT,ID_BIEN,ANNEE,MONTANT,VALEUR_RESIDUELLE,DATE_CALCUL) values ('85','21','2026','3500','14000',to_date('03/07/25','DD/MM/RR'));
Insert into SYSTEM.AMORTISSEMENTS (ID_AMORTISSEMENT,ID_BIEN,ANNEE,MONTANT,VALEUR_RESIDUELLE,DATE_CALCUL) values ('93','102','2025','300000','1200000',to_date('03/07/25','DD/MM/RR'));
Insert into SYSTEM.AMORTISSEMENTS (ID_AMORTISSEMENT,ID_BIEN,ANNEE,MONTANT,VALEUR_RESIDUELLE,DATE_CALCUL) values ('94','102','2026','300000','900000',to_date('03/07/25','DD/MM/RR'));
Insert into SYSTEM.AMORTISSEMENTS (ID_AMORTISSEMENT,ID_BIEN,ANNEE,MONTANT,VALEUR_RESIDUELLE,DATE_CALCUL) values ('95','102','2027','300000','600000',to_date('03/07/25','DD/MM/RR'));
Insert into SYSTEM.AMORTISSEMENTS (ID_AMORTISSEMENT,ID_BIEN,ANNEE,MONTANT,VALEUR_RESIDUELLE,DATE_CALCUL) values ('24','82','2025','333333,33','4666666,67',to_date('03/06/25','DD/MM/RR'));
Insert into SYSTEM.AMORTISSEMENTS (ID_AMORTISSEMENT,ID_BIEN,ANNEE,MONTANT,VALEUR_RESIDUELLE,DATE_CALCUL) values ('25','82','2026','333333,33','4333333,33',to_date('03/06/25','DD/MM/RR'));
Insert into SYSTEM.AMORTISSEMENTS (ID_AMORTISSEMENT,ID_BIEN,ANNEE,MONTANT,VALEUR_RESIDUELLE,DATE_CALCUL) values ('26','82','2027','333333,33','4000000',to_date('03/06/25','DD/MM/RR'));
Insert into SYSTEM.AMORTISSEMENTS (ID_AMORTISSEMENT,ID_BIEN,ANNEE,MONTANT,VALEUR_RESIDUELLE,DATE_CALCUL) values ('27','82','2028','333333,33','3666666,67',to_date('03/06/25','DD/MM/RR'));
Insert into SYSTEM.AMORTISSEMENTS (ID_AMORTISSEMENT,ID_BIEN,ANNEE,MONTANT,VALEUR_RESIDUELLE,DATE_CALCUL) values ('28','82','2029','333333,33','3333333,33',to_date('03/06/25','DD/MM/RR'));
Insert into SYSTEM.AMORTISSEMENTS (ID_AMORTISSEMENT,ID_BIEN,ANNEE,MONTANT,VALEUR_RESIDUELLE,DATE_CALCUL) values ('29','82','2030','333333,33','3000000',to_date('03/06/25','DD/MM/RR'));
Insert into SYSTEM.AMORTISSEMENTS (ID_AMORTISSEMENT,ID_BIEN,ANNEE,MONTANT,VALEUR_RESIDUELLE,DATE_CALCUL) values ('30','82','2031','333333,33','2666666,67',to_date('03/06/25','DD/MM/RR'));
Insert into SYSTEM.AMORTISSEMENTS (ID_AMORTISSEMENT,ID_BIEN,ANNEE,MONTANT,VALEUR_RESIDUELLE,DATE_CALCUL) values ('31','82','2032','333333,33','2333333,33',to_date('03/06/25','DD/MM/RR'));
Insert into SYSTEM.AMORTISSEMENTS (ID_AMORTISSEMENT,ID_BIEN,ANNEE,MONTANT,VALEUR_RESIDUELLE,DATE_CALCUL) values ('32','82','2033','333333,33','2000000',to_date('03/06/25','DD/MM/RR'));
Insert into SYSTEM.AMORTISSEMENTS (ID_AMORTISSEMENT,ID_BIEN,ANNEE,MONTANT,VALEUR_RESIDUELLE,DATE_CALCUL) values ('33','82','2034','333333,33','1666666,67',to_date('03/06/25','DD/MM/RR'));
Insert into SYSTEM.AMORTISSEMENTS (ID_AMORTISSEMENT,ID_BIEN,ANNEE,MONTANT,VALEUR_RESIDUELLE,DATE_CALCUL) values ('34','82','2035','333333,33','1333333,33',to_date('03/06/25','DD/MM/RR'));
Insert into SYSTEM.AMORTISSEMENTS (ID_AMORTISSEMENT,ID_BIEN,ANNEE,MONTANT,VALEUR_RESIDUELLE,DATE_CALCUL) values ('35','82','2036','333333,33','1000000',to_date('03/06/25','DD/MM/RR'));
Insert into SYSTEM.AMORTISSEMENTS (ID_AMORTISSEMENT,ID_BIEN,ANNEE,MONTANT,VALEUR_RESIDUELLE,DATE_CALCUL) values ('36','82','2037','333333,33','666666,67',to_date('03/06/25','DD/MM/RR'));
Insert into SYSTEM.AMORTISSEMENTS (ID_AMORTISSEMENT,ID_BIEN,ANNEE,MONTANT,VALEUR_RESIDUELLE,DATE_CALCUL) values ('37','82','2038','333333,33','333333,33',to_date('03/06/25','DD/MM/RR'));
Insert into SYSTEM.AMORTISSEMENTS (ID_AMORTISSEMENT,ID_BIEN,ANNEE,MONTANT,VALEUR_RESIDUELLE,DATE_CALCUL) values ('38','82','2039','333333,33','0',to_date('03/06/25','DD/MM/RR'));
Insert into SYSTEM.AMORTISSEMENTS (ID_AMORTISSEMENT,ID_BIEN,ANNEE,MONTANT,VALEUR_RESIDUELLE,DATE_CALCUL) values ('41','101','2025','400000','5600000',to_date('03/06/25','DD/MM/RR'));
Insert into SYSTEM.AMORTISSEMENTS (ID_AMORTISSEMENT,ID_BIEN,ANNEE,MONTANT,VALEUR_RESIDUELLE,DATE_CALCUL) values ('42','101','2026','400000','5200000',to_date('03/06/25','DD/MM/RR'));
Insert into SYSTEM.AMORTISSEMENTS (ID_AMORTISSEMENT,ID_BIEN,ANNEE,MONTANT,VALEUR_RESIDUELLE,DATE_CALCUL) values ('43','101','2027','400000','4800000',to_date('03/06/25','DD/MM/RR'));
Insert into SYSTEM.AMORTISSEMENTS (ID_AMORTISSEMENT,ID_BIEN,ANNEE,MONTANT,VALEUR_RESIDUELLE,DATE_CALCUL) values ('44','101','2028','400000','4400000',to_date('03/06/25','DD/MM/RR'));
Insert into SYSTEM.AMORTISSEMENTS (ID_AMORTISSEMENT,ID_BIEN,ANNEE,MONTANT,VALEUR_RESIDUELLE,DATE_CALCUL) values ('45','101','2029','400000','4000000',to_date('03/06/25','DD/MM/RR'));
Insert into SYSTEM.AMORTISSEMENTS (ID_AMORTISSEMENT,ID_BIEN,ANNEE,MONTANT,VALEUR_RESIDUELLE,DATE_CALCUL) values ('46','101','2030','400000','3600000',to_date('03/06/25','DD/MM/RR'));
Insert into SYSTEM.AMORTISSEMENTS (ID_AMORTISSEMENT,ID_BIEN,ANNEE,MONTANT,VALEUR_RESIDUELLE,DATE_CALCUL) values ('47','101','2031','400000','3200000',to_date('03/06/25','DD/MM/RR'));
Insert into SYSTEM.AMORTISSEMENTS (ID_AMORTISSEMENT,ID_BIEN,ANNEE,MONTANT,VALEUR_RESIDUELLE,DATE_CALCUL) values ('48','101','2032','400000','2800000',to_date('03/06/25','DD/MM/RR'));
Insert into SYSTEM.AMORTISSEMENTS (ID_AMORTISSEMENT,ID_BIEN,ANNEE,MONTANT,VALEUR_RESIDUELLE,DATE_CALCUL) values ('49','101','2033','400000','2400000',to_date('03/06/25','DD/MM/RR'));
Insert into SYSTEM.AMORTISSEMENTS (ID_AMORTISSEMENT,ID_BIEN,ANNEE,MONTANT,VALEUR_RESIDUELLE,DATE_CALCUL) values ('50','101','2034','400000','2000000',to_date('03/06/25','DD/MM/RR'));
Insert into SYSTEM.AMORTISSEMENTS (ID_AMORTISSEMENT,ID_BIEN,ANNEE,MONTANT,VALEUR_RESIDUELLE,DATE_CALCUL) values ('51','101','2035','400000','1600000',to_date('03/06/25','DD/MM/RR'));
Insert into SYSTEM.AMORTISSEMENTS (ID_AMORTISSEMENT,ID_BIEN,ANNEE,MONTANT,VALEUR_RESIDUELLE,DATE_CALCUL) values ('52','101','2036','400000','1200000',to_date('03/06/25','DD/MM/RR'));
Insert into SYSTEM.AMORTISSEMENTS (ID_AMORTISSEMENT,ID_BIEN,ANNEE,MONTANT,VALEUR_RESIDUELLE,DATE_CALCUL) values ('53','101','2037','400000','800000',to_date('03/06/25','DD/MM/RR'));
Insert into SYSTEM.AMORTISSEMENTS (ID_AMORTISSEMENT,ID_BIEN,ANNEE,MONTANT,VALEUR_RESIDUELLE,DATE_CALCUL) values ('54','101','2038','400000','400000',to_date('03/06/25','DD/MM/RR'));
Insert into SYSTEM.AMORTISSEMENTS (ID_AMORTISSEMENT,ID_BIEN,ANNEE,MONTANT,VALEUR_RESIDUELLE,DATE_CALCUL) values ('55','101','2039','400000','0',to_date('03/06/25','DD/MM/RR'));
Insert into SYSTEM.AMORTISSEMENTS (ID_AMORTISSEMENT,ID_BIEN,ANNEE,MONTANT,VALEUR_RESIDUELLE,DATE_CALCUL) values ('116','3','2023','40000','80000',to_date('07/07/25','DD/MM/RR'));
Insert into SYSTEM.AMORTISSEMENTS (ID_AMORTISSEMENT,ID_BIEN,ANNEE,MONTANT,VALEUR_RESIDUELLE,DATE_CALCUL) values ('117','3','2024','40000','40000',to_date('07/07/25','DD/MM/RR'));
Insert into SYSTEM.AMORTISSEMENTS (ID_AMORTISSEMENT,ID_BIEN,ANNEE,MONTANT,VALEUR_RESIDUELLE,DATE_CALCUL) values ('118','3','2025','40000','0',to_date('07/07/25','DD/MM/RR'));
Insert into SYSTEM.AMORTISSEMENTS (ID_AMORTISSEMENT,ID_BIEN,ANNEE,MONTANT,VALEUR_RESIDUELLE,DATE_CALCUL) values ('96','102','2028','300000','300000',to_date('03/07/25','DD/MM/RR'));
Insert into SYSTEM.AMORTISSEMENTS (ID_AMORTISSEMENT,ID_BIEN,ANNEE,MONTANT,VALEUR_RESIDUELLE,DATE_CALCUL) values ('97','102','2029','300000','0',to_date('03/07/25','DD/MM/RR'));
Insert into SYSTEM.AMORTISSEMENTS (ID_AMORTISSEMENT,ID_BIEN,ANNEE,MONTANT,VALEUR_RESIDUELLE,DATE_CALCUL) values ('101','61','2025','66666,67','933333,33',to_date('07/07/25','DD/MM/RR'));
Insert into SYSTEM.AMORTISSEMENTS (ID_AMORTISSEMENT,ID_BIEN,ANNEE,MONTANT,VALEUR_RESIDUELLE,DATE_CALCUL) values ('102','61','2026','66666,67','866666,67',to_date('07/07/25','DD/MM/RR'));
Insert into SYSTEM.AMORTISSEMENTS (ID_AMORTISSEMENT,ID_BIEN,ANNEE,MONTANT,VALEUR_RESIDUELLE,DATE_CALCUL) values ('103','61','2027','66666,67','800000',to_date('07/07/25','DD/MM/RR'));
Insert into SYSTEM.AMORTISSEMENTS (ID_AMORTISSEMENT,ID_BIEN,ANNEE,MONTANT,VALEUR_RESIDUELLE,DATE_CALCUL) values ('104','61','2028','66666,67','733333,33',to_date('07/07/25','DD/MM/RR'));
Insert into SYSTEM.AMORTISSEMENTS (ID_AMORTISSEMENT,ID_BIEN,ANNEE,MONTANT,VALEUR_RESIDUELLE,DATE_CALCUL) values ('86','21','2027','3500','10500',to_date('03/07/25','DD/MM/RR'));
Insert into SYSTEM.AMORTISSEMENTS (ID_AMORTISSEMENT,ID_BIEN,ANNEE,MONTANT,VALEUR_RESIDUELLE,DATE_CALCUL) values ('87','21','2028','3500','7000',to_date('03/07/25','DD/MM/RR'));
Insert into SYSTEM.AMORTISSEMENTS (ID_AMORTISSEMENT,ID_BIEN,ANNEE,MONTANT,VALEUR_RESIDUELLE,DATE_CALCUL) values ('88','21','2029','3500','3500',to_date('03/07/25','DD/MM/RR'));
Insert into SYSTEM.AMORTISSEMENTS (ID_AMORTISSEMENT,ID_BIEN,ANNEE,MONTANT,VALEUR_RESIDUELLE,DATE_CALCUL) values ('89','21','2030','3500','0',to_date('03/07/25','DD/MM/RR'));
Insert into SYSTEM.AMORTISSEMENTS (ID_AMORTISSEMENT,ID_BIEN,ANNEE,MONTANT,VALEUR_RESIDUELLE,DATE_CALCUL) values ('90','81','2025','333,33','666,67',to_date('03/07/25','DD/MM/RR'));
Insert into SYSTEM.AMORTISSEMENTS (ID_AMORTISSEMENT,ID_BIEN,ANNEE,MONTANT,VALEUR_RESIDUELLE,DATE_CALCUL) values ('91','81','2026','333,33','333,33',to_date('03/07/25','DD/MM/RR'));
Insert into SYSTEM.AMORTISSEMENTS (ID_AMORTISSEMENT,ID_BIEN,ANNEE,MONTANT,VALEUR_RESIDUELLE,DATE_CALCUL) values ('92','81','2027','333,33','0',to_date('03/07/25','DD/MM/RR'));
Insert into SYSTEM.AMORTISSEMENTS (ID_AMORTISSEMENT,ID_BIEN,ANNEE,MONTANT,VALEUR_RESIDUELLE,DATE_CALCUL) values ('105','61','2029','66666,67','666666,67',to_date('07/07/25','DD/MM/RR'));
Insert into SYSTEM.AMORTISSEMENTS (ID_AMORTISSEMENT,ID_BIEN,ANNEE,MONTANT,VALEUR_RESIDUELLE,DATE_CALCUL) values ('106','61','2030','66666,67','600000',to_date('07/07/25','DD/MM/RR'));
Insert into SYSTEM.AMORTISSEMENTS (ID_AMORTISSEMENT,ID_BIEN,ANNEE,MONTANT,VALEUR_RESIDUELLE,DATE_CALCUL) values ('107','61','2031','66666,67','533333,33',to_date('07/07/25','DD/MM/RR'));
Insert into SYSTEM.AMORTISSEMENTS (ID_AMORTISSEMENT,ID_BIEN,ANNEE,MONTANT,VALEUR_RESIDUELLE,DATE_CALCUL) values ('108','61','2032','66666,67','466666,67',to_date('07/07/25','DD/MM/RR'));
Insert into SYSTEM.AMORTISSEMENTS (ID_AMORTISSEMENT,ID_BIEN,ANNEE,MONTANT,VALEUR_RESIDUELLE,DATE_CALCUL) values ('109','61','2033','66666,67','400000',to_date('07/07/25','DD/MM/RR'));
Insert into SYSTEM.AMORTISSEMENTS (ID_AMORTISSEMENT,ID_BIEN,ANNEE,MONTANT,VALEUR_RESIDUELLE,DATE_CALCUL) values ('110','61','2034','66666,67','333333,33',to_date('07/07/25','DD/MM/RR'));
Insert into SYSTEM.AMORTISSEMENTS (ID_AMORTISSEMENT,ID_BIEN,ANNEE,MONTANT,VALEUR_RESIDUELLE,DATE_CALCUL) values ('111','61','2035','66666,67','266666,67',to_date('07/07/25','DD/MM/RR'));
Insert into SYSTEM.AMORTISSEMENTS (ID_AMORTISSEMENT,ID_BIEN,ANNEE,MONTANT,VALEUR_RESIDUELLE,DATE_CALCUL) values ('112','61','2036','66666,67','200000',to_date('07/07/25','DD/MM/RR'));
Insert into SYSTEM.AMORTISSEMENTS (ID_AMORTISSEMENT,ID_BIEN,ANNEE,MONTANT,VALEUR_RESIDUELLE,DATE_CALCUL) values ('113','61','2037','66666,67','133333,33',to_date('07/07/25','DD/MM/RR'));
Insert into SYSTEM.AMORTISSEMENTS (ID_AMORTISSEMENT,ID_BIEN,ANNEE,MONTANT,VALEUR_RESIDUELLE,DATE_CALCUL) values ('114','61','2038','66666,67','66666,67',to_date('07/07/25','DD/MM/RR'));
Insert into SYSTEM.AMORTISSEMENTS (ID_AMORTISSEMENT,ID_BIEN,ANNEE,MONTANT,VALEUR_RESIDUELLE,DATE_CALCUL) values ('115','61','2039','66666,67','0',to_date('07/07/25','DD/MM/RR'));
REM INSERTING into SYSTEM.BIEN_AGENCE
SET DEFINE OFF;
Insert into SYSTEM.BIEN_AGENCE (ID_BIEN,ID_AGENCE,DATE_AFFECTATION,QUANTITE,QUANTITE_CONSO,FONCTION) values ('3','1',to_date('19/05/25','DD/MM/RR'),'2',null,'Comptabilité');
Insert into SYSTEM.BIEN_AGENCE (ID_BIEN,ID_AGENCE,DATE_AFFECTATION,QUANTITE,QUANTITE_CONSO,FONCTION) values ('3','2',to_date('19/06/25','DD/MM/RR'),'12','2','Marketing');
Insert into SYSTEM.BIEN_AGENCE (ID_BIEN,ID_AGENCE,DATE_AFFECTATION,QUANTITE,QUANTITE_CONSO,FONCTION) values ('21','81',to_date('29/05/25','DD/MM/RR'),'1',null,'Comptabilité');
Insert into SYSTEM.BIEN_AGENCE (ID_BIEN,ID_AGENCE,DATE_AFFECTATION,QUANTITE,QUANTITE_CONSO,FONCTION) values ('21','81',to_date('29/05/25','DD/MM/RR'),'1',null,'Comptabilité');
Insert into SYSTEM.BIEN_AGENCE (ID_BIEN,ID_AGENCE,DATE_AFFECTATION,QUANTITE,QUANTITE_CONSO,FONCTION) values ('21','41',to_date('19/06/25','DD/MM/RR'),'10',null,'Comptabilité');
Insert into SYSTEM.BIEN_AGENCE (ID_BIEN,ID_AGENCE,DATE_AFFECTATION,QUANTITE,QUANTITE_CONSO,FONCTION) values ('62','2',to_date('19/06/25','DD/MM/RR'),'5','3','Marketing');
Insert into SYSTEM.BIEN_AGENCE (ID_BIEN,ID_AGENCE,DATE_AFFECTATION,QUANTITE,QUANTITE_CONSO,FONCTION) values ('102','2',to_date('18/06/25','DD/MM/RR'),'1','2','Marketing');
Insert into SYSTEM.BIEN_AGENCE (ID_BIEN,ID_AGENCE,DATE_AFFECTATION,QUANTITE,QUANTITE_CONSO,FONCTION) values ('61','2',to_date('19/06/25','DD/MM/RR'),'0','2','Marketing');
Insert into SYSTEM.BIEN_AGENCE (ID_BIEN,ID_AGENCE,DATE_AFFECTATION,QUANTITE,QUANTITE_CONSO,FONCTION) values ('62','82',to_date('29/05/25','DD/MM/RR'),'20',null,'Comptabilité');
Insert into SYSTEM.BIEN_AGENCE (ID_BIEN,ID_AGENCE,DATE_AFFECTATION,QUANTITE,QUANTITE_CONSO,FONCTION) values ('3','1',to_date('19/06/25','DD/MM/RR'),'2','0','Comptabilité');
Insert into SYSTEM.BIEN_AGENCE (ID_BIEN,ID_AGENCE,DATE_AFFECTATION,QUANTITE,QUANTITE_CONSO,FONCTION) values ('2','2',to_date('26/06/25','DD/MM/RR'),'2','1','Direction');
Insert into SYSTEM.BIEN_AGENCE (ID_BIEN,ID_AGENCE,DATE_AFFECTATION,QUANTITE,QUANTITE_CONSO,FONCTION) values ('21','101',to_date('26/06/25','DD/MM/RR'),'1','0','Ressources Humaines');
Insert into SYSTEM.BIEN_AGENCE (ID_BIEN,ID_AGENCE,DATE_AFFECTATION,QUANTITE,QUANTITE_CONSO,FONCTION) values ('21','81',to_date('26/06/25','DD/MM/RR'),'2','0','Informatique');
Insert into SYSTEM.BIEN_AGENCE (ID_BIEN,ID_AGENCE,DATE_AFFECTATION,QUANTITE,QUANTITE_CONSO,FONCTION) values ('21','41',to_date('26/06/25','DD/MM/RR'),'10','0','Informatique');
Insert into SYSTEM.BIEN_AGENCE (ID_BIEN,ID_AGENCE,DATE_AFFECTATION,QUANTITE,QUANTITE_CONSO,FONCTION) values ('101','82',to_date('26/06/25','DD/MM/RR'),'1','0','Logistique');
Insert into SYSTEM.BIEN_AGENCE (ID_BIEN,ID_AGENCE,DATE_AFFECTATION,QUANTITE,QUANTITE_CONSO,FONCTION) values ('101','2',to_date('26/06/25','DD/MM/RR'),'1','1','Comptabilité');
Insert into SYSTEM.BIEN_AGENCE (ID_BIEN,ID_AGENCE,DATE_AFFECTATION,QUANTITE,QUANTITE_CONSO,FONCTION) values ('3','1',to_date('26/06/25','DD/MM/RR'),'4','0','Informatique');
Insert into SYSTEM.BIEN_AGENCE (ID_BIEN,ID_AGENCE,DATE_AFFECTATION,QUANTITE,QUANTITE_CONSO,FONCTION) values ('3','2',to_date('26/06/25','DD/MM/RR'),'12','0','Direction');
Insert into SYSTEM.BIEN_AGENCE (ID_BIEN,ID_AGENCE,DATE_AFFECTATION,QUANTITE,QUANTITE_CONSO,FONCTION) values ('3','102',to_date('26/06/25','DD/MM/RR'),'6','0','Comptabilité');
Insert into SYSTEM.BIEN_AGENCE (ID_BIEN,ID_AGENCE,DATE_AFFECTATION,QUANTITE,QUANTITE_CONSO,FONCTION) values ('3','102',to_date('30/06/25','DD/MM/RR'),'6','0','Direction');
Insert into SYSTEM.BIEN_AGENCE (ID_BIEN,ID_AGENCE,DATE_AFFECTATION,QUANTITE,QUANTITE_CONSO,FONCTION) values ('3','1',to_date('30/06/25','DD/MM/RR'),'6','0','Direction');
Insert into SYSTEM.BIEN_AGENCE (ID_BIEN,ID_AGENCE,DATE_AFFECTATION,QUANTITE,QUANTITE_CONSO,FONCTION) values ('3','101',to_date('30/06/25','DD/MM/RR'),'3','0','Informatique');
Insert into SYSTEM.BIEN_AGENCE (ID_BIEN,ID_AGENCE,DATE_AFFECTATION,QUANTITE,QUANTITE_CONSO,FONCTION) values ('3','2',to_date('30/06/25','DD/MM/RR'),'24','0','Direction');
Insert into SYSTEM.BIEN_AGENCE (ID_BIEN,ID_AGENCE,DATE_AFFECTATION,QUANTITE,QUANTITE_CONSO,FONCTION) values ('63','2',to_date('30/06/25','DD/MM/RR'),'6','2','Logistique');
Insert into SYSTEM.BIEN_AGENCE (ID_BIEN,ID_AGENCE,DATE_AFFECTATION,QUANTITE,QUANTITE_CONSO,FONCTION) values ('63','1',to_date('01/07/25','DD/MM/RR'),'1','0','Comptabilité');
Insert into SYSTEM.BIEN_AGENCE (ID_BIEN,ID_AGENCE,DATE_AFFECTATION,QUANTITE,QUANTITE_CONSO,FONCTION) values ('101','1',to_date('03/07/25','DD/MM/RR'),'3','0','Comptabilité');
Insert into SYSTEM.BIEN_AGENCE (ID_BIEN,ID_AGENCE,DATE_AFFECTATION,QUANTITE,QUANTITE_CONSO,FONCTION) values ('2','1',to_date('03/07/25','DD/MM/RR'),'3','0','Comptabilité');
Insert into SYSTEM.BIEN_AGENCE (ID_BIEN,ID_AGENCE,DATE_AFFECTATION,QUANTITE,QUANTITE_CONSO,FONCTION) values ('82','1',to_date('01/07/25','DD/MM/RR'),'1','0','Marketing');
Insert into SYSTEM.BIEN_AGENCE (ID_BIEN,ID_AGENCE,DATE_AFFECTATION,QUANTITE,QUANTITE_CONSO,FONCTION) values ('81','2',to_date('04/07/25','DD/MM/RR'),'2','2','Marketing');
Insert into SYSTEM.BIEN_AGENCE (ID_BIEN,ID_AGENCE,DATE_AFFECTATION,QUANTITE,QUANTITE_CONSO,FONCTION) values ('102','102',to_date('03/07/25','DD/MM/RR'),'4','0','Comptabilité');
Insert into SYSTEM.BIEN_AGENCE (ID_BIEN,ID_AGENCE,DATE_AFFECTATION,QUANTITE,QUANTITE_CONSO,FONCTION) values ('102','2',to_date('04/07/25','DD/MM/RR'),'2','0','Marketing');
Insert into SYSTEM.BIEN_AGENCE (ID_BIEN,ID_AGENCE,DATE_AFFECTATION,QUANTITE,QUANTITE_CONSO,FONCTION) values ('81','1',to_date('03/07/25','DD/MM/RR'),'1','0','Comptabilité');
Insert into SYSTEM.BIEN_AGENCE (ID_BIEN,ID_AGENCE,DATE_AFFECTATION,QUANTITE,QUANTITE_CONSO,FONCTION) values ('102','1',to_date('03/07/25','DD/MM/RR'),'3','0','Comptabilité');
Insert into SYSTEM.BIEN_AGENCE (ID_BIEN,ID_AGENCE,DATE_AFFECTATION,QUANTITE,QUANTITE_CONSO,FONCTION) values ('21','102',to_date('03/07/25','DD/MM/RR'),'1','0','Marketing');
Insert into SYSTEM.BIEN_AGENCE (ID_BIEN,ID_AGENCE,DATE_AFFECTATION,QUANTITE,QUANTITE_CONSO,FONCTION) values ('101','41',to_date('04/07/25','DD/MM/RR'),'2','0','Ressources Humaines');
Insert into SYSTEM.BIEN_AGENCE (ID_BIEN,ID_AGENCE,DATE_AFFECTATION,QUANTITE,QUANTITE_CONSO,FONCTION) values ('3','2',to_date('04/07/25','DD/MM/RR'),'1','0','Logistique');
Insert into SYSTEM.BIEN_AGENCE (ID_BIEN,ID_AGENCE,DATE_AFFECTATION,QUANTITE,QUANTITE_CONSO,FONCTION) values ('21','1',to_date('04/07/25','DD/MM/RR'),'2','0','Comptabilité');
Insert into SYSTEM.BIEN_AGENCE (ID_BIEN,ID_AGENCE,DATE_AFFECTATION,QUANTITE,QUANTITE_CONSO,FONCTION) values ('21','101',to_date('07/07/25','DD/MM/RR'),'4','0','Ressources Humaines');
REM INSERTING into SYSTEM.CATEGORIES
SET DEFINE OFF;
Insert into SYSTEM.CATEGORIES (ID_CATEGORIE,NOM_CATEGORIE,DUREE_AMORTISSEMENT) values ('1','Matériel informatique','3');
Insert into SYSTEM.CATEGORIES (ID_CATEGORIE,NOM_CATEGORIE,DUREE_AMORTISSEMENT) values ('2','Mobilier de bureau','6');
Insert into SYSTEM.CATEGORIES (ID_CATEGORIE,NOM_CATEGORIE,DUREE_AMORTISSEMENT) values ('21','Terrain','5');
Insert into SYSTEM.CATEGORIES (ID_CATEGORIE,NOM_CATEGORIE,DUREE_AMORTISSEMENT) values ('22','Construction','10');
Insert into SYSTEM.CATEGORIES (ID_CATEGORIE,NOM_CATEGORIE,DUREE_AMORTISSEMENT) values ('61','Licence Logiciel Informatique','5');
Insert into SYSTEM.CATEGORIES (ID_CATEGORIE,NOM_CATEGORIE,DUREE_AMORTISSEMENT) values ('24','Mobilier','8');
Insert into SYSTEM.CATEGORIES (ID_CATEGORIE,NOM_CATEGORIE,DUREE_AMORTISSEMENT) values ('41','Matériel de Transport','15');
REM INSERTING into SYSTEM.ENTREE_FOURNITURES
SET DEFINE OFF;
Insert into SYSTEM.ENTREE_FOURNITURES (ID,FOURNITURE_ID,QUANTITE_ENTREE,DATE_ENTREE,PRIX_UNITAIRE,MONTANT) values ('1','1','75',to_date('28/05/25','DD/MM/RR'),'500','37500');
Insert into SYSTEM.ENTREE_FOURNITURES (ID,FOURNITURE_ID,QUANTITE_ENTREE,DATE_ENTREE,PRIX_UNITAIRE,MONTANT) values ('3','65','4',to_date('27/05/25','DD/MM/RR'),'200','800');
Insert into SYSTEM.ENTREE_FOURNITURES (ID,FOURNITURE_ID,QUANTITE_ENTREE,DATE_ENTREE,PRIX_UNITAIRE,MONTANT) values ('28','65','50',to_date('03/06/25','DD/MM/RR'),'250','12500');
Insert into SYSTEM.ENTREE_FOURNITURES (ID,FOURNITURE_ID,QUANTITE_ENTREE,DATE_ENTREE,PRIX_UNITAIRE,MONTANT) values ('5','121','200',to_date('28/05/25','DD/MM/RR'),'2500','500000');
Insert into SYSTEM.ENTREE_FOURNITURES (ID,FOURNITURE_ID,QUANTITE_ENTREE,DATE_ENTREE,PRIX_UNITAIRE,MONTANT) values ('6','67','7',to_date('27/05/25','DD/MM/RR'),'800000','5600000');
Insert into SYSTEM.ENTREE_FOURNITURES (ID,FOURNITURE_ID,QUANTITE_ENTREE,DATE_ENTREE,PRIX_UNITAIRE,MONTANT) values ('7','82','115',to_date('28/05/25','DD/MM/RR'),'800','92000');
Insert into SYSTEM.ENTREE_FOURNITURES (ID,FOURNITURE_ID,QUANTITE_ENTREE,DATE_ENTREE,PRIX_UNITAIRE,MONTANT) values ('8','66','55',to_date('27/05/25','DD/MM/RR'),'500','27500');
Insert into SYSTEM.ENTREE_FOURNITURES (ID,FOURNITURE_ID,QUANTITE_ENTREE,DATE_ENTREE,PRIX_UNITAIRE,MONTANT) values ('9','141','60',to_date('30/05/25','DD/MM/RR'),'50','3000');
Insert into SYSTEM.ENTREE_FOURNITURES (ID,FOURNITURE_ID,QUANTITE_ENTREE,DATE_ENTREE,PRIX_UNITAIRE,MONTANT) values ('10','142','35',to_date('30/05/25','DD/MM/RR'),'500','17500');
Insert into SYSTEM.ENTREE_FOURNITURES (ID,FOURNITURE_ID,QUANTITE_ENTREE,DATE_ENTREE,PRIX_UNITAIRE,MONTANT) values ('21','161','50',to_date('02/06/25','DD/MM/RR'),'2000','100000');
Insert into SYSTEM.ENTREE_FOURNITURES (ID,FOURNITURE_ID,QUANTITE_ENTREE,DATE_ENTREE,PRIX_UNITAIRE,MONTANT) values ('22','1','150',to_date('02/06/25','DD/MM/RR'),'400','60000');
Insert into SYSTEM.ENTREE_FOURNITURES (ID,FOURNITURE_ID,QUANTITE_ENTREE,DATE_ENTREE,PRIX_UNITAIRE,MONTANT) values ('23','162','52',to_date('02/06/25','DD/MM/RR'),'200','10400');
Insert into SYSTEM.ENTREE_FOURNITURES (ID,FOURNITURE_ID,QUANTITE_ENTREE,DATE_ENTREE,PRIX_UNITAIRE,MONTANT) values ('24','1','245',to_date('02/06/25','DD/MM/RR'),'400','98000');
Insert into SYSTEM.ENTREE_FOURNITURES (ID,FOURNITURE_ID,QUANTITE_ENTREE,DATE_ENTREE,PRIX_UNITAIRE,MONTANT) values ('25','67','10',to_date('02/06/25','DD/MM/RR'),'800000','8000000');
Insert into SYSTEM.ENTREE_FOURNITURES (ID,FOURNITURE_ID,QUANTITE_ENTREE,DATE_ENTREE,PRIX_UNITAIRE,MONTANT) values ('26','121','30',to_date('02/06/25','DD/MM/RR'),'500','15000');
Insert into SYSTEM.ENTREE_FOURNITURES (ID,FOURNITURE_ID,QUANTITE_ENTREE,DATE_ENTREE,PRIX_UNITAIRE,MONTANT) values ('27','141','50',to_date('02/06/25','DD/MM/RR'),'50','2500');
Insert into SYSTEM.ENTREE_FOURNITURES (ID,FOURNITURE_ID,QUANTITE_ENTREE,DATE_ENTREE,PRIX_UNITAIRE,MONTANT) values ('29','67','25',to_date('03/06/25','DD/MM/RR'),'1000000','25000000');
Insert into SYSTEM.ENTREE_FOURNITURES (ID,FOURNITURE_ID,QUANTITE_ENTREE,DATE_ENTREE,PRIX_UNITAIRE,MONTANT) values ('30','82','25',to_date('03/06/25','DD/MM/RR'),'1500','37500');
Insert into SYSTEM.ENTREE_FOURNITURES (ID,FOURNITURE_ID,QUANTITE_ENTREE,DATE_ENTREE,PRIX_UNITAIRE,MONTANT) values ('31','67','20',to_date('03/06/25','DD/MM/RR'),'1200000','24000000');
Insert into SYSTEM.ENTREE_FOURNITURES (ID,FOURNITURE_ID,QUANTITE_ENTREE,DATE_ENTREE,PRIX_UNITAIRE,MONTANT) values ('32','82','15',to_date('03/06/25','DD/MM/RR'),'2000','30000');
Insert into SYSTEM.ENTREE_FOURNITURES (ID,FOURNITURE_ID,QUANTITE_ENTREE,DATE_ENTREE,PRIX_UNITAIRE,MONTANT) values ('41','142','25',to_date('19/06/25','DD/MM/RR'),'150','3750');
Insert into SYSTEM.ENTREE_FOURNITURES (ID,FOURNITURE_ID,QUANTITE_ENTREE,DATE_ENTREE,PRIX_UNITAIRE,MONTANT) values ('42','1','438',to_date('19/06/25','DD/MM/RR'),'400','175200');
Insert into SYSTEM.ENTREE_FOURNITURES (ID,FOURNITURE_ID,QUANTITE_ENTREE,DATE_ENTREE,PRIX_UNITAIRE,MONTANT) values ('43','1','868',to_date('19/06/25','DD/MM/RR'),'400','347200');
Insert into SYSTEM.ENTREE_FOURNITURES (ID,FOURNITURE_ID,QUANTITE_ENTREE,DATE_ENTREE,PRIX_UNITAIRE,MONTANT) values ('44','1','1728',to_date('19/06/25','DD/MM/RR'),'400','691200');
Insert into SYSTEM.ENTREE_FOURNITURES (ID,FOURNITURE_ID,QUANTITE_ENTREE,DATE_ENTREE,PRIX_UNITAIRE,MONTANT) values ('45','141','100',to_date('19/06/25','DD/MM/RR'),'50','5000');
Insert into SYSTEM.ENTREE_FOURNITURES (ID,FOURNITURE_ID,QUANTITE_ENTREE,DATE_ENTREE,PRIX_UNITAIRE,MONTANT) values ('46','161','45',to_date('20/06/25','DD/MM/RR'),'2000','90000');
Insert into SYSTEM.ENTREE_FOURNITURES (ID,FOURNITURE_ID,QUANTITE_ENTREE,DATE_ENTREE,PRIX_UNITAIRE,MONTANT) values ('47','65','54',to_date('20/06/25','DD/MM/RR'),'250','13500');
Insert into SYSTEM.ENTREE_FOURNITURES (ID,FOURNITURE_ID,QUANTITE_ENTREE,DATE_ENTREE,PRIX_UNITAIRE,MONTANT) values ('61','121','200',to_date('24/06/25','DD/MM/RR'),'500','100000');
Insert into SYSTEM.ENTREE_FOURNITURES (ID,FOURNITURE_ID,QUANTITE_ENTREE,DATE_ENTREE,PRIX_UNITAIRE,MONTANT) values ('81','82','144',to_date('07/07/25','DD/MM/RR'),'2000','288000');
REM INSERTING into SYSTEM.FOURNITURES
SET DEFINE OFF;
Insert into SYSTEM.FOURNITURES (ID,NOM,PRIX_UNITAIRE,QUANTITE_RESTANTE,CATEGORIE) values ('1','Stylos','400','3447','Fournitures de Bureau');
Insert into SYSTEM.FOURNITURES (ID,NOM,PRIX_UNITAIRE,QUANTITE_RESTANTE,CATEGORIE) values ('65','Tableau','250','104','Fournitures d''Entretien');
Insert into SYSTEM.FOURNITURES (ID,NOM,PRIX_UNITAIRE,QUANTITE_RESTANTE,CATEGORIE) values ('121','Cable','500','391','Matériel Informatique');
Insert into SYSTEM.FOURNITURES (ID,NOM,PRIX_UNITAIRE,QUANTITE_RESTANTE,CATEGORIE) values ('67','Ordi','1200000','54','Matériel Informatique');
Insert into SYSTEM.FOURNITURES (ID,NOM,PRIX_UNITAIRE,QUANTITE_RESTANTE,CATEGORIE) values ('82','Carton','2000','284','Fournitures d''Entretien');
Insert into SYSTEM.FOURNITURES (ID,NOM,PRIX_UNITAIRE,QUANTITE_RESTANTE,CATEGORIE) values ('66','L64','500','55','Livret');
Insert into SYSTEM.FOURNITURES (ID,NOM,PRIX_UNITAIRE,QUANTITE_RESTANTE,CATEGORIE) values ('141','Papier','50','183','Fournitures de Bureau');
Insert into SYSTEM.FOURNITURES (ID,NOM,PRIX_UNITAIRE,QUANTITE_RESTANTE,CATEGORIE) values ('142','Règle','150','55','Fournitures de Bureau');
Insert into SYSTEM.FOURNITURES (ID,NOM,PRIX_UNITAIRE,QUANTITE_RESTANTE,CATEGORIE) values ('161','Sac','2000','85','Fournitures d''Entretien');
Insert into SYSTEM.FOURNITURES (ID,NOM,PRIX_UNITAIRE,QUANTITE_RESTANTE,CATEGORIE) values ('162','Marqueur','200','52','Fournitures de Bureau');
REM INSERTING into SYSTEM.HELP
SET DEFINE OFF;
REM INSERTING into SYSTEM.IMMOBILISATIONS
SET DEFINE OFF;
Insert into SYSTEM.IMMOBILISATIONS (ID_BIEN,NOM_BIEN,DATE_ACQUISITION,VALEUR_ACQUISITION,ID_CATEGORIE,DUREE_PERSONNALISEE,STATUT,QUANTITE,CODE_BARRE) values ('2','Ordinateur portable Asus',to_date('15/01/23','DD/MM/RR'),'15000000','1',null,'actif','8','0000000000000');
Insert into SYSTEM.IMMOBILISATIONS (ID_BIEN,NOM_BIEN,DATE_ACQUISITION,VALEUR_ACQUISITION,ID_CATEGORIE,DUREE_PERSONNALISEE,STATUT,QUANTITE,CODE_BARRE) values ('3','Ordinateur portable HP',to_date('15/01/23','DD/MM/RR'),'120000','1',null,'actif','30','0000000000000');
Insert into SYSTEM.IMMOBILISATIONS (ID_BIEN,NOM_BIEN,DATE_ACQUISITION,VALEUR_ACQUISITION,ID_CATEGORIE,DUREE_PERSONNALISEE,STATUT,QUANTITE,CODE_BARRE) values ('21','Table',to_date('17/05/25','DD/MM/RR'),'21000','2',null,'actif','19','0000000000000');
Insert into SYSTEM.IMMOBILISATIONS (ID_BIEN,NOM_BIEN,DATE_ACQUISITION,VALEUR_ACQUISITION,ID_CATEGORIE,DUREE_PERSONNALISEE,STATUT,QUANTITE,CODE_BARRE) values ('62','Maison',to_date('29/05/25','DD/MM/RR'),'5000000','22',null,'actif','12','9785073558139');
Insert into SYSTEM.IMMOBILISATIONS (ID_BIEN,NOM_BIEN,DATE_ACQUISITION,VALEUR_ACQUISITION,ID_CATEGORIE,DUREE_PERSONNALISEE,STATUT,QUANTITE,CODE_BARRE) values ('81','Ordinateur portable',to_date('05/05/25','DD/MM/RR'),'1000','1',null,'actif','18','123456789');
Insert into SYSTEM.IMMOBILISATIONS (ID_BIEN,NOM_BIEN,DATE_ACQUISITION,VALEUR_ACQUISITION,ID_CATEGORIE,DUREE_PERSONNALISEE,STATUT,QUANTITE,CODE_BARRE) values ('82','Voiture 4X4',to_date('03/06/25','DD/MM/RR'),'5000000','41',null,'actif','9','9780074750643');
Insert into SYSTEM.IMMOBILISATIONS (ID_BIEN,NOM_BIEN,DATE_ACQUISITION,VALEUR_ACQUISITION,ID_CATEGORIE,DUREE_PERSONNALISEE,STATUT,QUANTITE,CODE_BARRE) values ('61','Voiture',to_date('28/05/25','DD/MM/RR'),'1000000','41',null,'actif','69','9782485368875');
Insert into SYSTEM.IMMOBILISATIONS (ID_BIEN,NOM_BIEN,DATE_ACQUISITION,VALEUR_ACQUISITION,ID_CATEGORIE,DUREE_PERSONNALISEE,STATUT,QUANTITE,CODE_BARRE) values ('63','Armoire',to_date('17/05/25','DD/MM/RR'),'50000','24',null,'actif','14','0000000000000');
Insert into SYSTEM.IMMOBILISATIONS (ID_BIEN,NOM_BIEN,DATE_ACQUISITION,VALEUR_ACQUISITION,ID_CATEGORIE,DUREE_PERSONNALISEE,STATUT,QUANTITE,CODE_BARRE) values ('101','jeep',to_date('03/06/25','DD/MM/RR'),'6000000','41',null,'actif','6','9787455920060');
Insert into SYSTEM.IMMOBILISATIONS (ID_BIEN,NOM_BIEN,DATE_ACQUISITION,VALEUR_ACQUISITION,ID_CATEGORIE,DUREE_PERSONNALISEE,STATUT,QUANTITE,CODE_BARRE) values ('102','Terrain',to_date('03/06/25','DD/MM/RR'),'1500000','21',null,'actif','26','9783075366158');
REM INSERTING into SYSTEM.LOCALISATIONS
SET DEFINE OFF;
REM INSERTING into SYSTEM.NOTIFICATIONS
SET DEFINE OFF;
Insert into SYSTEM.NOTIFICATIONS (ID,USER_ID,AGENCE_ID,FOURNITURE_ID,BIEN_ID,TITRE,DATE_DEMANDE,STATUT) values ('1','121','2','1',null,'Demande de Ankatso par Utilisateur',to_timestamp('17/06/25 08:04:40,386302000','DD/MM/RR HH24:MI:SSXFF'),'En attente');
Insert into SYSTEM.NOTIFICATIONS (ID,USER_ID,AGENCE_ID,FOURNITURE_ID,BIEN_ID,TITRE,DATE_DEMANDE,STATUT) values ('2','121','2','67',null,'Demande de Ankatso par Utilisateur',to_timestamp('17/06/25 08:08:39,059256000','DD/MM/RR HH24:MI:SSXFF'),'En attente');
Insert into SYSTEM.NOTIFICATIONS (ID,USER_ID,AGENCE_ID,FOURNITURE_ID,BIEN_ID,TITRE,DATE_DEMANDE,STATUT) values ('3','121','2',null,'3','Demande de Ankatso par Utilisateur',to_timestamp('17/06/25 08:11:11,351564000','DD/MM/RR HH24:MI:SSXFF'),'En attente');
Insert into SYSTEM.NOTIFICATIONS (ID,USER_ID,AGENCE_ID,FOURNITURE_ID,BIEN_ID,TITRE,DATE_DEMANDE,STATUT) values ('4','121','2',null,'62','Demande de Ankatso par Utilisateur',to_timestamp('18/06/25 09:05:54,525044000','DD/MM/RR HH24:MI:SSXFF'),'En attente');
Insert into SYSTEM.NOTIFICATIONS (ID,USER_ID,AGENCE_ID,FOURNITURE_ID,BIEN_ID,TITRE,DATE_DEMANDE,STATUT) values ('5','121','2','82',null,'Demande de Ankatso par Utilisateur',to_timestamp('18/06/25 09:06:43,341511000','DD/MM/RR HH24:MI:SSXFF'),'En attente');
Insert into SYSTEM.NOTIFICATIONS (ID,USER_ID,AGENCE_ID,FOURNITURE_ID,BIEN_ID,TITRE,DATE_DEMANDE,STATUT) values ('21','121','2','161',null,'Demande de Ankatso par Utilisateur',to_timestamp('19/06/25 07:08:51,884387000','DD/MM/RR HH24:MI:SSXFF'),'En attente');
Insert into SYSTEM.NOTIFICATIONS (ID,USER_ID,AGENCE_ID,FOURNITURE_ID,BIEN_ID,TITRE,DATE_DEMANDE,STATUT) values ('22','121','2',null,'62','Demande de Ankatso par Utilisateur',to_timestamp('19/06/25 07:09:54,331845000','DD/MM/RR HH24:MI:SSXFF'),'En attente');
Insert into SYSTEM.NOTIFICATIONS (ID,USER_ID,AGENCE_ID,FOURNITURE_ID,BIEN_ID,TITRE,DATE_DEMANDE,STATUT) values ('23','121','2','1',null,'Demande de Ankatso par Utilisateur',to_timestamp('19/06/25 07:16:27,530753000','DD/MM/RR HH24:MI:SSXFF'),'En attente');
Insert into SYSTEM.NOTIFICATIONS (ID,USER_ID,AGENCE_ID,FOURNITURE_ID,BIEN_ID,TITRE,DATE_DEMANDE,STATUT) values ('24','121','2','67',null,'Demande de Ankatso par Utilisateur',to_timestamp('19/06/25 07:23:34,565200000','DD/MM/RR HH24:MI:SSXFF'),'En attente');
Insert into SYSTEM.NOTIFICATIONS (ID,USER_ID,AGENCE_ID,FOURNITURE_ID,BIEN_ID,TITRE,DATE_DEMANDE,STATUT) values ('25','121','2',null,'102','Demande de Ankatso par Utilisateur',to_timestamp('19/06/25 07:23:49,150889000','DD/MM/RR HH24:MI:SSXFF'),'En attente');
Insert into SYSTEM.NOTIFICATIONS (ID,USER_ID,AGENCE_ID,FOURNITURE_ID,BIEN_ID,TITRE,DATE_DEMANDE,STATUT) values ('26','121','2',null,'61','Demande de Ankatso par Utilisateur',to_timestamp('19/06/25 07:26:04,154326000','DD/MM/RR HH24:MI:SSXFF'),'En attente');
REM INSERTING into SYSTEM.REDO_DB
SET DEFINE OFF;
REM INSERTING into SYSTEM.REDO_LOG
SET DEFINE OFF;
REM INSERTING into SYSTEM.SQLPLUS_PRODUCT_PROFILE
SET DEFINE OFF;
REM INSERTING into SYSTEM.USER_AGENCE
SET DEFINE OFF;
Insert into SYSTEM.USER_AGENCE (ID,USER_ID,AGENCE_ID,DATE_ASSOCIATION) values ('101','121','2',to_timestamp('05/06/25 11:24:27,920651600','DD/MM/RR HH24:MI:SSXFF'));
Insert into SYSTEM.USER_AGENCE (ID,USER_ID,AGENCE_ID,DATE_ASSOCIATION) values ('68','88','102',to_timestamp('29/05/25 18:26:23,468000000','DD/MM/RR HH24:MI:SSXFF'));
Insert into SYSTEM.USER_AGENCE (ID,USER_ID,AGENCE_ID,DATE_ASSOCIATION) values ('69','89','82',to_timestamp('29/05/25 21:59:00,990012800','DD/MM/RR HH24:MI:SSXFF'));
Insert into SYSTEM.USER_AGENCE (ID,USER_ID,AGENCE_ID,DATE_ASSOCIATION) values ('81','101','102',to_timestamp('03/06/25 17:44:05,110000000','DD/MM/RR HH24:MI:SSXFF'));
Insert into SYSTEM.USER_AGENCE (ID,USER_ID,AGENCE_ID,DATE_ASSOCIATION) values ('0','142','82',to_timestamp('20/06/25 06:31:22,064000000','DD/MM/RR HH24:MI:SSXFF'));
REM INSERTING into SYSTEM.USER_FOURNITURE
SET DEFINE OFF;
REM INSERTING into SYSTEM.USERS
SET DEFINE OFF;
Insert into SYSTEM.USERS (ID,NOM,PRENOM,EMAIL,MOT_DE_PASSE,FONCTION) values ('101','Soa','Mare','maremar@gmail.com','c13f3eb66a69f3f0b93702c69115ea9b7ea685fdbb1268dd554c68f30e9df094','Utilisateur');
Insert into SYSTEM.USERS (ID,NOM,PRENOM,EMAIL,MOT_DE_PASSE,FONCTION) values ('121','soa','ras','ras@gmail.com','95ec624e6bf434ffab330ab660c5ce949713896c6a7b11fe4feab158fb834e26','utilisateur');
Insert into SYSTEM.USERS (ID,NOM,PRENOM,EMAIL,MOT_DE_PASSE,FONCTION) values ('142','Raso','Tyanah','tia@gmail.com','f722dcdeb9945a3e171c8e92d3675c19f49cf8e793c91399093c6cfaf1083737','utilisateur');
Insert into SYSTEM.USERS (ID,NOM,PRENOM,EMAIL,MOT_DE_PASSE,FONCTION) values ('88','Alex','Jeannie','alexavea2@gmail.com','9f86d081884c7d659a2feaa0c55ad015a3bf4f1b2b0b822cd15d6c15b0f00a08','Utilisateur');
Insert into SYSTEM.USERS (ID,NOM,PRENOM,EMAIL,MOT_DE_PASSE,FONCTION) values ('89','aina','fan','fan@gmail.com','96121eed0844d7f2f3a28f5472aff7bbdbe490ed947ca97d92428700057e568b','admin');
--------------------------------------------------------
--  DDL for Index IX_AGENCE_FOURNITURE_FOURNITURE_ID
--------------------------------------------------------

  CREATE INDEX "SYSTEM"."IX_AGENCE_FOURNITURE_FOURNITURE_ID" ON "SYSTEM"."AGENCE_FOURNITURE" ("FOURNITURE_ID") 
  PCTFREE 10 INITRANS 2 MAXTRANS 255 COMPUTE STATISTICS 
  STORAGE(INITIAL 65536 NEXT 1048576 MINEXTENTS 1 MAXEXTENTS 2147483645
  PCTINCREASE 0 FREELISTS 1 FREELIST GROUPS 1
  BUFFER_POOL DEFAULT FLASH_CACHE DEFAULT CELL_FLASH_CACHE DEFAULT)
  TABLESPACE "SYSTEM" ;
--------------------------------------------------------
--  DDL for Index PK_AGENCES
--------------------------------------------------------

  CREATE UNIQUE INDEX "SYSTEM"."PK_AGENCES" ON "SYSTEM"."AGENCES" ("ID") 
  PCTFREE 10 INITRANS 2 MAXTRANS 255 COMPUTE STATISTICS 
  STORAGE(INITIAL 65536 NEXT 1048576 MINEXTENTS 1 MAXEXTENTS 2147483645
  PCTINCREASE 0 FREELISTS 1 FREELIST GROUPS 1
  BUFFER_POOL DEFAULT FLASH_CACHE DEFAULT CELL_FLASH_CACHE DEFAULT)
  TABLESPACE "SYSTEM" ;
--------------------------------------------------------
--  DDL for Index IX_AGENCES_NUMERO
--------------------------------------------------------

  CREATE UNIQUE INDEX "SYSTEM"."IX_AGENCES_NUMERO" ON "SYSTEM"."AGENCES" ("NUMERO") 
  PCTFREE 10 INITRANS 2 MAXTRANS 255 COMPUTE STATISTICS 
  STORAGE(INITIAL 65536 NEXT 1048576 MINEXTENTS 1 MAXEXTENTS 2147483645
  PCTINCREASE 0 FREELISTS 1 FREELIST GROUPS 1
  BUFFER_POOL DEFAULT FLASH_CACHE DEFAULT CELL_FLASH_CACHE DEFAULT)
  TABLESPACE "SYSTEM" ;
--------------------------------------------------------
--  DDL for Index SYS_C008636
--------------------------------------------------------

  CREATE UNIQUE INDEX "SYSTEM"."SYS_C008636" ON "SYSTEM"."AMORTISSEMENTS" ("ID_AMORTISSEMENT") 
  PCTFREE 10 INITRANS 2 MAXTRANS 255 COMPUTE STATISTICS 
  STORAGE(INITIAL 65536 NEXT 1048576 MINEXTENTS 1 MAXEXTENTS 2147483645
  PCTINCREASE 0 FREELISTS 1 FREELIST GROUPS 1
  BUFFER_POOL DEFAULT FLASH_CACHE DEFAULT CELL_FLASH_CACHE DEFAULT)
  TABLESPACE "SYSTEM" ;
--------------------------------------------------------
--  DDL for Index UC_BIEN_ANNEE
--------------------------------------------------------

  CREATE UNIQUE INDEX "SYSTEM"."UC_BIEN_ANNEE" ON "SYSTEM"."AMORTISSEMENTS" ("ID_BIEN", "ANNEE") 
  PCTFREE 10 INITRANS 2 MAXTRANS 255 COMPUTE STATISTICS 
  STORAGE(INITIAL 65536 NEXT 1048576 MINEXTENTS 1 MAXEXTENTS 2147483645
  PCTINCREASE 0 FREELISTS 1 FREELIST GROUPS 1
  BUFFER_POOL DEFAULT FLASH_CACHE DEFAULT CELL_FLASH_CACHE DEFAULT)
  TABLESPACE "SYSTEM" ;
--------------------------------------------------------
--  DDL for Index PK_BIEN_AGENCE
--------------------------------------------------------

  CREATE UNIQUE INDEX "SYSTEM"."PK_BIEN_AGENCE" ON "SYSTEM"."BIEN_AGENCE" ("ID_BIEN", "ID_AGENCE", "DATE_AFFECTATION") 
  PCTFREE 10 INITRANS 2 MAXTRANS 255 COMPUTE STATISTICS 
  STORAGE(INITIAL 65536 NEXT 1048576 MINEXTENTS 1 MAXEXTENTS 2147483645
  PCTINCREASE 0 FREELISTS 1 FREELIST GROUPS 1
  BUFFER_POOL DEFAULT FLASH_CACHE DEFAULT CELL_FLASH_CACHE DEFAULT)
  TABLESPACE "SYSTEM" ;
--------------------------------------------------------
--  DDL for Index IX_BIEN_AGENCE_AGENCE
--------------------------------------------------------

  CREATE INDEX "SYSTEM"."IX_BIEN_AGENCE_AGENCE" ON "SYSTEM"."BIEN_AGENCE" ("ID_AGENCE") 
  PCTFREE 10 INITRANS 2 MAXTRANS 255 COMPUTE STATISTICS 
  STORAGE(INITIAL 65536 NEXT 1048576 MINEXTENTS 1 MAXEXTENTS 2147483645
  PCTINCREASE 0 FREELISTS 1 FREELIST GROUPS 1
  BUFFER_POOL DEFAULT FLASH_CACHE DEFAULT CELL_FLASH_CACHE DEFAULT)
  TABLESPACE "SYSTEM" ;
--------------------------------------------------------
--  DDL for Index IX_BIEN_AGENCE_BIEN
--------------------------------------------------------

  CREATE INDEX "SYSTEM"."IX_BIEN_AGENCE_BIEN" ON "SYSTEM"."BIEN_AGENCE" ("ID_BIEN") 
  PCTFREE 10 INITRANS 2 MAXTRANS 255 COMPUTE STATISTICS 
  STORAGE(INITIAL 65536 NEXT 1048576 MINEXTENTS 1 MAXEXTENTS 2147483645
  PCTINCREASE 0 FREELISTS 1 FREELIST GROUPS 1
  BUFFER_POOL DEFAULT FLASH_CACHE DEFAULT CELL_FLASH_CACHE DEFAULT)
  TABLESPACE "SYSTEM" ;
--------------------------------------------------------
--  DDL for Index SYS_C008616
--------------------------------------------------------

  CREATE UNIQUE INDEX "SYSTEM"."SYS_C008616" ON "SYSTEM"."CATEGORIES" ("ID_CATEGORIE") 
  PCTFREE 10 INITRANS 2 MAXTRANS 255 COMPUTE STATISTICS 
  STORAGE(INITIAL 65536 NEXT 1048576 MINEXTENTS 1 MAXEXTENTS 2147483645
  PCTINCREASE 0 FREELISTS 1 FREELIST GROUPS 1
  BUFFER_POOL DEFAULT FLASH_CACHE DEFAULT CELL_FLASH_CACHE DEFAULT)
  TABLESPACE "SYSTEM" ;
--------------------------------------------------------
--  DDL for Index SYS_C008668
--------------------------------------------------------

  CREATE UNIQUE INDEX "SYSTEM"."SYS_C008668" ON "SYSTEM"."ENTREE_FOURNITURES" ("ID") 
  PCTFREE 10 INITRANS 2 MAXTRANS 255 COMPUTE STATISTICS 
  STORAGE(INITIAL 65536 NEXT 1048576 MINEXTENTS 1 MAXEXTENTS 2147483645
  PCTINCREASE 0 FREELISTS 1 FREELIST GROUPS 1
  BUFFER_POOL DEFAULT FLASH_CACHE DEFAULT CELL_FLASH_CACHE DEFAULT)
  TABLESPACE "SYSTEM" ;
--------------------------------------------------------
--  DDL for Index PK_FOURNITURES
--------------------------------------------------------

  CREATE UNIQUE INDEX "SYSTEM"."PK_FOURNITURES" ON "SYSTEM"."FOURNITURES" ("ID") 
  PCTFREE 10 INITRANS 2 MAXTRANS 255 COMPUTE STATISTICS 
  STORAGE(INITIAL 65536 NEXT 1048576 MINEXTENTS 1 MAXEXTENTS 2147483645
  PCTINCREASE 0 FREELISTS 1 FREELIST GROUPS 1
  BUFFER_POOL DEFAULT FLASH_CACHE DEFAULT CELL_FLASH_CACHE DEFAULT)
  TABLESPACE "SYSTEM" ;
--------------------------------------------------------
--  DDL for Index HELP_TOPIC_SEQ
--------------------------------------------------------

  CREATE UNIQUE INDEX "SYSTEM"."HELP_TOPIC_SEQ" ON "SYSTEM"."HELP" ("TOPIC", "SEQ") 
  PCTFREE 10 INITRANS 2 MAXTRANS 255 COMPUTE STATISTICS 
  STORAGE(INITIAL 16384 NEXT 1048576 MINEXTENTS 1 MAXEXTENTS 2147483645
  PCTINCREASE 0 FREELISTS 1 FREELIST GROUPS 1
  BUFFER_POOL DEFAULT FLASH_CACHE DEFAULT CELL_FLASH_CACHE DEFAULT)
  TABLESPACE "SYSTEM" ;
--------------------------------------------------------
--  DDL for Index SYS_C008626
--------------------------------------------------------

  CREATE UNIQUE INDEX "SYSTEM"."SYS_C008626" ON "SYSTEM"."IMMOBILISATIONS" ("ID_BIEN") 
  PCTFREE 10 INITRANS 2 MAXTRANS 255 COMPUTE STATISTICS 
  STORAGE(INITIAL 65536 NEXT 1048576 MINEXTENTS 1 MAXEXTENTS 2147483645
  PCTINCREASE 0 FREELISTS 1 FREELIST GROUPS 1
  BUFFER_POOL DEFAULT FLASH_CACHE DEFAULT CELL_FLASH_CACHE DEFAULT)
  TABLESPACE "SYSTEM" ;
--------------------------------------------------------
--  DDL for Index SYS_C008641
--------------------------------------------------------

  CREATE UNIQUE INDEX "SYSTEM"."SYS_C008641" ON "SYSTEM"."LOCALISATIONS" ("ID_LOCALISATION") 
  PCTFREE 10 INITRANS 2 MAXTRANS 255 
  STORAGE(INITIAL 65536 NEXT 1048576 MINEXTENTS 1 MAXEXTENTS 2147483645
  PCTINCREASE 0 FREELISTS 1 FREELIST GROUPS 1
  BUFFER_POOL DEFAULT FLASH_CACHE DEFAULT CELL_FLASH_CACHE DEFAULT)
  TABLESPACE "SYSTEM" ;
--------------------------------------------------------
--  DDL for Index SYS_C008679
--------------------------------------------------------

  CREATE UNIQUE INDEX "SYSTEM"."SYS_C008679" ON "SYSTEM"."NOTIFICATIONS" ("ID") 
  PCTFREE 10 INITRANS 2 MAXTRANS 255 
  STORAGE(INITIAL 65536 NEXT 1048576 MINEXTENTS 1 MAXEXTENTS 2147483645
  PCTINCREASE 0 FREELISTS 1 FREELIST GROUPS 1
  BUFFER_POOL DEFAULT FLASH_CACHE DEFAULT CELL_FLASH_CACHE DEFAULT)
  TABLESPACE "SYSTEM" ;
--------------------------------------------------------
--  DDL for Index REDO_DB_IDX
--------------------------------------------------------

  CREATE INDEX "SYSTEM"."REDO_DB_IDX" ON "SYSTEM"."REDO_DB" ("TENANT_KEY", "DBID", "THREAD#", "RESETLOGS_SCN", "RESETLOGS_TIME") 
  PCTFREE 10 INITRANS 2 MAXTRANS 255 COMPUTE STATISTICS 
  STORAGE(INITIAL 65536 NEXT 1048576 MINEXTENTS 1 MAXEXTENTS 2147483645
  PCTINCREASE 0 FREELISTS 1 FREELIST GROUPS 1
  BUFFER_POOL DEFAULT FLASH_CACHE DEFAULT CELL_FLASH_CACHE DEFAULT)
  TABLESPACE "SYSAUX" ;
--------------------------------------------------------
--  DDL for Index REDO_LOG_IDX
--------------------------------------------------------

  CREATE INDEX "SYSTEM"."REDO_LOG_IDX" ON "SYSTEM"."REDO_LOG" ("TENANT_KEY", "DBID", "THREAD#", "RESETLOGS_SCN", "RESETLOGS_TIME") 
  PCTFREE 10 INITRANS 2 MAXTRANS 255 COMPUTE STATISTICS 
  STORAGE(INITIAL 65536 NEXT 1048576 MINEXTENTS 1 MAXEXTENTS 2147483645
  PCTINCREASE 0 FREELISTS 1 FREELIST GROUPS 1
  BUFFER_POOL DEFAULT FLASH_CACHE DEFAULT CELL_FLASH_CACHE DEFAULT)
  TABLESPACE "SYSAUX" ;
--------------------------------------------------------
--  DDL for Index PK_USER_AGENCE
--------------------------------------------------------

  CREATE UNIQUE INDEX "SYSTEM"."PK_USER_AGENCE" ON "SYSTEM"."USER_AGENCE" ("ID") 
  PCTFREE 10 INITRANS 2 MAXTRANS 255 COMPUTE STATISTICS 
  STORAGE(INITIAL 65536 NEXT 1048576 MINEXTENTS 1 MAXEXTENTS 2147483645
  PCTINCREASE 0 FREELISTS 1 FREELIST GROUPS 1
  BUFFER_POOL DEFAULT FLASH_CACHE DEFAULT CELL_FLASH_CACHE DEFAULT)
  TABLESPACE "SYSTEM" ;
--------------------------------------------------------
--  DDL for Index UQ_USER_AGENCE_USER_ID
--------------------------------------------------------

  CREATE UNIQUE INDEX "SYSTEM"."UQ_USER_AGENCE_USER_ID" ON "SYSTEM"."USER_AGENCE" ("USER_ID") 
  PCTFREE 10 INITRANS 2 MAXTRANS 255 COMPUTE STATISTICS 
  STORAGE(INITIAL 65536 NEXT 1048576 MINEXTENTS 1 MAXEXTENTS 2147483645
  PCTINCREASE 0 FREELISTS 1 FREELIST GROUPS 1
  BUFFER_POOL DEFAULT FLASH_CACHE DEFAULT CELL_FLASH_CACHE DEFAULT)
  TABLESPACE "SYSTEM" ;
--------------------------------------------------------
--  DDL for Index IX_USER_AGENCE_AGENCE_ID
--------------------------------------------------------

  CREATE INDEX "SYSTEM"."IX_USER_AGENCE_AGENCE_ID" ON "SYSTEM"."USER_AGENCE" ("AGENCE_ID") 
  PCTFREE 10 INITRANS 2 MAXTRANS 255 COMPUTE STATISTICS 
  STORAGE(INITIAL 65536 NEXT 1048576 MINEXTENTS 1 MAXEXTENTS 2147483645
  PCTINCREASE 0 FREELISTS 1 FREELIST GROUPS 1
  BUFFER_POOL DEFAULT FLASH_CACHE DEFAULT CELL_FLASH_CACHE DEFAULT)
  TABLESPACE "SYSTEM" ;
--------------------------------------------------------
--  DDL for Index PK_USER_FOURNITURE
--------------------------------------------------------

  CREATE UNIQUE INDEX "SYSTEM"."PK_USER_FOURNITURE" ON "SYSTEM"."USER_FOURNITURE" ("ID") 
  PCTFREE 10 INITRANS 2 MAXTRANS 255 COMPUTE STATISTICS 
  STORAGE(INITIAL 65536 NEXT 1048576 MINEXTENTS 1 MAXEXTENTS 2147483645
  PCTINCREASE 0 FREELISTS 1 FREELIST GROUPS 1
  BUFFER_POOL DEFAULT FLASH_CACHE DEFAULT CELL_FLASH_CACHE DEFAULT)
  TABLESPACE "SYSTEM" ;
--------------------------------------------------------
--  DDL for Index IX_USER_FOURNITURE_USER_ID
--------------------------------------------------------

  CREATE INDEX "SYSTEM"."IX_USER_FOURNITURE_USER_ID" ON "SYSTEM"."USER_FOURNITURE" ("USER_ID") 
  PCTFREE 10 INITRANS 2 MAXTRANS 255 COMPUTE STATISTICS 
  STORAGE(INITIAL 65536 NEXT 1048576 MINEXTENTS 1 MAXEXTENTS 2147483645
  PCTINCREASE 0 FREELISTS 1 FREELIST GROUPS 1
  BUFFER_POOL DEFAULT FLASH_CACHE DEFAULT CELL_FLASH_CACHE DEFAULT)
  TABLESPACE "SYSTEM" ;
--------------------------------------------------------
--  DDL for Index IX_USER_FOURNITURE_FOURNITURE_ID
--------------------------------------------------------

  CREATE INDEX "SYSTEM"."IX_USER_FOURNITURE_FOURNITURE_ID" ON "SYSTEM"."USER_FOURNITURE" ("FOURNITURE_ID") 
  PCTFREE 10 INITRANS 2 MAXTRANS 255 COMPUTE STATISTICS 
  STORAGE(INITIAL 65536 NEXT 1048576 MINEXTENTS 1 MAXEXTENTS 2147483645
  PCTINCREASE 0 FREELISTS 1 FREELIST GROUPS 1
  BUFFER_POOL DEFAULT FLASH_CACHE DEFAULT CELL_FLASH_CACHE DEFAULT)
  TABLESPACE "SYSTEM" ;
--------------------------------------------------------
--  DDL for Index PK_USERS
--------------------------------------------------------

  CREATE UNIQUE INDEX "SYSTEM"."PK_USERS" ON "SYSTEM"."USERS" ("ID") 
  PCTFREE 10 INITRANS 2 MAXTRANS 255 COMPUTE STATISTICS 
  STORAGE(INITIAL 65536 NEXT 1048576 MINEXTENTS 1 MAXEXTENTS 2147483645
  PCTINCREASE 0 FREELISTS 1 FREELIST GROUPS 1
  BUFFER_POOL DEFAULT FLASH_CACHE DEFAULT CELL_FLASH_CACHE DEFAULT)
  TABLESPACE "SYSTEM" ;
--------------------------------------------------------
--  DDL for Index IX_USERS_EMAIL
--------------------------------------------------------

  CREATE UNIQUE INDEX "SYSTEM"."IX_USERS_EMAIL" ON "SYSTEM"."USERS" ("EMAIL") 
  PCTFREE 10 INITRANS 2 MAXTRANS 255 COMPUTE STATISTICS 
  STORAGE(INITIAL 65536 NEXT 1048576 MINEXTENTS 1 MAXEXTENTS 2147483645
  PCTINCREASE 0 FREELISTS 1 FREELIST GROUPS 1
  BUFFER_POOL DEFAULT FLASH_CACHE DEFAULT CELL_FLASH_CACHE DEFAULT)
  TABLESPACE "SYSTEM" ;
--------------------------------------------------------
--  DDL for Trigger TRG_AGENCE_FOURNITURE_ID
--------------------------------------------------------

  CREATE OR REPLACE NONEDITIONABLE TRIGGER "SYSTEM"."TRG_AGENCE_FOURNITURE_ID" 
BEFORE INSERT ON AGENCE_FOURNITURE
FOR EACH ROW
BEGIN
  IF :NEW.ID IS NULL OR :NEW.ID = 0 THEN
    SELECT SEQ_AGENCE_FOURNITURE.NEXTVAL INTO :NEW.ID FROM DUAL;
  END IF;
END;

/
ALTER TRIGGER "SYSTEM"."TRG_AGENCE_FOURNITURE_ID" ENABLE;
--------------------------------------------------------
--  DDL for Trigger USER_AGENCE_TRIGGER
--------------------------------------------------------

  CREATE OR REPLACE NONEDITIONABLE TRIGGER "SYSTEM"."USER_AGENCE_TRIGGER" 
BEFORE INSERT ON USER_AGENCE
FOR EACH ROW
BEGIN
    IF :NEW.ID IS NULL THEN
        SELECT user_agence_seq.NEXTVAL INTO :NEW.ID FROM DUAL;
    END IF;
END;

/
ALTER TRIGGER "SYSTEM"."USER_AGENCE_TRIGGER" ENABLE;
--------------------------------------------------------
--  Constraints for Table AGENCE_FOURNITURE
--------------------------------------------------------

  ALTER TABLE "SYSTEM"."AGENCE_FOURNITURE" MODIFY ("ID" NOT NULL ENABLE);
  ALTER TABLE "SYSTEM"."AGENCE_FOURNITURE" MODIFY ("AGENCE_ID" NOT NULL ENABLE);
  ALTER TABLE "SYSTEM"."AGENCE_FOURNITURE" MODIFY ("FOURNITURE_ID" NOT NULL ENABLE);
  ALTER TABLE "SYSTEM"."AGENCE_FOURNITURE" MODIFY ("DATE_ASSOCIATION" NOT NULL ENABLE);
--------------------------------------------------------
--  Constraints for Table AGENCES
--------------------------------------------------------

  ALTER TABLE "SYSTEM"."AGENCES" MODIFY ("ID" NOT NULL ENABLE);
  ALTER TABLE "SYSTEM"."AGENCES" MODIFY ("NUMERO" NOT NULL ENABLE);
  ALTER TABLE "SYSTEM"."AGENCES" MODIFY ("NOM" NOT NULL ENABLE);
  ALTER TABLE "SYSTEM"."AGENCES" ADD CONSTRAINT "PK_AGENCES" PRIMARY KEY ("ID")
  USING INDEX PCTFREE 10 INITRANS 2 MAXTRANS 255 COMPUTE STATISTICS 
  STORAGE(INITIAL 65536 NEXT 1048576 MINEXTENTS 1 MAXEXTENTS 2147483645
  PCTINCREASE 0 FREELISTS 1 FREELIST GROUPS 1
  BUFFER_POOL DEFAULT FLASH_CACHE DEFAULT CELL_FLASH_CACHE DEFAULT)
  TABLESPACE "SYSTEM"  ENABLE;
--------------------------------------------------------
--  Constraints for Table AMORTISSEMENTS
--------------------------------------------------------

  ALTER TABLE "SYSTEM"."AMORTISSEMENTS" MODIFY ("ID_AMORTISSEMENT" NOT NULL ENABLE);
  ALTER TABLE "SYSTEM"."AMORTISSEMENTS" MODIFY ("ID_BIEN" NOT NULL ENABLE);
  ALTER TABLE "SYSTEM"."AMORTISSEMENTS" MODIFY ("ANNEE" NOT NULL ENABLE);
  ALTER TABLE "SYSTEM"."AMORTISSEMENTS" MODIFY ("MONTANT" NOT NULL ENABLE);
  ALTER TABLE "SYSTEM"."AMORTISSEMENTS" MODIFY ("VALEUR_RESIDUELLE" NOT NULL ENABLE);
  ALTER TABLE "SYSTEM"."AMORTISSEMENTS" MODIFY ("DATE_CALCUL" NOT NULL ENABLE);
  ALTER TABLE "SYSTEM"."AMORTISSEMENTS" ADD CHECK (montant >= 0) ENABLE;
  ALTER TABLE "SYSTEM"."AMORTISSEMENTS" ADD CHECK (valeur_residuelle >= 0) ENABLE;
  ALTER TABLE "SYSTEM"."AMORTISSEMENTS" ADD PRIMARY KEY ("ID_AMORTISSEMENT")
  USING INDEX PCTFREE 10 INITRANS 2 MAXTRANS 255 COMPUTE STATISTICS 
  STORAGE(INITIAL 65536 NEXT 1048576 MINEXTENTS 1 MAXEXTENTS 2147483645
  PCTINCREASE 0 FREELISTS 1 FREELIST GROUPS 1
  BUFFER_POOL DEFAULT FLASH_CACHE DEFAULT CELL_FLASH_CACHE DEFAULT)
  TABLESPACE "SYSTEM"  ENABLE;
  ALTER TABLE "SYSTEM"."AMORTISSEMENTS" ADD CONSTRAINT "UC_BIEN_ANNEE" UNIQUE ("ID_BIEN", "ANNEE")
  USING INDEX PCTFREE 10 INITRANS 2 MAXTRANS 255 COMPUTE STATISTICS 
  STORAGE(INITIAL 65536 NEXT 1048576 MINEXTENTS 1 MAXEXTENTS 2147483645
  PCTINCREASE 0 FREELISTS 1 FREELIST GROUPS 1
  BUFFER_POOL DEFAULT FLASH_CACHE DEFAULT CELL_FLASH_CACHE DEFAULT)
  TABLESPACE "SYSTEM"  ENABLE;
--------------------------------------------------------
--  Constraints for Table BIEN_AGENCE
--------------------------------------------------------

  ALTER TABLE "SYSTEM"."BIEN_AGENCE" MODIFY ("ID_BIEN" NOT NULL ENABLE);
  ALTER TABLE "SYSTEM"."BIEN_AGENCE" MODIFY ("ID_AGENCE" NOT NULL ENABLE);
  ALTER TABLE "SYSTEM"."BIEN_AGENCE" MODIFY ("DATE_AFFECTATION" NOT NULL ENABLE);
  ALTER TABLE "SYSTEM"."BIEN_AGENCE" ADD CONSTRAINT "PK_BIEN_AGENCE" PRIMARY KEY ("ID_BIEN", "ID_AGENCE", "DATE_AFFECTATION")
  USING INDEX PCTFREE 10 INITRANS 2 MAXTRANS 255 COMPUTE STATISTICS 
  STORAGE(INITIAL 65536 NEXT 1048576 MINEXTENTS 1 MAXEXTENTS 2147483645
  PCTINCREASE 0 FREELISTS 1 FREELIST GROUPS 1
  BUFFER_POOL DEFAULT FLASH_CACHE DEFAULT CELL_FLASH_CACHE DEFAULT)
  TABLESPACE "SYSTEM"  ENABLE;
--------------------------------------------------------
--  Constraints for Table CATEGORIES
--------------------------------------------------------

  ALTER TABLE "SYSTEM"."CATEGORIES" MODIFY ("ID_CATEGORIE" NOT NULL ENABLE);
  ALTER TABLE "SYSTEM"."CATEGORIES" MODIFY ("NOM_CATEGORIE" NOT NULL ENABLE);
  ALTER TABLE "SYSTEM"."CATEGORIES" MODIFY ("DUREE_AMORTISSEMENT" NOT NULL ENABLE);
  ALTER TABLE "SYSTEM"."CATEGORIES" ADD CHECK (duree_amortissement > 0) ENABLE;
  ALTER TABLE "SYSTEM"."CATEGORIES" ADD PRIMARY KEY ("ID_CATEGORIE")
  USING INDEX PCTFREE 10 INITRANS 2 MAXTRANS 255 COMPUTE STATISTICS 
  STORAGE(INITIAL 65536 NEXT 1048576 MINEXTENTS 1 MAXEXTENTS 2147483645
  PCTINCREASE 0 FREELISTS 1 FREELIST GROUPS 1
  BUFFER_POOL DEFAULT FLASH_CACHE DEFAULT CELL_FLASH_CACHE DEFAULT)
  TABLESPACE "SYSTEM"  ENABLE;
--------------------------------------------------------
--  Constraints for Table ENTREE_FOURNITURES
--------------------------------------------------------

  ALTER TABLE "SYSTEM"."ENTREE_FOURNITURES" MODIFY ("ID" NOT NULL ENABLE);
  ALTER TABLE "SYSTEM"."ENTREE_FOURNITURES" MODIFY ("FOURNITURE_ID" NOT NULL ENABLE);
  ALTER TABLE "SYSTEM"."ENTREE_FOURNITURES" MODIFY ("QUANTITE_ENTREE" NOT NULL ENABLE);
  ALTER TABLE "SYSTEM"."ENTREE_FOURNITURES" MODIFY ("DATE_ENTREE" NOT NULL ENABLE);
  ALTER TABLE "SYSTEM"."ENTREE_FOURNITURES" MODIFY ("PRIX_UNITAIRE" NOT NULL ENABLE);
  ALTER TABLE "SYSTEM"."ENTREE_FOURNITURES" MODIFY ("MONTANT" NOT NULL ENABLE);
  ALTER TABLE "SYSTEM"."ENTREE_FOURNITURES" ADD PRIMARY KEY ("ID")
  USING INDEX PCTFREE 10 INITRANS 2 MAXTRANS 255 COMPUTE STATISTICS 
  STORAGE(INITIAL 65536 NEXT 1048576 MINEXTENTS 1 MAXEXTENTS 2147483645
  PCTINCREASE 0 FREELISTS 1 FREELIST GROUPS 1
  BUFFER_POOL DEFAULT FLASH_CACHE DEFAULT CELL_FLASH_CACHE DEFAULT)
  TABLESPACE "SYSTEM"  ENABLE;
--------------------------------------------------------
--  Constraints for Table FOURNITURES
--------------------------------------------------------

  ALTER TABLE "SYSTEM"."FOURNITURES" MODIFY ("ID" NOT NULL ENABLE);
  ALTER TABLE "SYSTEM"."FOURNITURES" MODIFY ("NOM" NOT NULL ENABLE);
  ALTER TABLE "SYSTEM"."FOURNITURES" MODIFY ("PRIX_UNITAIRE" NOT NULL ENABLE);
  ALTER TABLE "SYSTEM"."FOURNITURES" MODIFY ("QUANTITE_RESTANTE" NOT NULL ENABLE);
  ALTER TABLE "SYSTEM"."FOURNITURES" MODIFY ("CATEGORIE" NOT NULL ENABLE);
  ALTER TABLE "SYSTEM"."FOURNITURES" ADD CONSTRAINT "PK_FOURNITURES" PRIMARY KEY ("ID")
  USING INDEX PCTFREE 10 INITRANS 2 MAXTRANS 255 COMPUTE STATISTICS 
  STORAGE(INITIAL 65536 NEXT 1048576 MINEXTENTS 1 MAXEXTENTS 2147483645
  PCTINCREASE 0 FREELISTS 1 FREELIST GROUPS 1
  BUFFER_POOL DEFAULT FLASH_CACHE DEFAULT CELL_FLASH_CACHE DEFAULT)
  TABLESPACE "SYSTEM"  ENABLE;
--------------------------------------------------------
--  Constraints for Table HELP
--------------------------------------------------------

  ALTER TABLE "SYSTEM"."HELP" MODIFY ("TOPIC" NOT NULL ENABLE);
  ALTER TABLE "SYSTEM"."HELP" MODIFY ("SEQ" NOT NULL ENABLE);
  ALTER TABLE "SYSTEM"."HELP" ADD CONSTRAINT "HELP_TOPIC_SEQ" PRIMARY KEY ("TOPIC", "SEQ")
  USING INDEX PCTFREE 10 INITRANS 2 MAXTRANS 255 COMPUTE STATISTICS 
  STORAGE(INITIAL 16384 NEXT 1048576 MINEXTENTS 1 MAXEXTENTS 2147483645
  PCTINCREASE 0 FREELISTS 1 FREELIST GROUPS 1
  BUFFER_POOL DEFAULT FLASH_CACHE DEFAULT CELL_FLASH_CACHE DEFAULT)
  TABLESPACE "SYSTEM"  ENABLE;
--------------------------------------------------------
--  Constraints for Table IMMOBILISATIONS
--------------------------------------------------------

  ALTER TABLE "SYSTEM"."IMMOBILISATIONS" MODIFY ("ID_BIEN" NOT NULL ENABLE);
  ALTER TABLE "SYSTEM"."IMMOBILISATIONS" MODIFY ("NOM_BIEN" NOT NULL ENABLE);
  ALTER TABLE "SYSTEM"."IMMOBILISATIONS" MODIFY ("DATE_ACQUISITION" NOT NULL ENABLE);
  ALTER TABLE "SYSTEM"."IMMOBILISATIONS" MODIFY ("VALEUR_ACQUISITION" NOT NULL ENABLE);
  ALTER TABLE "SYSTEM"."IMMOBILISATIONS" MODIFY ("ID_CATEGORIE" NOT NULL ENABLE);
  ALTER TABLE "SYSTEM"."IMMOBILISATIONS" ADD CHECK (valeur_acquisition > 0) ENABLE;
  ALTER TABLE "SYSTEM"."IMMOBILISATIONS" ADD CHECK (statut IN ('actif', 'amorti', 'vendu', 'hors service')) ENABLE;
  ALTER TABLE "SYSTEM"."IMMOBILISATIONS" ADD PRIMARY KEY ("ID_BIEN")
  USING INDEX PCTFREE 10 INITRANS 2 MAXTRANS 255 COMPUTE STATISTICS 
  STORAGE(INITIAL 65536 NEXT 1048576 MINEXTENTS 1 MAXEXTENTS 2147483645
  PCTINCREASE 0 FREELISTS 1 FREELIST GROUPS 1
  BUFFER_POOL DEFAULT FLASH_CACHE DEFAULT CELL_FLASH_CACHE DEFAULT)
  TABLESPACE "SYSTEM"  ENABLE;
--------------------------------------------------------
--  Constraints for Table LOCALISATIONS
--------------------------------------------------------

  ALTER TABLE "SYSTEM"."LOCALISATIONS" MODIFY ("ID_LOCALISATION" NOT NULL ENABLE);
  ALTER TABLE "SYSTEM"."LOCALISATIONS" MODIFY ("NOM_LOCALISATION" NOT NULL ENABLE);
  ALTER TABLE "SYSTEM"."LOCALISATIONS" ADD PRIMARY KEY ("ID_LOCALISATION")
  USING INDEX PCTFREE 10 INITRANS 2 MAXTRANS 255 
  STORAGE(INITIAL 65536 NEXT 1048576 MINEXTENTS 1 MAXEXTENTS 2147483645
  PCTINCREASE 0 FREELISTS 1 FREELIST GROUPS 1
  BUFFER_POOL DEFAULT FLASH_CACHE DEFAULT CELL_FLASH_CACHE DEFAULT)
  TABLESPACE "SYSTEM"  ENABLE;
--------------------------------------------------------
--  Constraints for Table NOTIFICATIONS
--------------------------------------------------------

  ALTER TABLE "SYSTEM"."NOTIFICATIONS" MODIFY ("ID" NOT NULL ENABLE);
  ALTER TABLE "SYSTEM"."NOTIFICATIONS" MODIFY ("USER_ID" NOT NULL ENABLE);
  ALTER TABLE "SYSTEM"."NOTIFICATIONS" MODIFY ("AGENCE_ID" NOT NULL ENABLE);
  ALTER TABLE "SYSTEM"."NOTIFICATIONS" MODIFY ("TITRE" NOT NULL ENABLE);
  ALTER TABLE "SYSTEM"."NOTIFICATIONS" MODIFY ("CORPS" NOT NULL ENABLE);
  ALTER TABLE "SYSTEM"."NOTIFICATIONS" MODIFY ("DATE_DEMANDE" NOT NULL ENABLE);
  ALTER TABLE "SYSTEM"."NOTIFICATIONS" MODIFY ("STATUT" NOT NULL ENABLE);
  ALTER TABLE "SYSTEM"."NOTIFICATIONS" ADD PRIMARY KEY ("ID")
  USING INDEX PCTFREE 10 INITRANS 2 MAXTRANS 255 
  STORAGE(INITIAL 65536 NEXT 1048576 MINEXTENTS 1 MAXEXTENTS 2147483645
  PCTINCREASE 0 FREELISTS 1 FREELIST GROUPS 1
  BUFFER_POOL DEFAULT FLASH_CACHE DEFAULT CELL_FLASH_CACHE DEFAULT)
  TABLESPACE "SYSTEM"  ENABLE;
--------------------------------------------------------
--  Constraints for Table REDO_DB
--------------------------------------------------------

  ALTER TABLE "SYSTEM"."REDO_DB" MODIFY ("DBID" NOT NULL ENABLE);
  ALTER TABLE "SYSTEM"."REDO_DB" MODIFY ("THREAD#" NOT NULL ENABLE);
  ALTER TABLE "SYSTEM"."REDO_DB" MODIFY ("RESETLOGS_TIME" NOT NULL ENABLE);
  ALTER TABLE "SYSTEM"."REDO_DB" MODIFY ("PRESETLOGS_TIME" NOT NULL ENABLE);
  ALTER TABLE "SYSTEM"."REDO_DB" MODIFY ("RESETLOGS_SCN" NOT NULL ENABLE);
  ALTER TABLE "SYSTEM"."REDO_DB" MODIFY ("PRESETLOGS_SCN" NOT NULL ENABLE);
  ALTER TABLE "SYSTEM"."REDO_DB" MODIFY ("TENANT_KEY" NOT NULL ENABLE);
--------------------------------------------------------
--  Constraints for Table REDO_LOG
--------------------------------------------------------

  ALTER TABLE "SYSTEM"."REDO_LOG" MODIFY ("DBID" NOT NULL ENABLE);
  ALTER TABLE "SYSTEM"."REDO_LOG" MODIFY ("THREAD#" NOT NULL ENABLE);
  ALTER TABLE "SYSTEM"."REDO_LOG" MODIFY ("RESETLOGS_TIME" NOT NULL ENABLE);
  ALTER TABLE "SYSTEM"."REDO_LOG" MODIFY ("PRESETLOGS_TIME" NOT NULL ENABLE);
  ALTER TABLE "SYSTEM"."REDO_LOG" MODIFY ("SEQUENCE#" NOT NULL ENABLE);
  ALTER TABLE "SYSTEM"."REDO_LOG" MODIFY ("RESETLOGS_SCN" NOT NULL ENABLE);
  ALTER TABLE "SYSTEM"."REDO_LOG" MODIFY ("PRESETLOGS_SCN" NOT NULL ENABLE);
  ALTER TABLE "SYSTEM"."REDO_LOG" MODIFY ("TENANT_KEY" NOT NULL ENABLE);
--------------------------------------------------------
--  Constraints for Table SQLPLUS_PRODUCT_PROFILE
--------------------------------------------------------

  ALTER TABLE "SYSTEM"."SQLPLUS_PRODUCT_PROFILE" MODIFY ("PRODUCT" NOT NULL ENABLE);
--------------------------------------------------------
--  Constraints for Table USER_AGENCE
--------------------------------------------------------

  ALTER TABLE "SYSTEM"."USER_AGENCE" MODIFY ("ID" NOT NULL ENABLE);
  ALTER TABLE "SYSTEM"."USER_AGENCE" MODIFY ("USER_ID" NOT NULL ENABLE);
  ALTER TABLE "SYSTEM"."USER_AGENCE" MODIFY ("AGENCE_ID" NOT NULL ENABLE);
  ALTER TABLE "SYSTEM"."USER_AGENCE" MODIFY ("DATE_ASSOCIATION" NOT NULL ENABLE);
  ALTER TABLE "SYSTEM"."USER_AGENCE" ADD CONSTRAINT "PK_USER_AGENCE" PRIMARY KEY ("ID")
  USING INDEX PCTFREE 10 INITRANS 2 MAXTRANS 255 COMPUTE STATISTICS 
  STORAGE(INITIAL 65536 NEXT 1048576 MINEXTENTS 1 MAXEXTENTS 2147483645
  PCTINCREASE 0 FREELISTS 1 FREELIST GROUPS 1
  BUFFER_POOL DEFAULT FLASH_CACHE DEFAULT CELL_FLASH_CACHE DEFAULT)
  TABLESPACE "SYSTEM"  ENABLE;
  ALTER TABLE "SYSTEM"."USER_AGENCE" ADD CONSTRAINT "UQ_USER_AGENCE_USER_ID" UNIQUE ("USER_ID")
  USING INDEX PCTFREE 10 INITRANS 2 MAXTRANS 255 COMPUTE STATISTICS 
  STORAGE(INITIAL 65536 NEXT 1048576 MINEXTENTS 1 MAXEXTENTS 2147483645
  PCTINCREASE 0 FREELISTS 1 FREELIST GROUPS 1
  BUFFER_POOL DEFAULT FLASH_CACHE DEFAULT CELL_FLASH_CACHE DEFAULT)
  TABLESPACE "SYSTEM"  ENABLE;
--------------------------------------------------------
--  Constraints for Table USER_FOURNITURE
--------------------------------------------------------

  ALTER TABLE "SYSTEM"."USER_FOURNITURE" MODIFY ("ID" NOT NULL ENABLE);
  ALTER TABLE "SYSTEM"."USER_FOURNITURE" MODIFY ("USER_ID" NOT NULL ENABLE);
  ALTER TABLE "SYSTEM"."USER_FOURNITURE" MODIFY ("FOURNITURE_ID" NOT NULL ENABLE);
  ALTER TABLE "SYSTEM"."USER_FOURNITURE" MODIFY ("DATE_ASSOCIATION" NOT NULL ENABLE);
  ALTER TABLE "SYSTEM"."USER_FOURNITURE" ADD CONSTRAINT "PK_USER_FOURNITURE" PRIMARY KEY ("ID")
  USING INDEX PCTFREE 10 INITRANS 2 MAXTRANS 255 COMPUTE STATISTICS 
  STORAGE(INITIAL 65536 NEXT 1048576 MINEXTENTS 1 MAXEXTENTS 2147483645
  PCTINCREASE 0 FREELISTS 1 FREELIST GROUPS 1
  BUFFER_POOL DEFAULT FLASH_CACHE DEFAULT CELL_FLASH_CACHE DEFAULT)
  TABLESPACE "SYSTEM"  ENABLE;
--------------------------------------------------------
--  Constraints for Table USERS
--------------------------------------------------------

  ALTER TABLE "SYSTEM"."USERS" MODIFY ("ID" NOT NULL ENABLE);
  ALTER TABLE "SYSTEM"."USERS" MODIFY ("NOM" NOT NULL ENABLE);
  ALTER TABLE "SYSTEM"."USERS" MODIFY ("PRENOM" NOT NULL ENABLE);
  ALTER TABLE "SYSTEM"."USERS" MODIFY ("EMAIL" NOT NULL ENABLE);
  ALTER TABLE "SYSTEM"."USERS" MODIFY ("MOT_DE_PASSE" NOT NULL ENABLE);
  ALTER TABLE "SYSTEM"."USERS" MODIFY ("FONCTION" NOT NULL ENABLE);
  ALTER TABLE "SYSTEM"."USERS" ADD CONSTRAINT "PK_USERS" PRIMARY KEY ("ID")
  USING INDEX PCTFREE 10 INITRANS 2 MAXTRANS 255 COMPUTE STATISTICS 
  STORAGE(INITIAL 65536 NEXT 1048576 MINEXTENTS 1 MAXEXTENTS 2147483645
  PCTINCREASE 0 FREELISTS 1 FREELIST GROUPS 1
  BUFFER_POOL DEFAULT FLASH_CACHE DEFAULT CELL_FLASH_CACHE DEFAULT)
  TABLESPACE "SYSTEM"  ENABLE;
--------------------------------------------------------
--  Ref Constraints for Table AGENCE_FOURNITURE
--------------------------------------------------------

  ALTER TABLE "SYSTEM"."AGENCE_FOURNITURE" ADD CONSTRAINT "FK_AGENCE_FOURNITURE_AGENCES_AGENCE_ID" FOREIGN KEY ("AGENCE_ID")
	  REFERENCES "SYSTEM"."AGENCES" ("ID") ON DELETE CASCADE ENABLE;
  ALTER TABLE "SYSTEM"."AGENCE_FOURNITURE" ADD CONSTRAINT "FK_AGENCE_FOURNITURE_FOURNITURES_FOURNITURE_ID" FOREIGN KEY ("FOURNITURE_ID")
	  REFERENCES "SYSTEM"."FOURNITURES" ("ID") ON DELETE CASCADE ENABLE;
--------------------------------------------------------
--  Ref Constraints for Table AMORTISSEMENTS
--------------------------------------------------------

  ALTER TABLE "SYSTEM"."AMORTISSEMENTS" ADD CONSTRAINT "FK_AMORTISSEMENTS_BIEN" FOREIGN KEY ("ID_BIEN")
	  REFERENCES "SYSTEM"."IMMOBILISATIONS" ("ID_BIEN") ENABLE;
--------------------------------------------------------
--  Ref Constraints for Table BIEN_AGENCE
--------------------------------------------------------

  ALTER TABLE "SYSTEM"."BIEN_AGENCE" ADD CONSTRAINT "FK_BIEN_AGENCE_BIEN" FOREIGN KEY ("ID_BIEN")
	  REFERENCES "SYSTEM"."IMMOBILISATIONS" ("ID_BIEN") ENABLE;
  ALTER TABLE "SYSTEM"."BIEN_AGENCE" ADD CONSTRAINT "FK_BIEN_AGENCE_AGENCE" FOREIGN KEY ("ID_AGENCE")
	  REFERENCES "SYSTEM"."AGENCES" ("ID") ENABLE;
--------------------------------------------------------
--  Ref Constraints for Table ENTREE_FOURNITURES
--------------------------------------------------------

  ALTER TABLE "SYSTEM"."ENTREE_FOURNITURES" ADD CONSTRAINT "FK_ENTREE_FOURNITURES_FOURNITURES" FOREIGN KEY ("FOURNITURE_ID")
	  REFERENCES "SYSTEM"."FOURNITURES" ("ID") ON DELETE CASCADE ENABLE;
--------------------------------------------------------
--  Ref Constraints for Table IMMOBILISATIONS
--------------------------------------------------------

  ALTER TABLE "SYSTEM"."IMMOBILISATIONS" ADD CONSTRAINT "FK_IMMOBILISATIONS_CATEGORIE" FOREIGN KEY ("ID_CATEGORIE")
	  REFERENCES "SYSTEM"."CATEGORIES" ("ID_CATEGORIE") ENABLE;
--------------------------------------------------------
--  Ref Constraints for Table NOTIFICATIONS
--------------------------------------------------------

  ALTER TABLE "SYSTEM"."NOTIFICATIONS" ADD FOREIGN KEY ("AGENCE_ID")
	  REFERENCES "SYSTEM"."AGENCES" ("ID") ENABLE;
  ALTER TABLE "SYSTEM"."NOTIFICATIONS" ADD FOREIGN KEY ("FOURNITURE_ID")
	  REFERENCES "SYSTEM"."FOURNITURES" ("ID") ENABLE;
  ALTER TABLE "SYSTEM"."NOTIFICATIONS" ADD FOREIGN KEY ("BIEN_ID")
	  REFERENCES "SYSTEM"."IMMOBILISATIONS" ("ID_BIEN") ENABLE;
--------------------------------------------------------
--  Ref Constraints for Table USER_AGENCE
--------------------------------------------------------

  ALTER TABLE "SYSTEM"."USER_AGENCE" ADD CONSTRAINT "FK_USER_AGENCE_USERS" FOREIGN KEY ("USER_ID")
	  REFERENCES "SYSTEM"."USERS" ("ID") ENABLE;
  ALTER TABLE "SYSTEM"."USER_AGENCE" ADD CONSTRAINT "FK_USER_AGENCE_AGENCES" FOREIGN KEY ("AGENCE_ID")
	  REFERENCES "SYSTEM"."AGENCES" ("ID") ENABLE;
--------------------------------------------------------
--  Ref Constraints for Table USER_FOURNITURE
--------------------------------------------------------

  ALTER TABLE "SYSTEM"."USER_FOURNITURE" ADD CONSTRAINT "FK_USER_FOURNITURE_USERS" FOREIGN KEY ("USER_ID")
	  REFERENCES "SYSTEM"."USERS" ("ID") ENABLE;
  ALTER TABLE "SYSTEM"."USER_FOURNITURE" ADD CONSTRAINT "FK_USER_FOURNITURE_FOURNITURES" FOREIGN KEY ("FOURNITURE_ID")
	  REFERENCES "SYSTEM"."FOURNITURES" ("ID") ENABLE;
