--------------------------------------------------------
--  Fichier créé - vendredi-août-08-2025   
--------------------------------------------------------
--------------------------------------------------------
--  DDL for Sequence AMORTISSEMENTS_SEQ
--------------------------------------------------------

   CREATE SEQUENCE  "SYSTEM"."AMORTISSEMENTS_SEQ"  MINVALUE 1 MAXVALUE 9999999999999999999999999999 INCREMENT BY 1 START WITH 120 NOCACHE  NOORDER  NOCYCLE  NOKEEP  NOSCALE  GLOBAL ;
--------------------------------------------------------
--  DDL for Sequence CATEGORIES_SEQ
--------------------------------------------------------

   CREATE SEQUENCE  "SYSTEM"."CATEGORIES_SEQ"  MINVALUE 1 MAXVALUE 9999999999999999999999999999 INCREMENT BY 1 START WITH 62 NOCACHE  NOORDER  NOCYCLE  NOKEEP  NOSCALE  GLOBAL ;
--------------------------------------------------------
--  DDL for Sequence ENTREE_FOURNITURES_SEQ
--------------------------------------------------------

   CREATE SEQUENCE  "SYSTEM"."ENTREE_FOURNITURES_SEQ"  MINVALUE 1 MAXVALUE 9999999999999999999999999999 INCREMENT BY 1 START WITH 82 CACHE 20 NOORDER  NOCYCLE  NOKEEP  NOSCALE  GLOBAL ;
--------------------------------------------------------
--  DDL for Sequence FOURNITURES_SEQ
--------------------------------------------------------

   CREATE SEQUENCE  "SYSTEM"."FOURNITURES_SEQ"  MINVALUE 1 MAXVALUE 9999999999999999999999999999 INCREMENT BY 1 START WITH 1 CACHE 20 NOORDER  NOCYCLE  NOKEEP  NOSCALE  GLOBAL ;
--------------------------------------------------------
--  DDL for Sequence IMMOBILISATIONS_SEQ
--------------------------------------------------------

   CREATE SEQUENCE  "SYSTEM"."IMMOBILISATIONS_SEQ"  MINVALUE 1 MAXVALUE 9999999999999999999999999999 INCREMENT BY 1 START WITH 104 NOCACHE  NOORDER  NOCYCLE  NOKEEP  NOSCALE  GLOBAL ;
--------------------------------------------------------
--  DDL for Sequence MVIEW$_ADVSEQ_GENERIC
--------------------------------------------------------

   CREATE SEQUENCE  "SYSTEM"."MVIEW$_ADVSEQ_GENERIC"  MINVALUE 1 MAXVALUE 4294967295 INCREMENT BY 1 START WITH 1 CACHE 50 NOORDER  NOCYCLE  NOKEEP  NOSCALE  GLOBAL ;
--------------------------------------------------------
--  DDL for Sequence MVIEW$_ADVSEQ_ID
--------------------------------------------------------

   CREATE SEQUENCE  "SYSTEM"."MVIEW$_ADVSEQ_ID"  MINVALUE 1 MAXVALUE 4294967295 INCREMENT BY 1 START WITH 1 CACHE 20 NOORDER  NOCYCLE  NOKEEP  NOSCALE  GLOBAL ;
--------------------------------------------------------
--  DDL for Sequence NOTIFICATIONS_CUSTOM_SEQ
--------------------------------------------------------

   CREATE SEQUENCE  "SYSTEM"."NOTIFICATIONS_CUSTOM_SEQ"  MINVALUE 1 MAXVALUE 9999999999999999999999999999 INCREMENT BY 1 START WITH 27 NOCACHE  NOORDER  NOCYCLE  NOKEEP  NOSCALE  GLOBAL ;
--------------------------------------------------------
--  DDL for Sequence SEQ_AGENCE_FOURNITURE
--------------------------------------------------------

   CREATE SEQUENCE  "SYSTEM"."SEQ_AGENCE_FOURNITURE"  MINVALUE 1 MAXVALUE 9999999999999999999999999999 INCREMENT BY 1 START WITH 101 CACHE 20 NOORDER  NOCYCLE  NOKEEP  NOSCALE  GLOBAL ;
--------------------------------------------------------
--  DDL for Sequence USER_AGENCE_SEQ
--------------------------------------------------------

   CREATE SEQUENCE  "SYSTEM"."USER_AGENCE_SEQ"  MINVALUE 1 MAXVALUE 9999999999999999999999999999 INCREMENT BY 1 START WITH 15 NOCACHE  NOORDER  NOCYCLE  NOKEEP  NOSCALE  GLOBAL ;
--------------------------------------------------------
--  DDL for Sequence user_agence_seq
--------------------------------------------------------

   CREATE SEQUENCE  "SYSTEM"."user_agence_seq"  MINVALUE 1 MAXVALUE 9999999999999999999999999999 INCREMENT BY 1 START WITH 1 CACHE 20 NOORDER  NOCYCLE  NOKEEP  NOSCALE  GLOBAL ;
--------------------------------------------------------
--  DDL for Table AGENCE_FOURNITURE
--------------------------------------------------------

  CREATE TABLE "SYSTEM"."AGENCE_FOURNITURE" 
   (	"ID" NUMBER(10,0), 
	"AGENCE_ID" NUMBER(10,0), 
	"FOURNITURE_ID" NUMBER(10,0), 
	"DATE_ASSOCIATION" TIMESTAMP (6), 
	"QUANTITE" NUMBER(10,0), 
	"CONSO_MM" NUMBER(10,0)
   ) PCTFREE 10 PCTUSED 40 INITRANS 1 MAXTRANS 255 
 NOCOMPRESS LOGGING
  STORAGE(INITIAL 65536 NEXT 1048576 MINEXTENTS 1 MAXEXTENTS 2147483645
  PCTINCREASE 0 FREELISTS 1 FREELIST GROUPS 1
  BUFFER_POOL DEFAULT FLASH_CACHE DEFAULT CELL_FLASH_CACHE DEFAULT)
  TABLESPACE "SYSTEM" ;
--------------------------------------------------------
--  DDL for Table AGENCES
--------------------------------------------------------

  CREATE TABLE "SYSTEM"."AGENCES" 
   (	"ID" NUMBER(10,0) GENERATED BY DEFAULT ON NULL AS IDENTITY MINVALUE 1 MAXVALUE 9999999999999999999999999999 INCREMENT BY 1 START WITH 1 CACHE 20 NOORDER  NOCYCLE  NOKEEP  NOSCALE , 
	"NUMERO" NVARCHAR2(50), 
	"NOM" NVARCHAR2(100)
   ) PCTFREE 10 PCTUSED 40 INITRANS 1 MAXTRANS 255 
 NOCOMPRESS LOGGING
  STORAGE(INITIAL 65536 NEXT 1048576 MINEXTENTS 1 MAXEXTENTS 2147483645
  PCTINCREASE 0 FREELISTS 1 FREELIST GROUPS 1
  BUFFER_POOL DEFAULT FLASH_CACHE DEFAULT CELL_FLASH_CACHE DEFAULT)
  TABLESPACE "SYSTEM" ;
--------------------------------------------------------
--  DDL for Table AMORTISSEMENTS
--------------------------------------------------------

  CREATE TABLE "SYSTEM"."AMORTISSEMENTS" 
   (	"ID_AMORTISSEMENT" NUMBER(10,0) GENERATED BY DEFAULT ON NULL AS IDENTITY MINVALUE 1 MAXVALUE 9999999999999999999999999999 INCREMENT BY 1 START WITH 1 CACHE 20 NOORDER  NOCYCLE  NOKEEP  NOSCALE , 
	"ID_BIEN" NUMBER(10,0), 
	"ANNEE" NUMBER(4,0), 
	"MONTANT" NUMBER(38,2), 
	"VALEUR_RESIDUELLE" NUMBER(38,2), 
	"DATE_CALCUL" DATE
   ) PCTFREE 10 PCTUSED 40 INITRANS 1 MAXTRANS 255 
 NOCOMPRESS LOGGING
  STORAGE(INITIAL 65536 NEXT 1048576 MINEXTENTS 1 MAXEXTENTS 2147483645
  PCTINCREASE 0 FREELISTS 1 FREELIST GROUPS 1
  BUFFER_POOL DEFAULT FLASH_CACHE DEFAULT CELL_FLASH_CACHE DEFAULT)
  TABLESPACE "SYSTEM" ;
--------------------------------------------------------
--  DDL for Table AQ$_SCHEDULES
--------------------------------------------------------

  CREATE TABLE "SYSTEM"."AQ$_SCHEDULES" SHARING=METADATA 
   (	"OID" RAW(16), 
	"DESTINATION" VARCHAR2(390 BYTE), 
	"START_TIME" DATE, 
	"DURATION" VARCHAR2(8 BYTE), 
	"NEXT_TIME" VARCHAR2(128 BYTE), 
	"LATENCY" VARCHAR2(8 BYTE), 
	"LAST_TIME" DATE, 
	"JOBNO" NUMBER
   ) PCTFREE 10 PCTUSED 40 INITRANS 1 MAXTRANS 255 
 NOCOMPRESS LOGGING
  STORAGE(INITIAL 65536 NEXT 1048576 MINEXTENTS 1 MAXEXTENTS 2147483645
  PCTINCREASE 0 FREELISTS 1 FREELIST GROUPS 1
  BUFFER_POOL DEFAULT FLASH_CACHE DEFAULT CELL_FLASH_CACHE DEFAULT)
  TABLESPACE "SYSTEM" ;
--------------------------------------------------------
--  DDL for Table BIEN_AGENCE
--------------------------------------------------------

  CREATE TABLE "SYSTEM"."BIEN_AGENCE" 
   (	"ID_BIEN" NUMBER(10,0), 
	"ID_AGENCE" NUMBER(10,0), 
	"DATE_AFFECTATION" DATE, 
	"QUANTITE" NUMBER(10,0), 
	"QUANTITE_CONSO" NUMBER(10,0), 
	"FONCTION" NVARCHAR2(100)
   ) PCTFREE 10 PCTUSED 40 INITRANS 1 MAXTRANS 255 
 NOCOMPRESS LOGGING
  STORAGE(INITIAL 65536 NEXT 1048576 MINEXTENTS 1 MAXEXTENTS 2147483645
  PCTINCREASE 0 FREELISTS 1 FREELIST GROUPS 1
  BUFFER_POOL DEFAULT FLASH_CACHE DEFAULT CELL_FLASH_CACHE DEFAULT)
  TABLESPACE "SYSTEM" ;
--------------------------------------------------------
--  DDL for Table CATEGORIES
--------------------------------------------------------

  CREATE TABLE "SYSTEM"."CATEGORIES" 
   (	"ID_CATEGORIE" NUMBER(10,0) GENERATED BY DEFAULT ON NULL AS IDENTITY MINVALUE 1 MAXVALUE 9999999999999999999999999999 INCREMENT BY 1 START WITH 1 CACHE 20 NOORDER  NOCYCLE  NOKEEP  NOSCALE , 
	"NOM_CATEGORIE" NVARCHAR2(100), 
	"DUREE_AMORTISSEMENT" NUMBER(10,0), 
	"ID_PARENT" NUMBER
   ) PCTFREE 10 PCTUSED 40 INITRANS 1 MAXTRANS 255 
 NOCOMPRESS LOGGING
  STORAGE(INITIAL 65536 NEXT 1048576 MINEXTENTS 1 MAXEXTENTS 2147483645
  PCTINCREASE 0 FREELISTS 1 FREELIST GROUPS 1
  BUFFER_POOL DEFAULT FLASH_CACHE DEFAULT CELL_FLASH_CACHE DEFAULT)
  TABLESPACE "SYSTEM" ;
--------------------------------------------------------
--  DDL for Table ENTREE_FOURNITURES
--------------------------------------------------------

  CREATE TABLE "SYSTEM"."ENTREE_FOURNITURES" 
   (	"ID" NUMBER(10,0) GENERATED BY DEFAULT ON NULL AS IDENTITY MINVALUE 1 MAXVALUE 9999999999999999999999999999 INCREMENT BY 1 START WITH 1 CACHE 20 NOORDER  NOCYCLE  NOKEEP  NOSCALE , 
	"FOURNITURE_ID" NUMBER(10,0), 
	"QUANTITE_ENTREE" NUMBER(10,0), 
	"DATE_ENTREE" DATE, 
	"PRIX_UNITAIRE" NUMBER(38,0), 
	"MONTANT" NUMBER(38,0)
   ) PCTFREE 10 PCTUSED 40 INITRANS 1 MAXTRANS 255 
 NOCOMPRESS LOGGING
  STORAGE(INITIAL 65536 NEXT 1048576 MINEXTENTS 1 MAXEXTENTS 2147483645
  PCTINCREASE 0 FREELISTS 1 FREELIST GROUPS 1
  BUFFER_POOL DEFAULT FLASH_CACHE DEFAULT CELL_FLASH_CACHE DEFAULT)
  TABLESPACE "SYSTEM" ;
--------------------------------------------------------
--  DDL for Table FOURNITURES
--------------------------------------------------------

  CREATE TABLE "SYSTEM"."FOURNITURES" 
   (	"ID" NUMBER(10,0) GENERATED BY DEFAULT ON NULL AS IDENTITY MINVALUE 1 MAXVALUE 9999999999999999999999999999 INCREMENT BY 1 START WITH 1 CACHE 20 NOORDER  NOCYCLE  NOKEEP  NOSCALE , 
	"NOM" NVARCHAR2(100), 
	"PRIX_UNITAIRE" NUMBER(38,0), 
	"QUANTITE_RESTANTE" NUMBER(10,0), 
	"CATEGORIE" NVARCHAR2(100)
   ) PCTFREE 10 PCTUSED 40 INITRANS 1 MAXTRANS 255 
 NOCOMPRESS LOGGING
  STORAGE(INITIAL 65536 NEXT 1048576 MINEXTENTS 1 MAXEXTENTS 2147483645
  PCTINCREASE 0 FREELISTS 1 FREELIST GROUPS 1
  BUFFER_POOL DEFAULT FLASH_CACHE DEFAULT CELL_FLASH_CACHE DEFAULT)
  TABLESPACE "SYSTEM" ;
--------------------------------------------------------
--  DDL for Table HELP
--------------------------------------------------------

  CREATE TABLE "SYSTEM"."HELP" SHARING=METADATA 
   (	"TOPIC" VARCHAR2(50 BYTE), 
	"SEQ" NUMBER, 
	"INFO" VARCHAR2(80 BYTE)
   ) PCTFREE 0 PCTUSED 40 INITRANS 1 MAXTRANS 255 
 NOCOMPRESS LOGGING
  STORAGE(INITIAL 49152 NEXT 1048576 MINEXTENTS 1 MAXEXTENTS 2147483645
  PCTINCREASE 0 FREELISTS 1 FREELIST GROUPS 1
  BUFFER_POOL DEFAULT FLASH_CACHE DEFAULT CELL_FLASH_CACHE DEFAULT)
  TABLESPACE "SYSTEM" ;
  GRANT SELECT ON "SYSTEM"."HELP" TO PUBLIC;
--------------------------------------------------------
--  DDL for Table IMMOBILISATIONS
--------------------------------------------------------

  CREATE TABLE "SYSTEM"."IMMOBILISATIONS" 
   (	"ID_BIEN" NUMBER(10,0) GENERATED BY DEFAULT ON NULL AS IDENTITY MINVALUE 1 MAXVALUE 9999999999999999999999999999 INCREMENT BY 1 START WITH 1 CACHE 20 NOORDER  NOCYCLE  NOKEEP  NOSCALE , 
	"NOM_BIEN" NVARCHAR2(100), 
	"DATE_ACQUISITION" DATE, 
	"VALEUR_ACQUISITION" NUMBER(38,2), 
	"ID_CATEGORIE" NUMBER(10,0), 
	"DUREE_PERSONNALISEE" NUMBER(10,0), 
	"STATUT" NVARCHAR2(50), 
	"QUANTITE" NUMBER(10,0), 
	"CODE_BARRE" NVARCHAR2(50)
   ) PCTFREE 10 PCTUSED 40 INITRANS 1 MAXTRANS 255 
 NOCOMPRESS LOGGING
  STORAGE(INITIAL 65536 NEXT 1048576 MINEXTENTS 1 MAXEXTENTS 2147483645
  PCTINCREASE 0 FREELISTS 1 FREELIST GROUPS 1
  BUFFER_POOL DEFAULT FLASH_CACHE DEFAULT CELL_FLASH_CACHE DEFAULT)
  TABLESPACE "SYSTEM" ;
--------------------------------------------------------
--  DDL for Table LOCALISATIONS
--------------------------------------------------------

  CREATE TABLE "SYSTEM"."LOCALISATIONS" 
   (	"ID" NUMBER(10,0) GENERATED BY DEFAULT ON NULL AS IDENTITY MINVALUE 1 MAXVALUE 9999999999999999999999999999 INCREMENT BY 1 START WITH 1 CACHE 20 NOORDER  NOCYCLE  NOKEEP  NOSCALE , 
	"AGENCE_ID" NUMBER(10,0), 
	"ADRESSE" NVARCHAR2(200)
   ) PCTFREE 10 PCTUSED 40 INITRANS 1 MAXTRANS 255 
 NOCOMPRESS LOGGING
  STORAGE(INITIAL 65536 NEXT 1048576 MINEXTENTS 1 MAXEXTENTS 2147483645
  PCTINCREASE 0 FREELISTS 1 FREELIST GROUPS 1
  BUFFER_POOL DEFAULT FLASH_CACHE DEFAULT CELL_FLASH_CACHE DEFAULT)
  TABLESPACE "SYSTEM" ;
--------------------------------------------------------
--  DDL for Table MVIEW$_ADV_AJG
--------------------------------------------------------

  CREATE TABLE "SYSTEM"."MVIEW$_ADV_AJG" SHARING=METADATA 
   (	"AJGID#" NUMBER, 
	"RUNID#" NUMBER, 
	"AJGDESLEN" NUMBER, 
	"AJGDES" LONG RAW, 
	"HASHVALUE" NUMBER, 
	"FREQUENCY" NUMBER
   ) PCTFREE 10 PCTUSED 40 INITRANS 1 MAXTRANS 255 
 NOCOMPRESS LOGGING
  STORAGE(INITIAL 65536 NEXT 1048576 MINEXTENTS 1 MAXEXTENTS 2147483645
  PCTINCREASE 0 FREELISTS 1 FREELIST GROUPS 1
  BUFFER_POOL DEFAULT FLASH_CACHE DEFAULT CELL_FLASH_CACHE DEFAULT)
  TABLESPACE "SYSTEM" ;

   COMMENT ON TABLE "SYSTEM"."MVIEW$_ADV_AJG"  IS 'Anchor-join graph representation';
--------------------------------------------------------
--  DDL for Table MVIEW$_ADV_BASETABLE
--------------------------------------------------------

  CREATE TABLE "SYSTEM"."MVIEW$_ADV_BASETABLE" SHARING=METADATA 
   (	"COLLECTIONID#" NUMBER, 
	"QUERYID#" NUMBER, 
	"OWNER" VARCHAR2(128 BYTE), 
	"TABLE_NAME" VARCHAR2(128 BYTE), 
	"TABLE_TYPE" NUMBER
   ) PCTFREE 10 PCTUSED 40 INITRANS 1 MAXTRANS 255 
 NOCOMPRESS LOGGING
  STORAGE(INITIAL 65536 NEXT 1048576 MINEXTENTS 1 MAXEXTENTS 2147483645
  PCTINCREASE 0 FREELISTS 1 FREELIST GROUPS 1
  BUFFER_POOL DEFAULT FLASH_CACHE DEFAULT CELL_FLASH_CACHE DEFAULT)
  TABLESPACE "SYSTEM" ;

   COMMENT ON TABLE "SYSTEM"."MVIEW$_ADV_BASETABLE"  IS 'Base tables refered by a query';
--------------------------------------------------------
--  DDL for Table MVIEW$_ADV_CLIQUE
--------------------------------------------------------

  CREATE TABLE "SYSTEM"."MVIEW$_ADV_CLIQUE" SHARING=METADATA 
   (	"CLIQUEID#" NUMBER, 
	"RUNID#" NUMBER, 
	"CLIQUEDESLEN" NUMBER, 
	"CLIQUEDES" LONG RAW, 
	"HASHVALUE" NUMBER, 
	"FREQUENCY" NUMBER, 
	"BYTECOST" NUMBER, 
	"ROWSIZE" NUMBER, 
	"NUMROWS" NUMBER
   ) PCTFREE 10 PCTUSED 40 INITRANS 1 MAXTRANS 255 
 NOCOMPRESS LOGGING
  STORAGE(INITIAL 65536 NEXT 1048576 MINEXTENTS 1 MAXEXTENTS 2147483645
  PCTINCREASE 0 FREELISTS 1 FREELIST GROUPS 1
  BUFFER_POOL DEFAULT FLASH_CACHE DEFAULT CELL_FLASH_CACHE DEFAULT)
  TABLESPACE "SYSTEM" ;

   COMMENT ON TABLE "SYSTEM"."MVIEW$_ADV_CLIQUE"  IS 'Table for storing canonical form of Clique queries';
--------------------------------------------------------
--  DDL for Table MVIEW$_ADV_ELIGIBLE
--------------------------------------------------------

  CREATE TABLE "SYSTEM"."MVIEW$_ADV_ELIGIBLE" SHARING=METADATA 
   (	"SUMOBJN#" NUMBER, 
	"RUNID#" NUMBER, 
	"BYTECOST" NUMBER, 
	"FLAGS" NUMBER, 
	"FREQUENCY" NUMBER
   ) PCTFREE 10 PCTUSED 40 INITRANS 1 MAXTRANS 255 
 NOCOMPRESS LOGGING
  STORAGE(INITIAL 65536 NEXT 1048576 MINEXTENTS 1 MAXEXTENTS 2147483645
  PCTINCREASE 0 FREELISTS 1 FREELIST GROUPS 1
  BUFFER_POOL DEFAULT FLASH_CACHE DEFAULT CELL_FLASH_CACHE DEFAULT)
  TABLESPACE "SYSTEM" ;

   COMMENT ON TABLE "SYSTEM"."MVIEW$_ADV_ELIGIBLE"  IS 'Summary management rewrite eligibility information';
--------------------------------------------------------
--  DDL for Table MVIEW$_ADV_EXCEPTIONS
--------------------------------------------------------

  CREATE TABLE "SYSTEM"."MVIEW$_ADV_EXCEPTIONS" SHARING=METADATA 
   (	"RUNID#" NUMBER, 
	"OWNER" VARCHAR2(128 BYTE), 
	"TABLE_NAME" VARCHAR2(128 BYTE), 
	"DIMENSION_NAME" VARCHAR2(128 BYTE), 
	"RELATIONSHIP" VARCHAR2(11 BYTE), 
	"BAD_ROWID" ROWID
   ) PCTFREE 10 PCTUSED 40 INITRANS 1 MAXTRANS 255 
 NOCOMPRESS LOGGING
  STORAGE(INITIAL 65536 NEXT 1048576 MINEXTENTS 1 MAXEXTENTS 2147483645
  PCTINCREASE 0 FREELISTS 1 FREELIST GROUPS 1
  BUFFER_POOL DEFAULT FLASH_CACHE DEFAULT CELL_FLASH_CACHE DEFAULT)
  TABLESPACE "SYSTEM" ;

   COMMENT ON TABLE "SYSTEM"."MVIEW$_ADV_EXCEPTIONS"  IS 'Output table for dimension validations';
--------------------------------------------------------
--  DDL for Table MVIEW$_ADV_FILTER
--------------------------------------------------------

  CREATE TABLE "SYSTEM"."MVIEW$_ADV_FILTER" SHARING=METADATA 
   (	"FILTERID#" NUMBER, 
	"SUBFILTERNUM#" NUMBER, 
	"SUBFILTERTYPE" NUMBER, 
	"STR_VALUE" VARCHAR2(1028 BYTE), 
	"NUM_VALUE1" NUMBER, 
	"NUM_VALUE2" NUMBER, 
	"DATE_VALUE1" DATE, 
	"DATE_VALUE2" DATE
   ) PCTFREE 10 PCTUSED 40 INITRANS 1 MAXTRANS 255 
 NOCOMPRESS LOGGING
  STORAGE(INITIAL 65536 NEXT 1048576 MINEXTENTS 1 MAXEXTENTS 2147483645
  PCTINCREASE 0 FREELISTS 1 FREELIST GROUPS 1
  BUFFER_POOL DEFAULT FLASH_CACHE DEFAULT CELL_FLASH_CACHE DEFAULT)
  TABLESPACE "SYSTEM" ;

   COMMENT ON TABLE "SYSTEM"."MVIEW$_ADV_FILTER"  IS 'Table for workload filter definition';
--------------------------------------------------------
--  DDL for Table MVIEW$_ADV_FILTERINSTANCE
--------------------------------------------------------

  CREATE TABLE "SYSTEM"."MVIEW$_ADV_FILTERINSTANCE" SHARING=METADATA 
   (	"RUNID#" NUMBER, 
	"FILTERID#" NUMBER, 
	"SUBFILTERNUM#" NUMBER, 
	"SUBFILTERTYPE" NUMBER, 
	"STR_VALUE" VARCHAR2(1028 BYTE), 
	"NUM_VALUE1" NUMBER, 
	"NUM_VALUE2" NUMBER, 
	"DATE_VALUE1" DATE, 
	"DATE_VALUE2" DATE
   ) PCTFREE 10 PCTUSED 40 INITRANS 1 MAXTRANS 255 
 NOCOMPRESS LOGGING
  STORAGE(INITIAL 65536 NEXT 1048576 MINEXTENTS 1 MAXEXTENTS 2147483645
  PCTINCREASE 0 FREELISTS 1 FREELIST GROUPS 1
  BUFFER_POOL DEFAULT FLASH_CACHE DEFAULT CELL_FLASH_CACHE DEFAULT)
  TABLESPACE "SYSTEM" ;

   COMMENT ON TABLE "SYSTEM"."MVIEW$_ADV_FILTERINSTANCE"  IS 'Table for workload filter instance definition';
--------------------------------------------------------
--  DDL for Table MVIEW$_ADV_FJG
--------------------------------------------------------

  CREATE TABLE "SYSTEM"."MVIEW$_ADV_FJG" SHARING=METADATA 
   (	"FJGID#" NUMBER, 
	"AJGID#" NUMBER, 
	"FJGDESLEN" NUMBER, 
	"FJGDES" LONG RAW, 
	"HASHVALUE" NUMBER, 
	"FREQUENCY" NUMBER
   ) PCTFREE 10 PCTUSED 40 INITRANS 1 MAXTRANS 255 
 NOCOMPRESS LOGGING
  STORAGE(INITIAL 65536 NEXT 1048576 MINEXTENTS 1 MAXEXTENTS 2147483645
  PCTINCREASE 0 FREELISTS 1 FREELIST GROUPS 1
  BUFFER_POOL DEFAULT FLASH_CACHE DEFAULT CELL_FLASH_CACHE DEFAULT)
  TABLESPACE "SYSTEM" ;

   COMMENT ON TABLE "SYSTEM"."MVIEW$_ADV_FJG"  IS 'Representation for query join sub-graph not in AJG ';
--------------------------------------------------------
--  DDL for Table MVIEW$_ADV_GC
--------------------------------------------------------

  CREATE TABLE "SYSTEM"."MVIEW$_ADV_GC" SHARING=METADATA 
   (	"GCID#" NUMBER, 
	"FJGID#" NUMBER, 
	"GCDESLEN" NUMBER, 
	"GCDES" LONG RAW, 
	"HASHVALUE" NUMBER, 
	"FREQUENCY" NUMBER
   ) PCTFREE 10 PCTUSED 40 INITRANS 1 MAXTRANS 255 
 NOCOMPRESS LOGGING
  STORAGE(INITIAL 65536 NEXT 1048576 MINEXTENTS 1 MAXEXTENTS 2147483645
  PCTINCREASE 0 FREELISTS 1 FREELIST GROUPS 1
  BUFFER_POOL DEFAULT FLASH_CACHE DEFAULT CELL_FLASH_CACHE DEFAULT)
  TABLESPACE "SYSTEM" ;

   COMMENT ON TABLE "SYSTEM"."MVIEW$_ADV_GC"  IS 'Group-by columns of a query';
--------------------------------------------------------
--  DDL for Table MVIEW$_ADV_INFO
--------------------------------------------------------

  CREATE TABLE "SYSTEM"."MVIEW$_ADV_INFO" SHARING=METADATA 
   (	"RUNID#" NUMBER, 
	"SEQ#" NUMBER, 
	"TYPE" NUMBER, 
	"INFOLEN" NUMBER, 
	"INFO" LONG RAW, 
	"STATUS" NUMBER, 
	"FLAG" NUMBER
   ) PCTFREE 10 PCTUSED 40 INITRANS 1 MAXTRANS 255 
 NOCOMPRESS LOGGING
  STORAGE(INITIAL 65536 NEXT 1048576 MINEXTENTS 1 MAXEXTENTS 2147483645
  PCTINCREASE 0 FREELISTS 1 FREELIST GROUPS 1
  BUFFER_POOL DEFAULT FLASH_CACHE DEFAULT CELL_FLASH_CACHE DEFAULT)
  TABLESPACE "SYSTEM" ;

   COMMENT ON TABLE "SYSTEM"."MVIEW$_ADV_INFO"  IS 'Internal table for passing information from the SQL analyzer';
--------------------------------------------------------
--  DDL for Table MVIEW$_ADV_JOURNAL
--------------------------------------------------------

  CREATE TABLE "SYSTEM"."MVIEW$_ADV_JOURNAL" SHARING=METADATA 
   (	"RUNID#" NUMBER, 
	"SEQ#" NUMBER, 
	"TIMESTAMP" DATE, 
	"FLAGS" NUMBER, 
	"NUM" NUMBER, 
	"TEXT" LONG, 
	"TEXTLEN" NUMBER
   ) PCTFREE 10 PCTUSED 40 INITRANS 1 MAXTRANS 255 
 NOCOMPRESS LOGGING
  STORAGE(INITIAL 65536 NEXT 1048576 MINEXTENTS 1 MAXEXTENTS 2147483645
  PCTINCREASE 0 FREELISTS 1 FREELIST GROUPS 1
  BUFFER_POOL DEFAULT FLASH_CACHE DEFAULT CELL_FLASH_CACHE DEFAULT)
  TABLESPACE "SYSTEM" ;

   COMMENT ON TABLE "SYSTEM"."MVIEW$_ADV_JOURNAL"  IS 'Summary advisor journal table for debugging and information';
--------------------------------------------------------
--  DDL for Table MVIEW$_ADV_LEVEL
--------------------------------------------------------

  CREATE TABLE "SYSTEM"."MVIEW$_ADV_LEVEL" SHARING=METADATA 
   (	"RUNID#" NUMBER, 
	"LEVELID#" NUMBER, 
	"DIMOBJ#" NUMBER, 
	"FLAGS" NUMBER, 
	"TBLOBJ#" NUMBER, 
	"COLUMNLIST" RAW(70), 
	"LEVELNAME" VARCHAR2(128 BYTE)
   ) PCTFREE 10 PCTUSED 40 INITRANS 1 MAXTRANS 255 
 NOCOMPRESS LOGGING
  STORAGE(INITIAL 65536 NEXT 1048576 MINEXTENTS 1 MAXEXTENTS 2147483645
  PCTINCREASE 0 FREELISTS 1 FREELIST GROUPS 1
  BUFFER_POOL DEFAULT FLASH_CACHE DEFAULT CELL_FLASH_CACHE DEFAULT)
  TABLESPACE "SYSTEM" ;

   COMMENT ON TABLE "SYSTEM"."MVIEW$_ADV_LEVEL"  IS 'Level definition';
--------------------------------------------------------
--  DDL for Table MVIEW$_ADV_LOG
--------------------------------------------------------

  CREATE TABLE "SYSTEM"."MVIEW$_ADV_LOG" SHARING=METADATA 
   (	"RUNID#" NUMBER, 
	"FILTERID#" NUMBER, 
	"RUN_BEGIN" DATE, 
	"RUN_END" DATE, 
	"RUN_TYPE" NUMBER, 
	"UNAME" VARCHAR2(128 BYTE), 
	"STATUS" NUMBER, 
	"MESSAGE" VARCHAR2(2000 BYTE), 
	"COMPLETED" NUMBER, 
	"TOTAL" NUMBER, 
	"ERROR_CODE" VARCHAR2(20 BYTE)
   ) PCTFREE 10 PCTUSED 40 INITRANS 1 MAXTRANS 255 
 NOCOMPRESS LOGGING
  STORAGE(INITIAL 65536 NEXT 1048576 MINEXTENTS 1 MAXEXTENTS 2147483645
  PCTINCREASE 0 FREELISTS 1 FREELIST GROUPS 1
  BUFFER_POOL DEFAULT FLASH_CACHE DEFAULT CELL_FLASH_CACHE DEFAULT)
  TABLESPACE "SYSTEM" ;

   COMMENT ON TABLE "SYSTEM"."MVIEW$_ADV_LOG"  IS 'Log all calls to summary advisory functions';
--------------------------------------------------------
--  DDL for Table MVIEW$_ADV_OUTPUT
--------------------------------------------------------

  CREATE TABLE "SYSTEM"."MVIEW$_ADV_OUTPUT" SHARING=METADATA 
   (	"RUNID#" NUMBER, 
	"OUTPUT_TYPE" NUMBER, 
	"RANK#" NUMBER, 
	"ACTION_TYPE" VARCHAR2(6 BYTE), 
	"SUMMARY_OWNER" VARCHAR2(128 BYTE), 
	"SUMMARY_NAME" VARCHAR2(128 BYTE), 
	"GROUP_BY_COLUMNS" VARCHAR2(2000 BYTE), 
	"WHERE_CLAUSE" VARCHAR2(2000 BYTE), 
	"FROM_CLAUSE" VARCHAR2(2000 BYTE), 
	"MEASURES_LIST" VARCHAR2(2000 BYTE), 
	"FACT_TABLES" VARCHAR2(1000 BYTE), 
	"GROUPING_LEVELS" VARCHAR2(2000 BYTE), 
	"QUERYLEN" NUMBER, 
	"QUERY_TEXT" LONG, 
	"STORAGE_IN_BYTES" NUMBER, 
	"PCT_PERFORMANCE_GAIN" NUMBER, 
	"FREQUENCY" NUMBER, 
	"CUMULATIVE_BENEFIT" NUMBER, 
	"BENEFIT_TO_COST_RATIO" NUMBER, 
	"VALIDATED" NUMBER
   ) PCTFREE 10 PCTUSED 40 INITRANS 1 MAXTRANS 255 
 NOCOMPRESS LOGGING
  STORAGE(INITIAL 65536 NEXT 1048576 MINEXTENTS 1 MAXEXTENTS 2147483645
  PCTINCREASE 0 FREELISTS 1 FREELIST GROUPS 1
  BUFFER_POOL DEFAULT FLASH_CACHE DEFAULT CELL_FLASH_CACHE DEFAULT)
  TABLESPACE "SYSTEM" ;

   COMMENT ON TABLE "SYSTEM"."MVIEW$_ADV_OUTPUT"  IS 'Output table for summary recommendations and evaluations';
--------------------------------------------------------
--  DDL for Table MVIEW$_ADV_PARAMETERS
--------------------------------------------------------

  CREATE TABLE "SYSTEM"."MVIEW$_ADV_PARAMETERS" SHARING=METADATA 
   (	"PARAMETER_NAME" VARCHAR2(128 BYTE), 
	"PARAMETER_TYPE" NUMBER, 
	"STRING_VALUE" VARCHAR2(30 BYTE), 
	"DATE_VALUE" DATE, 
	"NUMERICAL_VALUE" NUMBER
   ) PCTFREE 10 PCTUSED 40 INITRANS 1 MAXTRANS 255 
 NOCOMPRESS LOGGING
  STORAGE(INITIAL 65536 NEXT 1048576 MINEXTENTS 1 MAXEXTENTS 2147483645
  PCTINCREASE 0 FREELISTS 1 FREELIST GROUPS 1
  BUFFER_POOL DEFAULT FLASH_CACHE DEFAULT CELL_FLASH_CACHE DEFAULT)
  TABLESPACE "SYSTEM" ;

   COMMENT ON TABLE "SYSTEM"."MVIEW$_ADV_PARAMETERS"  IS 'Summary advisor tuning parameters';
--------------------------------------------------------
--  DDL for Table MVIEW$_ADV_PLAN
--------------------------------------------------------

  CREATE TABLE "SYSTEM"."MVIEW$_ADV_PLAN" SHARING=METADATA 
   (	"STATEMENT_ID" VARCHAR2(30 BYTE), 
	"TIMESTAMP" DATE, 
	"REMARKS" VARCHAR2(80 BYTE), 
	"OPERATION" VARCHAR2(30 BYTE), 
	"OPTIONS" VARCHAR2(255 BYTE), 
	"OBJECT_NODE" VARCHAR2(128 BYTE), 
	"OBJECT_OWNER" VARCHAR2(128 BYTE), 
	"OBJECT_NAME" VARCHAR2(128 BYTE), 
	"OBJECT_INSTANCE" NUMBER(*,0), 
	"OBJECT_TYPE" VARCHAR2(30 BYTE), 
	"OPTIMIZER" VARCHAR2(255 BYTE), 
	"SEARCH_COLUMNS" NUMBER, 
	"ID" NUMBER(*,0), 
	"PARENT_ID" NUMBER(*,0), 
	"POSITION" NUMBER(*,0), 
	"COST" NUMBER(*,0), 
	"CARDINALITY" NUMBER(*,0), 
	"BYTES" NUMBER(*,0), 
	"OTHER_TAG" VARCHAR2(255 BYTE), 
	"PARTITION_START" VARCHAR2(255 BYTE), 
	"PARTITION_STOP" VARCHAR2(255 BYTE), 
	"PARTITION_ID" NUMBER(*,0), 
	"OTHER" LONG, 
	"DISTRIBUTION" VARCHAR2(30 BYTE), 
	"CPU_COST" NUMBER(*,0), 
	"IO_COST" NUMBER(*,0), 
	"TEMP_SPACE" NUMBER(*,0)
   ) PCTFREE 10 PCTUSED 40 INITRANS 1 MAXTRANS 255 
 NOCOMPRESS LOGGING
  STORAGE(INITIAL 65536 NEXT 1048576 MINEXTENTS 1 MAXEXTENTS 2147483645
  PCTINCREASE 0 FREELISTS 1 FREELIST GROUPS 1
  BUFFER_POOL DEFAULT FLASH_CACHE DEFAULT CELL_FLASH_CACHE DEFAULT)
  TABLESPACE "SYSTEM" ;

   COMMENT ON TABLE "SYSTEM"."MVIEW$_ADV_PLAN"  IS 'Private plan table for estimate_mview_size operations';
--------------------------------------------------------
--  DDL for Table MVIEW$_ADV_PRETTY
--------------------------------------------------------

  CREATE TABLE "SYSTEM"."MVIEW$_ADV_PRETTY" SHARING=METADATA 
   (	"QUERYID#" NUMBER, 
	"SQL_TEXT" LONG
   ) PCTFREE 10 PCTUSED 40 INITRANS 1 MAXTRANS 255 
 NOCOMPRESS LOGGING
  STORAGE(INITIAL 65536 NEXT 1048576 MINEXTENTS 1 MAXEXTENTS 2147483645
  PCTINCREASE 0 FREELISTS 1 FREELIST GROUPS 1
  BUFFER_POOL DEFAULT FLASH_CACHE DEFAULT CELL_FLASH_CACHE DEFAULT)
  TABLESPACE "SYSTEM" ;

   COMMENT ON TABLE "SYSTEM"."MVIEW$_ADV_PRETTY"  IS 'Table for sql parsing';
--------------------------------------------------------
--  DDL for Table MVIEW$_ADV_ROLLUP
--------------------------------------------------------

  CREATE TABLE "SYSTEM"."MVIEW$_ADV_ROLLUP" SHARING=METADATA 
   (	"RUNID#" NUMBER, 
	"CLEVELID#" NUMBER, 
	"PLEVELID#" NUMBER, 
	"FLAGS" NUMBER
   ) PCTFREE 10 PCTUSED 40 INITRANS 1 MAXTRANS 255 
 NOCOMPRESS LOGGING
  STORAGE(INITIAL 65536 NEXT 1048576 MINEXTENTS 1 MAXEXTENTS 2147483645
  PCTINCREASE 0 FREELISTS 1 FREELIST GROUPS 1
  BUFFER_POOL DEFAULT FLASH_CACHE DEFAULT CELL_FLASH_CACHE DEFAULT)
  TABLESPACE "SYSTEM" ;

   COMMENT ON TABLE "SYSTEM"."MVIEW$_ADV_ROLLUP"  IS 'Each row repesents either a functional dependency or join-key relationship';
--------------------------------------------------------
--  DDL for Table MVIEW$_ADV_SQLDEPEND
--------------------------------------------------------

  CREATE TABLE "SYSTEM"."MVIEW$_ADV_SQLDEPEND" SHARING=METADATA 
   (	"COLLECTIONID#" NUMBER, 
	"INST_ID" NUMBER, 
	"FROM_ADDRESS" RAW(16), 
	"FROM_HASH" NUMBER, 
	"TO_OWNER" VARCHAR2(128 BYTE), 
	"TO_NAME" VARCHAR2(1000 BYTE), 
	"TO_TYPE" NUMBER, 
	"CARDINALITY" NUMBER
   ) PCTFREE 10 PCTUSED 40 INITRANS 1 MAXTRANS 255 
 NOCOMPRESS LOGGING
  STORAGE(INITIAL 65536 NEXT 1048576 MINEXTENTS 1 MAXEXTENTS 2147483645
  PCTINCREASE 0 FREELISTS 1 FREELIST GROUPS 1
  BUFFER_POOL DEFAULT FLASH_CACHE DEFAULT CELL_FLASH_CACHE DEFAULT)
  TABLESPACE "SYSTEM" ;

   COMMENT ON TABLE "SYSTEM"."MVIEW$_ADV_SQLDEPEND"  IS 'Temporary table for workload collections';
--------------------------------------------------------
--  DDL for Table MVIEW$_ADV_TEMP
--------------------------------------------------------

  CREATE TABLE "SYSTEM"."MVIEW$_ADV_TEMP" SHARING=METADATA 
   (	"ID#" NUMBER, 
	"SEQ#" NUMBER, 
	"TEXT" LONG
   ) PCTFREE 10 PCTUSED 40 INITRANS 1 MAXTRANS 255 
 NOCOMPRESS LOGGING
  STORAGE(INITIAL 65536 NEXT 1048576 MINEXTENTS 1 MAXEXTENTS 2147483645
  PCTINCREASE 0 FREELISTS 1 FREELIST GROUPS 1
  BUFFER_POOL DEFAULT FLASH_CACHE DEFAULT CELL_FLASH_CACHE DEFAULT)
  TABLESPACE "SYSTEM" ;

   COMMENT ON TABLE "SYSTEM"."MVIEW$_ADV_TEMP"  IS 'Table for temporary data';
--------------------------------------------------------
--  DDL for Table MVIEW$_ADV_WORKLOAD
--------------------------------------------------------

  CREATE TABLE "SYSTEM"."MVIEW$_ADV_WORKLOAD" SHARING=METADATA 
   (	"QUERYID#" NUMBER, 
	"COLLECTIONID#" NUMBER, 
	"COLLECTTIME" DATE, 
	"APPLICATION" VARCHAR2(128 BYTE), 
	"CARDINALITY" NUMBER, 
	"RESULTSIZE" NUMBER, 
	"UNAME" VARCHAR2(128 BYTE), 
	"QDATE" DATE, 
	"PRIORITY" NUMBER, 
	"EXEC_TIME" NUMBER, 
	"SQL_TEXT" LONG, 
	"SQL_TEXTLEN" NUMBER, 
	"SQL_HASH" NUMBER, 
	"SQL_ADDR" RAW(16), 
	"FREQUENCY" NUMBER
   ) PCTFREE 10 PCTUSED 40 INITRANS 1 MAXTRANS 255 
 NOCOMPRESS LOGGING
  STORAGE(INITIAL 65536 NEXT 1048576 MINEXTENTS 1 MAXEXTENTS 2147483645
  PCTINCREASE 0 FREELISTS 1 FREELIST GROUPS 1
  BUFFER_POOL DEFAULT FLASH_CACHE DEFAULT CELL_FLASH_CACHE DEFAULT)
  TABLESPACE "SYSTEM" ;

   COMMENT ON TABLE "SYSTEM"."MVIEW$_ADV_WORKLOAD"  IS 'Shared workload repository for DBA users of summary advisor';
--------------------------------------------------------
--  DDL for Table NOTIFICATIONS
--------------------------------------------------------

  CREATE TABLE "SYSTEM"."NOTIFICATIONS" 
   (	"ID" NUMBER(10,0) GENERATED BY DEFAULT ON NULL AS IDENTITY MINVALUE 1 MAXVALUE 9999999999999999999999999999 INCREMENT BY 1 START WITH 1 CACHE 20 NOORDER  NOCYCLE  NOKEEP  NOSCALE , 
	"USER_ID" NUMBER(10,0), 
	"AGENCE_ID" NUMBER(10,0), 
	"FOURNITURE_ID" NUMBER(10,0), 
	"BIEN_ID" NUMBER(10,0), 
	"TITRE" NVARCHAR2(100), 
	"DATE_DEMANDE" TIMESTAMP (6), 
	"STATUT" NVARCHAR2(50), 
	"CORPS" VARCHAR2(2000 BYTE)
   ) PCTFREE 10 PCTUSED 40 INITRANS 1 MAXTRANS 255 
 NOCOMPRESS LOGGING
  STORAGE(INITIAL 65536 NEXT 1048576 MINEXTENTS 1 MAXEXTENTS 2147483645
  PCTINCREASE 0 FREELISTS 1 FREELIST GROUPS 1
  BUFFER_POOL DEFAULT FLASH_CACHE DEFAULT CELL_FLASH_CACHE DEFAULT)
  TABLESPACE "SYSTEM" ;
--------------------------------------------------------
--  DDL for Table OL$
--------------------------------------------------------

  CREATE GLOBAL TEMPORARY TABLE "SYSTEM"."OL$" SHARING=METADATA 
   (	"OL_NAME" VARCHAR2(128 BYTE), 
	"SQL_TEXT" LONG, 
	"TEXTLEN" NUMBER, 
	"SIGNATURE" RAW(16), 
	"HASH_VALUE" NUMBER, 
	"HASH_VALUE2" NUMBER, 
	"CATEGORY" VARCHAR2(128 BYTE), 
	"VERSION" VARCHAR2(64 BYTE), 
	"CREATOR" VARCHAR2(128 BYTE), 
	"TIMESTAMP" DATE, 
	"FLAGS" NUMBER, 
	"HINTCOUNT" NUMBER, 
	"SPARE1" NUMBER, 
	"SPARE2" VARCHAR2(1000 BYTE)
   ) ON COMMIT PRESERVE ROWS ;
  GRANT DELETE ON "SYSTEM"."OL$" TO PUBLIC;
  GRANT INSERT ON "SYSTEM"."OL$" TO PUBLIC;
  GRANT SELECT ON "SYSTEM"."OL$" TO PUBLIC;
  GRANT UPDATE ON "SYSTEM"."OL$" TO PUBLIC;
--------------------------------------------------------
--  DDL for Table OL$HINTS
--------------------------------------------------------

  CREATE GLOBAL TEMPORARY TABLE "SYSTEM"."OL$HINTS" SHARING=METADATA 
   (	"OL_NAME" VARCHAR2(128 BYTE), 
	"HINT#" NUMBER, 
	"CATEGORY" VARCHAR2(128 BYTE), 
	"HINT_TYPE" NUMBER, 
	"HINT_TEXT" VARCHAR2(512 BYTE), 
	"STAGE#" NUMBER, 
	"NODE#" NUMBER, 
	"TABLE_NAME" VARCHAR2(128 BYTE), 
	"TABLE_TIN" NUMBER, 
	"TABLE_POS" NUMBER, 
	"REF_ID" NUMBER, 
	"USER_TABLE_NAME" VARCHAR2(260 BYTE), 
	"COST" FLOAT(126), 
	"CARDINALITY" FLOAT(126), 
	"BYTES" FLOAT(126), 
	"HINT_TEXTOFF" NUMBER, 
	"HINT_TEXTLEN" NUMBER, 
	"JOIN_PRED" VARCHAR2(2000 BYTE), 
	"SPARE1" NUMBER, 
	"SPARE2" NUMBER, 
	"HINT_STRING" CLOB
   ) ON COMMIT PRESERVE ROWS 
 LOB ("HINT_STRING") STORE AS BASICFILE (ENABLE STORAGE IN ROW 4000 CHUNK 8192 RETENTION 
  NOCACHE ) ;
  GRANT DELETE ON "SYSTEM"."OL$HINTS" TO PUBLIC;
  GRANT INSERT ON "SYSTEM"."OL$HINTS" TO PUBLIC;
  GRANT SELECT ON "SYSTEM"."OL$HINTS" TO PUBLIC;
  GRANT UPDATE ON "SYSTEM"."OL$HINTS" TO PUBLIC;
--------------------------------------------------------
--  DDL for Table OL$NODES
--------------------------------------------------------

  CREATE GLOBAL TEMPORARY TABLE "SYSTEM"."OL$NODES" SHARING=METADATA 
   (	"OL_NAME" VARCHAR2(128 BYTE), 
	"CATEGORY" VARCHAR2(128 BYTE), 
	"NODE_ID" NUMBER, 
	"PARENT_ID" NUMBER, 
	"NODE_TYPE" NUMBER, 
	"NODE_TEXTLEN" NUMBER, 
	"NODE_TEXTOFF" NUMBER, 
	"NODE_NAME" VARCHAR2(64 BYTE)
   ) ON COMMIT PRESERVE ROWS ;
  GRANT DELETE ON "SYSTEM"."OL$NODES" TO PUBLIC;
  GRANT INSERT ON "SYSTEM"."OL$NODES" TO PUBLIC;
  GRANT SELECT ON "SYSTEM"."OL$NODES" TO PUBLIC;
  GRANT UPDATE ON "SYSTEM"."OL$NODES" TO PUBLIC;
--------------------------------------------------------
--  DDL for Table REDO_DB
--------------------------------------------------------

  CREATE TABLE "SYSTEM"."REDO_DB" SHARING=METADATA 
   (	"DBID" NUMBER, 
	"GLOBAL_DBNAME" VARCHAR2(129 BYTE), 
	"DBUNAME" VARCHAR2(32 BYTE), 
	"VERSION" VARCHAR2(32 BYTE), 
	"THREAD#" NUMBER, 
	"RESETLOGS_SCN_BAS" NUMBER, 
	"RESETLOGS_SCN_WRP" NUMBER, 
	"RESETLOGS_TIME" NUMBER, 
	"PRESETLOGS_SCN_BAS" NUMBER, 
	"PRESETLOGS_SCN_WRP" NUMBER, 
	"PRESETLOGS_TIME" NUMBER, 
	"SEQNO_RCV_CUR" NUMBER, 
	"SEQNO_RCV_LO" NUMBER, 
	"SEQNO_RCV_HI" NUMBER, 
	"SEQNO_DONE_CUR" NUMBER, 
	"SEQNO_DONE_LO" NUMBER, 
	"SEQNO_DONE_HI" NUMBER, 
	"GAP_SEQNO" NUMBER, 
	"GAP_RET" NUMBER, 
	"GAP_DONE" NUMBER, 
	"APPLY_SEQNO" NUMBER, 
	"APPLY_DONE" NUMBER, 
	"PURGE_DONE" NUMBER, 
	"HAS_CHILD" NUMBER, 
	"ERROR1" NUMBER, 
	"STATUS" NUMBER, 
	"CREATE_DATE" DATE, 
	"TS1" NUMBER, 
	"TS2" NUMBER, 
	"GAP_NEXT_SCN" NUMBER, 
	"GAP_NEXT_TIME" NUMBER, 
	"CURSCN_TIME" NUMBER, 
	"RESETLOGS_SCN" NUMBER, 
	"PRESETLOGS_SCN" NUMBER, 
	"GAP_RET2" NUMBER, 
	"CURLOG" NUMBER, 
	"ENDIAN" NUMBER, 
	"ENQIDX" NUMBER, 
	"SPARE4" NUMBER, 
	"SPARE5" DATE, 
	"SPARE6" VARCHAR2(65 BYTE), 
	"SPARE7" VARCHAR2(129 BYTE), 
	"TS3" NUMBER, 
	"CURBLKNO" NUMBER, 
	"SPARE8" NUMBER, 
	"SPARE9" NUMBER, 
	"SPARE10" NUMBER, 
	"SPARE11" NUMBER, 
	"SPARE12" NUMBER, 
	"TENANT_KEY" NUMBER
   ) PCTFREE 10 PCTUSED 40 INITRANS 1 MAXTRANS 255 
 NOCOMPRESS LOGGING
  STORAGE(INITIAL 65536 NEXT 1048576 MINEXTENTS 1 MAXEXTENTS 2147483645
  PCTINCREASE 0 FREELISTS 1 FREELIST GROUPS 1
  BUFFER_POOL DEFAULT FLASH_CACHE DEFAULT CELL_FLASH_CACHE DEFAULT)
  TABLESPACE "SYSAUX" ;
--------------------------------------------------------
--  DDL for Table REDO_LOG
--------------------------------------------------------

  CREATE TABLE "SYSTEM"."REDO_LOG" SHARING=METADATA 
   (	"DBID" NUMBER, 
	"GLOBAL_DBNAME" VARCHAR2(129 BYTE), 
	"DBUNAME" VARCHAR2(32 BYTE), 
	"VERSION" VARCHAR2(32 BYTE), 
	"THREAD#" NUMBER, 
	"RESETLOGS_SCN_BAS" NUMBER, 
	"RESETLOGS_SCN_WRP" NUMBER, 
	"RESETLOGS_TIME" NUMBER, 
	"PRESETLOGS_SCN_BAS" NUMBER, 
	"PRESETLOGS_SCN_WRP" NUMBER, 
	"PRESETLOGS_TIME" NUMBER, 
	"SEQUENCE#" NUMBER, 
	"DUPID" NUMBER, 
	"STATUS1" NUMBER, 
	"STATUS2" NUMBER, 
	"CREATE_TIME" VARCHAR2(32 BYTE), 
	"CLOSE_TIME" VARCHAR2(32 BYTE), 
	"DONE_TIME" VARCHAR2(32 BYTE), 
	"FIRST_SCN_BAS" NUMBER, 
	"FIRST_SCN_WRP" NUMBER, 
	"FIRST_TIME" NUMBER, 
	"NEXT_SCN_BAS" NUMBER, 
	"NEXT_SCN_WRP" NUMBER, 
	"NEXT_TIME" NUMBER, 
	"FIRST_SCN" NUMBER, 
	"NEXT_SCN" NUMBER, 
	"RESETLOGS_SCN" NUMBER, 
	"BLOCKS" NUMBER, 
	"BLOCK_SIZE" NUMBER, 
	"OLD_BLOCKS" NUMBER, 
	"CREATE_DATE" DATE, 
	"ERROR1" NUMBER, 
	"ERROR2" NUMBER, 
	"FILENAME" VARCHAR2(513 BYTE), 
	"TS1" NUMBER, 
	"TS2" NUMBER, 
	"ENDIAN" NUMBER, 
	"SPARE2" NUMBER, 
	"SPARE3" NUMBER, 
	"SPARE4" NUMBER, 
	"SPARE5" DATE, 
	"SPARE6" VARCHAR2(65 BYTE), 
	"SPARE7" VARCHAR2(129 BYTE), 
	"TS3" NUMBER, 
	"PRESETLOGS_SCN" NUMBER, 
	"SPARE8" NUMBER, 
	"SPARE9" NUMBER, 
	"SPARE10" NUMBER, 
	"OLD_STATUS1" NUMBER, 
	"OLD_STATUS2" NUMBER, 
	"OLD_FILENAME" VARCHAR2(513 BYTE), 
	"TENANT_KEY" NUMBER
   ) PCTFREE 10 PCTUSED 40 INITRANS 1 MAXTRANS 255 
 NOCOMPRESS LOGGING
  STORAGE(INITIAL 65536 NEXT 1048576 MINEXTENTS 1 MAXEXTENTS 2147483645
  PCTINCREASE 0 FREELISTS 1 FREELIST GROUPS 1
  BUFFER_POOL DEFAULT FLASH_CACHE DEFAULT CELL_FLASH_CACHE DEFAULT)
  TABLESPACE "SYSAUX" ;
--------------------------------------------------------
--  DDL for Table SCHEDULER_JOB_ARGS_TBL
--------------------------------------------------------

  CREATE TABLE "SYSTEM"."SCHEDULER_JOB_ARGS_TBL" SHARING=METADATA 
   (	"OWNER" VARCHAR2(128 BYTE), 
	"JOB_NAME" VARCHAR2(128 BYTE), 
	"ARGUMENT_NAME" VARCHAR2(128 BYTE), 
	"ARGUMENT_POSITION" NUMBER, 
	"ARGUMENT_TYPE" VARCHAR2(257 BYTE), 
	"VALUE" VARCHAR2(4000 BYTE), 
	"ANYDATA_VALUE" "SYS"."ANYDATA" , 
	"OUT_ARGUMENT" VARCHAR2(5 BYTE)
   ) PCTFREE 10 PCTUSED 40 INITRANS 1 MAXTRANS 255 
 NOCOMPRESS LOGGING
  STORAGE(INITIAL 65536 NEXT 1048576 MINEXTENTS 1 MAXEXTENTS 2147483645
  PCTINCREASE 0 FREELISTS 1 FREELIST GROUPS 1
  BUFFER_POOL DEFAULT FLASH_CACHE DEFAULT CELL_FLASH_CACHE DEFAULT)
  TABLESPACE "SYSTEM" 
 OPAQUE TYPE ("ANYDATA_VALUE") STORE AS BASICFILE LOB (
  ENABLE STORAGE IN ROW 4000 CHUNK 8192 RETENTION 
  CACHE 
  STORAGE(INITIAL 65536 NEXT 1048576 MINEXTENTS 1 MAXEXTENTS 2147483645
  PCTINCREASE 0 FREELISTS 1 FREELIST GROUPS 1
  BUFFER_POOL DEFAULT FLASH_CACHE DEFAULT CELL_FLASH_CACHE DEFAULT)) ;
  GRANT SELECT ON "SYSTEM"."SCHEDULER_JOB_ARGS_TBL" TO "SELECT_CATALOG_ROLE";
--------------------------------------------------------
--  DDL for Table SCHEDULER_PROGRAM_ARGS_TBL
--------------------------------------------------------

  CREATE TABLE "SYSTEM"."SCHEDULER_PROGRAM_ARGS_TBL" SHARING=METADATA 
   (	"OWNER" VARCHAR2(128 BYTE), 
	"PROGRAM_NAME" VARCHAR2(128 BYTE), 
	"ARGUMENT_NAME" VARCHAR2(128 BYTE), 
	"ARGUMENT_POSITION" NUMBER, 
	"ARGUMENT_TYPE" VARCHAR2(257 BYTE), 
	"METADATA_ATTRIBUTE" VARCHAR2(19 BYTE), 
	"DEFAULT_VALUE" VARCHAR2(4000 BYTE), 
	"DEFAULT_ANYDATA_VALUE" "SYS"."ANYDATA" , 
	"OUT_ARGUMENT" VARCHAR2(5 BYTE)
   ) PCTFREE 10 PCTUSED 40 INITRANS 1 MAXTRANS 255 
 NOCOMPRESS LOGGING
  STORAGE(INITIAL 65536 NEXT 1048576 MINEXTENTS 1 MAXEXTENTS 2147483645
  PCTINCREASE 0 FREELISTS 1 FREELIST GROUPS 1
  BUFFER_POOL DEFAULT FLASH_CACHE DEFAULT CELL_FLASH_CACHE DEFAULT)
  TABLESPACE "SYSTEM" 
 OPAQUE TYPE ("DEFAULT_ANYDATA_VALUE") STORE AS BASICFILE LOB (
  ENABLE STORAGE IN ROW 4000 CHUNK 8192 RETENTION 
  CACHE 
  STORAGE(INITIAL 65536 NEXT 1048576 MINEXTENTS 1 MAXEXTENTS 2147483645
  PCTINCREASE 0 FREELISTS 1 FREELIST GROUPS 1
  BUFFER_POOL DEFAULT FLASH_CACHE DEFAULT CELL_FLASH_CACHE DEFAULT)) ;
  GRANT SELECT ON "SYSTEM"."SCHEDULER_PROGRAM_ARGS_TBL" TO "SELECT_CATALOG_ROLE";
--------------------------------------------------------
--  DDL for Table SQLPLUS_PRODUCT_PROFILE
--------------------------------------------------------

  CREATE TABLE "SYSTEM"."SQLPLUS_PRODUCT_PROFILE" SHARING=METADATA 
   (	"PRODUCT" VARCHAR2(30 BYTE), 
	"USERID" VARCHAR2(128 BYTE), 
	"ATTRIBUTE" VARCHAR2(240 BYTE), 
	"SCOPE" VARCHAR2(240 BYTE), 
	"NUMERIC_VALUE" NUMBER(15,2), 
	"CHAR_VALUE" VARCHAR2(240 BYTE), 
	"DATE_VALUE" DATE, 
	"LONG_VALUE" LONG
   ) PCTFREE 10 PCTUSED 40 INITRANS 1 MAXTRANS 255 
 NOCOMPRESS LOGGING
  STORAGE(INITIAL 65536 NEXT 1048576 MINEXTENTS 1 MAXEXTENTS 2147483645
  PCTINCREASE 0 FREELISTS 1 FREELIST GROUPS 1
  BUFFER_POOL DEFAULT FLASH_CACHE DEFAULT CELL_FLASH_CACHE DEFAULT)
  TABLESPACE "SYSTEM" ;
--------------------------------------------------------
--  DDL for Table USER_AGENCE
--------------------------------------------------------

  CREATE TABLE "SYSTEM"."USER_AGENCE" 
   (	"ID" NUMBER(10,0), 
	"USER_ID" NUMBER(10,0), 
	"AGENCE_ID" NUMBER(10,0), 
	"DATE_ASSOCIATION" TIMESTAMP (6)
   ) PCTFREE 10 PCTUSED 40 INITRANS 1 MAXTRANS 255 
 NOCOMPRESS LOGGING
  STORAGE(INITIAL 65536 NEXT 1048576 MINEXTENTS 1 MAXEXTENTS 2147483645
  PCTINCREASE 0 FREELISTS 1 FREELIST GROUPS 1
  BUFFER_POOL DEFAULT FLASH_CACHE DEFAULT CELL_FLASH_CACHE DEFAULT)
  TABLESPACE "SYSTEM" ;
--------------------------------------------------------
--  DDL for Table USER_FOURNITURE
--------------------------------------------------------

  CREATE TABLE "SYSTEM"."USER_FOURNITURE" 
   (	"ID" NUMBER(10,0) GENERATED BY DEFAULT ON NULL AS IDENTITY MINVALUE 1 MAXVALUE 9999999999999999999999999999 INCREMENT BY 1 START WITH 1 CACHE 20 NOORDER  NOCYCLE  NOKEEP  NOSCALE , 
	"USER_ID" NUMBER(10,0), 
	"FOURNITURE_ID" NUMBER(10,0), 
	"QUANTITE" NUMBER(10,0), 
	"DATE_ASSOCIATION" DATE
   ) PCTFREE 10 PCTUSED 40 INITRANS 1 MAXTRANS 255 
 NOCOMPRESS LOGGING
  STORAGE(INITIAL 65536 NEXT 1048576 MINEXTENTS 1 MAXEXTENTS 2147483645
  PCTINCREASE 0 FREELISTS 1 FREELIST GROUPS 1
  BUFFER_POOL DEFAULT FLASH_CACHE DEFAULT CELL_FLASH_CACHE DEFAULT)
  TABLESPACE "SYSTEM" ;
--------------------------------------------------------
--  DDL for Table USERS
--------------------------------------------------------

  CREATE TABLE "SYSTEM"."USERS" 
   (	"ID" NUMBER(10,0) GENERATED BY DEFAULT ON NULL AS IDENTITY MINVALUE 1 MAXVALUE 9999999999999999999999999999 INCREMENT BY 1 START WITH 1 CACHE 20 NOORDER  NOCYCLE  NOKEEP  NOSCALE , 
	"NOM" NVARCHAR2(50), 
	"PRENOM" NVARCHAR2(50), 
	"EMAIL" NVARCHAR2(100), 
	"MOT_DE_PASSE" NVARCHAR2(100), 
	"FONCTION" NVARCHAR2(100)
   ) PCTFREE 10 PCTUSED 40 INITRANS 1 MAXTRANS 255 
 NOCOMPRESS LOGGING
  STORAGE(INITIAL 65536 NEXT 1048576 MINEXTENTS 1 MAXEXTENTS 2147483645
  PCTINCREASE 0 FREELISTS 1 FREELIST GROUPS 1
  BUFFER_POOL DEFAULT FLASH_CACHE DEFAULT CELL_FLASH_CACHE DEFAULT)
  TABLESPACE "SYSTEM" ;
--------------------------------------------------------
--  DDL for View MVIEW_EVALUATIONS
--------------------------------------------------------

  CREATE OR REPLACE FORCE NONEDITIONABLE VIEW "SYSTEM"."MVIEW_EVALUATIONS" ("RUNID", "MVIEW_OWNER", "MVIEW_NAME", "RANK", "STORAGE_IN_BYTES", "FREQUENCY", "CUMULATIVE_BENEFIT", "BENEFIT_TO_COST_RATIO") AS 
  select
  t1.runid# as runid,
  summary_owner AS mview_owner,
  summary_name AS mview_name,
  rank# as rank,
  storage_in_bytes,
  frequency,
  cumulative_benefit,
  benefit_to_cost_ratio
from SYSTEM.MVIEW$_ADV_OUTPUT t1, SYSTEM.MVIEW$_ADV_LOG t2, SYS.ALL_USERS u
where
  t1.runid# = t2.runid# and
  u.username = t2.uname and
  u.user_id = userenv('SCHEMAID') and
  t1.output_type = 1
order by t1.rank#;

   COMMENT ON TABLE "SYSTEM"."MVIEW_EVALUATIONS"  IS 'This view gives DBA access to summary evaluation output'
;
--------------------------------------------------------
--  DDL for View MVIEW_EXCEPTIONS
--------------------------------------------------------

  CREATE OR REPLACE FORCE NONEDITIONABLE VIEW "SYSTEM"."MVIEW_EXCEPTIONS" ("RUNID", "OWNER", "TABLE_NAME", "DIMENSION_NAME", "RELATIONSHIP", "BAD_ROWID") AS 
  select
  t1.runid# as runid,
  owner,
  table_name,
  dimension_name,
  relationship,
  bad_rowid
from SYSTEM.MVIEW$_ADV_EXCEPTIONS t1, SYSTEM.MVIEW$_ADV_LOG t2, SYS.ALL_USERS u
where
  t1.runid# = t2.runid# and
  u.username = t2.uname and
  u.user_id = userenv('SCHEMAID');

   COMMENT ON TABLE "SYSTEM"."MVIEW_EXCEPTIONS"  IS 'This view gives DBA access to dimension validation results'
;
--------------------------------------------------------
--  DDL for View MVIEW_FILTER
--------------------------------------------------------

  CREATE OR REPLACE FORCE NONEDITIONABLE VIEW "SYSTEM"."MVIEW_FILTER" ("FILTERID", "SUBFILTERNUM", "SUBFILTERTYPE", "STR_VALUE", "NUM_VALUE1", "NUM_VALUE2", "DATE_VALUE1", "DATE_VALUE2") AS 
  select
      a.filterid# as filterid,
      a.subfilternum# as subfilternum,
      decode(a.subfiltertype,1,'APPLICATION',2,'CARDINALITY',3,'LASTUSE',
                             4,'FREQUENCY',5,'USER',6,'PRIORITY',7,'BASETABLE',
                             8,'RESPONSETIME',9,'COLLECTIONID',10,'TRACENAME',
                             11,'SCHEMA','UNKNOWN') AS subfiltertype,
      a.str_value,
      to_number(decode(a.num_value1,-999,NULL,a.num_value1)) AS num_value1,
      to_number(decode(a.num_value2,-999,NULL,a.num_value2)) AS num_value2,
      a.date_value1,
      a.date_value2
   from system.mview$_adv_filter a, system.mview$_adv_log b, SYS.ALL_USERS u
   WHERE a.filterid# = b.runid#
   AND b.uname = u.username
   AND u.user_id = userenv('SCHEMAID');

   COMMENT ON TABLE "SYSTEM"."MVIEW_FILTER"  IS 'Workload filter records'
;
--------------------------------------------------------
--  DDL for View MVIEW_FILTERINSTANCE
--------------------------------------------------------

  CREATE OR REPLACE FORCE NONEDITIONABLE VIEW "SYSTEM"."MVIEW_FILTERINSTANCE" ("RUNID", "FILTERID", "SUBFILTERNUM", "SUBFILTERTYPE", "STR_VALUE", "NUM_VALUE1", "NUM_VALUE2", "DATE_VALUE1", "DATE_VALUE2") AS 
  select
      a.runid# as runid,
      a.filterid# as filterid,
      a.subfilternum# as subfilternum,
      decode(a.subfiltertype,1,'APPLICATION',2,'CARDINALITY',3,'LASTUSE',
                             4,'FREQUENCY',5,'USER',6,'PRIORITY',7,'BASETABLE',
                             8,'RESPONSETIME',9,'COLLECTIONID',10,'TRACENAME',
                             11,'SCHEMA','UNKNOWN') AS subfiltertype,
      a.str_value,
      to_number(decode(a.num_value1,-999,NULL,a.num_value1)) AS num_value1,
      to_number(decode(a.num_value2,-999,NULL,a.num_value2)) AS num_value2,
      a.date_value1,
      a.date_value2
   from system.mview$_adv_filterinstance a;

   COMMENT ON TABLE "SYSTEM"."MVIEW_FILTERINSTANCE"  IS 'Workload filter instance records'
;
--------------------------------------------------------
--  DDL for View MVIEW_LOG
--------------------------------------------------------

  CREATE OR REPLACE FORCE NONEDITIONABLE VIEW "SYSTEM"."MVIEW_LOG" ("ID", "FILTERID", "RUN_BEGIN", "RUN_END", "TYPE", "STATUS", "MESSAGE", "COMPLETED", "TOTAL", "ERROR_CODE") AS 
  select
      m.runid# as id,
      m.filterid# as filterid,
      m.run_begin,
      m.run_end,
      decode(m.run_type,1,'EVALUATE',2,'EVALUATE_W',3,'RECOMMEND',
                      4,'RECOMMEND_W',5,'VALIDATE',6,'WORKLOAD',
                      7,'FILTER','UNKNOWN') AS type,
      decode(m.status,0,'UNUSED',1,'CANCELLED',2,'IN_PROGRESS',3,'COMPLETED',
                    4,'ERROR','UNKNOWN') AS status,
      m.message,
      m.completed,
      m.total,
      m.error_code
   from system.mview$_adv_log m, sys.all_users u
   where m.uname = u.username
   and   u.user_id = userenv('SCHEMAID');

   COMMENT ON TABLE "SYSTEM"."MVIEW_LOG"  IS 'Advisor session log'
;
--------------------------------------------------------
--  DDL for View MVIEW_RECOMMENDATIONS
--------------------------------------------------------

  CREATE OR REPLACE FORCE NONEDITIONABLE VIEW "SYSTEM"."MVIEW_RECOMMENDATIONS" ("RUNID", "ALL_TABLES", "FACT_TABLES", "GROUPING_LEVELS", "QUERY_TEXT", "RECOMMENDATION_NUMBER", "RECOMMENDED_ACTION", "MVIEW_OWNER", "MVIEW_NAME", "STORAGE_IN_BYTES", "PCT_PERFORMANCE_GAIN", "BENEFIT_TO_COST_RATIO") AS 
  select
  t1.runid# as runid,
  t1.from_clause as all_tables,
  fact_tables,
  grouping_levels,
  query_text,
  rank# as recommendation_number,
  action_type as recommended_action,
  summary_owner as mview_owner,
  summary_name as mview_name,
  storage_in_bytes,
  pct_performance_gain,
  benefit_to_cost_ratio
from SYSTEM.MVIEW$_ADV_OUTPUT t1, SYSTEM.MVIEW$_ADV_LOG t2, SYS.ALL_USERS u
where
  t1.runid# = t2.runid# and
  u.username = t2.uname and
  u.user_id = userenv('SCHEMAID') and
  t1.output_type = 0
order by t1.rank#;

   COMMENT ON TABLE "SYSTEM"."MVIEW_RECOMMENDATIONS"  IS 'This view gives DBA access to summary recommendations'
;
--------------------------------------------------------
--  DDL for View MVIEW_WORKLOAD
--------------------------------------------------------

  CREATE OR REPLACE FORCE NONEDITIONABLE VIEW "SYSTEM"."MVIEW_WORKLOAD" ("WORKLOADID", "IMPORT_TIME", "QUERYID", "APPLICATION", "CARDINALITY", "RESULTSIZE", "LASTUSE", "FREQUENCY", "OWNER", "PRIORITY", "QUERY", "RESPONSETIME") AS 
  select
  a.collectionid# as workloadid,
  a.collecttime as import_time,
  a.queryid# as queryid,
  a.application,
  a.cardinality,
  a.resultsize,
  a.qdate as lastuse,
  a.frequency,
  a.uname as owner,
  a.priority,
  a.sql_text as query,
  a.exec_time as responsetime
from SYSTEM.MVIEW$_ADV_WORKLOAD A, SYSTEM.MVIEW$_ADV_LOG B, SYS.ALL_USERS D
WHERE a.collectionid# = b.runid#
AND b.uname = d.username
AND d.user_id = userenv('SCHEMAID');

   COMMENT ON TABLE "SYSTEM"."MVIEW_WORKLOAD"  IS 'This view gives DBA access to shared workload'
;
--------------------------------------------------------
--  DDL for View PRODUCT_PRIVS
--------------------------------------------------------

  CREATE OR REPLACE FORCE NONEDITIONABLE VIEW "SYSTEM"."PRODUCT_PRIVS" ("PRODUCT", "USERID", "ATTRIBUTE", "SCOPE", "NUMERIC_VALUE", "CHAR_VALUE", "DATE_VALUE", "LONG_VALUE") AS 
  SELECT PRODUCT, USERID, ATTRIBUTE, SCOPE,
         NUMERIC_VALUE, CHAR_VALUE, DATE_VALUE, LONG_VALUE
  FROM SQLPLUS_PRODUCT_PROFILE
  WHERE USERID = 'PUBLIC' OR
        USERID LIKE SYS_CONTEXT('USERENV','CURRENT_USER')
;
  GRANT READ ON "SYSTEM"."PRODUCT_PRIVS" TO PUBLIC;
--------------------------------------------------------
--  DDL for View SCHEDULER_JOB_ARGS
--------------------------------------------------------

  CREATE OR REPLACE FORCE NONEDITIONABLE VIEW "SYSTEM"."SCHEDULER_JOB_ARGS" ("OWNER", "JOB_NAME", "ARGUMENT_NAME", "ARGUMENT_POSITION", "ARGUMENT_TYPE", "VALUE", "ANYDATA_VALUE", "OUT_ARGUMENT") AS 
  SELECT "OWNER","JOB_NAME","ARGUMENT_NAME","ARGUMENT_POSITION","ARGUMENT_TYPE","VALUE","ANYDATA_VALUE","OUT_ARGUMENT" FROM sys.all_scheduler_job_args
;
  GRANT SELECT ON "SYSTEM"."SCHEDULER_JOB_ARGS" TO "SELECT_CATALOG_ROLE";
--------------------------------------------------------
--  DDL for View SCHEDULER_PROGRAM_ARGS
--------------------------------------------------------

  CREATE OR REPLACE FORCE NONEDITIONABLE VIEW "SYSTEM"."SCHEDULER_PROGRAM_ARGS" ("OWNER", "PROGRAM_NAME", "ARGUMENT_NAME", "ARGUMENT_POSITION", "ARGUMENT_TYPE", "METADATA_ATTRIBUTE", "DEFAULT_VALUE", "DEFAULT_ANYDATA_VALUE", "OUT_ARGUMENT") AS 
  SELECT "OWNER","PROGRAM_NAME","ARGUMENT_NAME","ARGUMENT_POSITION","ARGUMENT_TYPE","METADATA_ATTRIBUTE","DEFAULT_VALUE","DEFAULT_ANYDATA_VALUE","OUT_ARGUMENT" FROM sys.all_scheduler_program_args
;
  GRANT SELECT ON "SYSTEM"."SCHEDULER_PROGRAM_ARGS" TO "SELECT_CATALOG_ROLE";
REM INSERTING into SYSTEM.AGENCE_FOURNITURE
SET DEFINE OFF;
Insert into SYSTEM.AGENCE_FOURNITURE (ID,AGENCE_ID,FOURNITURE_ID,DATE_ASSOCIATION,QUANTITE,CONSO_MM) values ('43','81','3',to_timestamp('22/07/25 08:49:47,367547000','DD/MM/RR HH24:MI:SSXFF'),'3',null);
Insert into SYSTEM.AGENCE_FOURNITURE (ID,AGENCE_ID,FOURNITURE_ID,DATE_ASSOCIATION,QUANTITE,CONSO_MM) values ('3','2','82',to_timestamp('22/07/25 08:46:13,023426000','DD/MM/RR HH24:MI:SSXFF'),'24','2');
Insert into SYSTEM.AGENCE_FOURNITURE (ID,AGENCE_ID,FOURNITURE_ID,DATE_ASSOCIATION,QUANTITE,CONSO_MM) values ('4','82','66',to_timestamp('27/05/25 10:31:45,802438000','DD/MM/RR HH24:MI:SSXFF'),'5',null);
Insert into SYSTEM.AGENCE_FOURNITURE (ID,AGENCE_ID,FOURNITURE_ID,DATE_ASSOCIATION,QUANTITE,CONSO_MM) values ('2','83','121',to_timestamp('24/07/25 11:16:52,412649000','DD/MM/RR HH24:MI:SSXFF'),'19','4');
Insert into SYSTEM.AGENCE_FOURNITURE (ID,AGENCE_ID,FOURNITURE_ID,DATE_ASSOCIATION,QUANTITE,CONSO_MM) values ('5','81','67',to_timestamp('27/05/25 10:32:22,952625000','DD/MM/RR HH24:MI:SSXFF'),'2',null);
Insert into SYSTEM.AGENCE_FOURNITURE (ID,AGENCE_ID,FOURNITURE_ID,DATE_ASSOCIATION,QUANTITE,CONSO_MM) values ('62','2','161',to_timestamp('16/07/25 14:50:15,092372000','DD/MM/RR HH24:MI:SSXFF'),'7','4');
Insert into SYSTEM.AGENCE_FOURNITURE (ID,AGENCE_ID,FOURNITURE_ID,DATE_ASSOCIATION,QUANTITE,CONSO_MM) values ('81','1','142',to_timestamp('04/06/25 09:44:17,408463000','DD/MM/RR HH24:MI:SSXFF'),'5',null);
Insert into SYSTEM.AGENCE_FOURNITURE (ID,AGENCE_ID,FOURNITURE_ID,DATE_ASSOCIATION,QUANTITE,CONSO_MM) values ('8','2','65',to_timestamp('22/07/25 11:54:26,565452000','DD/MM/RR HH24:MI:SSXFF'),'7','2');
Insert into SYSTEM.AGENCE_FOURNITURE (ID,AGENCE_ID,FOURNITURE_ID,DATE_ASSOCIATION,QUANTITE,CONSO_MM) values ('261','41','82',to_timestamp('04/07/25 08:44:44,206575000','DD/MM/RR HH24:MI:SSXFF'),'6',null);
Insert into SYSTEM.AGENCE_FOURNITURE (ID,AGENCE_ID,FOURNITURE_ID,DATE_ASSOCIATION,QUANTITE,CONSO_MM) values ('44','2','21',to_timestamp('24/07/25 11:10:45,753297000','DD/MM/RR HH24:MI:SSXFF'),'16',null);
Insert into SYSTEM.AGENCE_FOURNITURE (ID,AGENCE_ID,FOURNITURE_ID,DATE_ASSOCIATION,QUANTITE,CONSO_MM) values ('21','41','66',to_timestamp('27/05/25 14:16:12,543738000','DD/MM/RR HH24:MI:SSXFF'),'20',null);
Insert into SYSTEM.AGENCE_FOURNITURE (ID,AGENCE_ID,FOURNITURE_ID,DATE_ASSOCIATION,QUANTITE,CONSO_MM) values ('262','41','141',to_timestamp('04/07/25 08:47:56,080483000','DD/MM/RR HH24:MI:SSXFF'),'5',null);
Insert into SYSTEM.AGENCE_FOURNITURE (ID,AGENCE_ID,FOURNITURE_ID,DATE_ASSOCIATION,QUANTITE,CONSO_MM) values ('23','82','67',to_timestamp('27/05/25 14:31:16,276218000','DD/MM/RR HH24:MI:SSXFF'),'3',null);
Insert into SYSTEM.AGENCE_FOURNITURE (ID,AGENCE_ID,FOURNITURE_ID,DATE_ASSOCIATION,QUANTITE,CONSO_MM) values ('24','41','65',to_timestamp('27/05/25 14:33:40,511648000','DD/MM/RR HH24:MI:SSXFF'),'3',null);
Insert into SYSTEM.AGENCE_FOURNITURE (ID,AGENCE_ID,FOURNITURE_ID,DATE_ASSOCIATION,QUANTITE,CONSO_MM) values ('263','101','141',to_timestamp('04/07/25 08:47:56,080483000','DD/MM/RR HH24:MI:SSXFF'),'4',null);
Insert into SYSTEM.AGENCE_FOURNITURE (ID,AGENCE_ID,FOURNITURE_ID,DATE_ASSOCIATION,QUANTITE,CONSO_MM) values ('281','82','141',to_timestamp('07/07/25 09:25:32,348505000','DD/MM/RR HH24:MI:SSXFF'),'3',null);
Insert into SYSTEM.AGENCE_FOURNITURE (ID,AGENCE_ID,FOURNITURE_ID,DATE_ASSOCIATION,QUANTITE,CONSO_MM) values ('27','82','82',to_timestamp('28/05/25 09:26:09,496879000','DD/MM/RR HH24:MI:SSXFF'),'5',null);
Insert into SYSTEM.AGENCE_FOURNITURE (ID,AGENCE_ID,FOURNITURE_ID,DATE_ASSOCIATION,QUANTITE,CONSO_MM) values ('41','102','82',to_timestamp('26/07/25 11:31:24,769245000','DD/MM/RR HH24:MI:SSXFF'),'0','5');
Insert into SYSTEM.AGENCE_FOURNITURE (ID,AGENCE_ID,FOURNITURE_ID,DATE_ASSOCIATION,QUANTITE,CONSO_MM) values ('42','1','121',to_timestamp('30/05/25 09:54:38,258564000','DD/MM/RR HH24:MI:SSXFF'),'2',null);
Insert into SYSTEM.AGENCE_FOURNITURE (ID,AGENCE_ID,FOURNITURE_ID,DATE_ASSOCIATION,QUANTITE,CONSO_MM) values ('45','2','3',to_timestamp('25/07/25 11:18:34,095895000','DD/MM/RR HH24:MI:SSXFF'),'16','2');
Insert into SYSTEM.AGENCE_FOURNITURE (ID,AGENCE_ID,FOURNITURE_ID,DATE_ASSOCIATION,QUANTITE,CONSO_MM) values ('46','1','65',to_timestamp('22/07/25 09:18:05,834776000','DD/MM/RR HH24:MI:SSXFF'),'3',null);
Insert into SYSTEM.AGENCE_FOURNITURE (ID,AGENCE_ID,FOURNITURE_ID,DATE_ASSOCIATION,QUANTITE,CONSO_MM) values ('121','2','67',to_timestamp('22/07/25 08:47:09,715727000','DD/MM/RR HH24:MI:SSXFF'),'3','2');
Insert into SYSTEM.AGENCE_FOURNITURE (ID,AGENCE_ID,FOURNITURE_ID,DATE_ASSOCIATION,QUANTITE,CONSO_MM) values ('241','2','141',to_timestamp('16/07/25 11:55:41,906187000','DD/MM/RR HH24:MI:SSXFF'),'16','8');
Insert into SYSTEM.AGENCE_FOURNITURE (ID,AGENCE_ID,FOURNITURE_ID,DATE_ASSOCIATION,QUANTITE,CONSO_MM) values ('242','2','121',to_timestamp('16/07/25 11:55:30,139276000','DD/MM/RR HH24:MI:SSXFF'),'10','5');
Insert into SYSTEM.AGENCE_FOURNITURE (ID,AGENCE_ID,FOURNITURE_ID,DATE_ASSOCIATION,QUANTITE,CONSO_MM) values ('282','82','121',to_timestamp('07/07/25 09:27:26,574534000','DD/MM/RR HH24:MI:SSXFF'),'6',null);
Insert into SYSTEM.AGENCE_FOURNITURE (ID,AGENCE_ID,FOURNITURE_ID,DATE_ASSOCIATION,QUANTITE,CONSO_MM) values ('47','82','65',to_timestamp('22/07/25 09:18:05,837557000','DD/MM/RR HH24:MI:SSXFF'),'6',null);
Insert into SYSTEM.AGENCE_FOURNITURE (ID,AGENCE_ID,FOURNITURE_ID,DATE_ASSOCIATION,QUANTITE,CONSO_MM) values ('61','83','67',to_timestamp('24/07/25 11:23:12,357068000','DD/MM/RR HH24:MI:SSXFF'),'6',null);
Insert into SYSTEM.AGENCE_FOURNITURE (ID,AGENCE_ID,FOURNITURE_ID,DATE_ASSOCIATION,QUANTITE,CONSO_MM) values ('82','81','66',to_timestamp('25/07/25 10:22:05,814711000','DD/MM/RR HH24:MI:SSXFF'),'5',null);
Insert into SYSTEM.AGENCE_FOURNITURE (ID,AGENCE_ID,FOURNITURE_ID,DATE_ASSOCIATION,QUANTITE,CONSO_MM) values ('83','101','261',to_timestamp('25/07/25 10:22:45,392188000','DD/MM/RR HH24:MI:SSXFF'),'1',null);
Insert into SYSTEM.AGENCE_FOURNITURE (ID,AGENCE_ID,FOURNITURE_ID,DATE_ASSOCIATION,QUANTITE,CONSO_MM) values ('84','102','262',to_timestamp('26/07/25 09:29:21,462707000','DD/MM/RR HH24:MI:SSXFF'),'13',null);
Insert into SYSTEM.AGENCE_FOURNITURE (ID,AGENCE_ID,FOURNITURE_ID,DATE_ASSOCIATION,QUANTITE,CONSO_MM) values ('85','102','162',to_timestamp('28/07/25 16:41:36,032345000','DD/MM/RR HH24:MI:SSXFF'),'3','4');
Insert into SYSTEM.AGENCE_FOURNITURE (ID,AGENCE_ID,FOURNITURE_ID,DATE_ASSOCIATION,QUANTITE,CONSO_MM) values ('86','102','65',to_timestamp('26/07/25 10:34:27,029522000','DD/MM/RR HH24:MI:SSXFF'),'8','1');
REM INSERTING into SYSTEM.AGENCES
SET DEFINE OFF;
Insert into SYSTEM.AGENCES (ID,NUMERO,NOM) values ('1','001','Tsaralalana');
Insert into SYSTEM.AGENCES (ID,NUMERO,NOM) values ('2','002','Ankatso');
Insert into SYSTEM.AGENCES (ID,NUMERO,NOM) values ('41','030','Tsiadana');
Insert into SYSTEM.AGENCES (ID,NUMERO,NOM) values ('101','071','Analavory');
Insert into SYSTEM.AGENCES (ID,NUMERO,NOM) values ('81','039','Anosy');
Insert into SYSTEM.AGENCES (ID,NUMERO,NOM) values ('82','100','Diego');
Insert into SYSTEM.AGENCES (ID,NUMERO,NOM) values ('83','075','Tuléar');
Insert into SYSTEM.AGENCES (ID,NUMERO,NOM) values ('102','108','Ankadimbaoka');
REM INSERTING into SYSTEM.AMORTISSEMENTS
SET DEFINE OFF;
Insert into SYSTEM.AMORTISSEMENTS (ID_AMORTISSEMENT,ID_BIEN,ANNEE,MONTANT,VALEUR_RESIDUELLE,DATE_CALCUL) values ('62','50','2026','20000','160000',to_date('24/07/25','DD/MM/RR'));
Insert into SYSTEM.AMORTISSEMENTS (ID_AMORTISSEMENT,ID_BIEN,ANNEE,MONTANT,VALEUR_RESIDUELLE,DATE_CALCUL) values ('63','50','2027','20000','140000',to_date('24/07/25','DD/MM/RR'));
Insert into SYSTEM.AMORTISSEMENTS (ID_AMORTISSEMENT,ID_BIEN,ANNEE,MONTANT,VALEUR_RESIDUELLE,DATE_CALCUL) values ('93','102','2025','300000','1200000',to_date('03/07/25','DD/MM/RR'));
Insert into SYSTEM.AMORTISSEMENTS (ID_AMORTISSEMENT,ID_BIEN,ANNEE,MONTANT,VALEUR_RESIDUELLE,DATE_CALCUL) values ('94','102','2026','300000','900000',to_date('03/07/25','DD/MM/RR'));
Insert into SYSTEM.AMORTISSEMENTS (ID_AMORTISSEMENT,ID_BIEN,ANNEE,MONTANT,VALEUR_RESIDUELLE,DATE_CALCUL) values ('95','102','2027','300000','600000',to_date('03/07/25','DD/MM/RR'));
Insert into SYSTEM.AMORTISSEMENTS (ID_AMORTISSEMENT,ID_BIEN,ANNEE,MONTANT,VALEUR_RESIDUELLE,DATE_CALCUL) values ('41','101','2025','400000','5600000',to_date('03/06/25','DD/MM/RR'));
Insert into SYSTEM.AMORTISSEMENTS (ID_AMORTISSEMENT,ID_BIEN,ANNEE,MONTANT,VALEUR_RESIDUELLE,DATE_CALCUL) values ('42','101','2026','400000','5200000',to_date('03/06/25','DD/MM/RR'));
Insert into SYSTEM.AMORTISSEMENTS (ID_AMORTISSEMENT,ID_BIEN,ANNEE,MONTANT,VALEUR_RESIDUELLE,DATE_CALCUL) values ('43','101','2027','400000','4800000',to_date('03/06/25','DD/MM/RR'));
Insert into SYSTEM.AMORTISSEMENTS (ID_AMORTISSEMENT,ID_BIEN,ANNEE,MONTANT,VALEUR_RESIDUELLE,DATE_CALCUL) values ('44','101','2028','400000','4400000',to_date('03/06/25','DD/MM/RR'));
Insert into SYSTEM.AMORTISSEMENTS (ID_AMORTISSEMENT,ID_BIEN,ANNEE,MONTANT,VALEUR_RESIDUELLE,DATE_CALCUL) values ('45','101','2029','400000','4000000',to_date('03/06/25','DD/MM/RR'));
Insert into SYSTEM.AMORTISSEMENTS (ID_AMORTISSEMENT,ID_BIEN,ANNEE,MONTANT,VALEUR_RESIDUELLE,DATE_CALCUL) values ('46','101','2030','400000','3600000',to_date('03/06/25','DD/MM/RR'));
Insert into SYSTEM.AMORTISSEMENTS (ID_AMORTISSEMENT,ID_BIEN,ANNEE,MONTANT,VALEUR_RESIDUELLE,DATE_CALCUL) values ('47','101','2031','400000','3200000',to_date('03/06/25','DD/MM/RR'));
Insert into SYSTEM.AMORTISSEMENTS (ID_AMORTISSEMENT,ID_BIEN,ANNEE,MONTANT,VALEUR_RESIDUELLE,DATE_CALCUL) values ('48','101','2032','400000','2800000',to_date('03/06/25','DD/MM/RR'));
Insert into SYSTEM.AMORTISSEMENTS (ID_AMORTISSEMENT,ID_BIEN,ANNEE,MONTANT,VALEUR_RESIDUELLE,DATE_CALCUL) values ('49','101','2033','400000','2400000',to_date('03/06/25','DD/MM/RR'));
Insert into SYSTEM.AMORTISSEMENTS (ID_AMORTISSEMENT,ID_BIEN,ANNEE,MONTANT,VALEUR_RESIDUELLE,DATE_CALCUL) values ('50','101','2034','400000','2000000',to_date('03/06/25','DD/MM/RR'));
Insert into SYSTEM.AMORTISSEMENTS (ID_AMORTISSEMENT,ID_BIEN,ANNEE,MONTANT,VALEUR_RESIDUELLE,DATE_CALCUL) values ('51','101','2035','400000','1600000',to_date('03/06/25','DD/MM/RR'));
Insert into SYSTEM.AMORTISSEMENTS (ID_AMORTISSEMENT,ID_BIEN,ANNEE,MONTANT,VALEUR_RESIDUELLE,DATE_CALCUL) values ('52','101','2036','400000','1200000',to_date('03/06/25','DD/MM/RR'));
Insert into SYSTEM.AMORTISSEMENTS (ID_AMORTISSEMENT,ID_BIEN,ANNEE,MONTANT,VALEUR_RESIDUELLE,DATE_CALCUL) values ('53','101','2037','400000','800000',to_date('03/06/25','DD/MM/RR'));
Insert into SYSTEM.AMORTISSEMENTS (ID_AMORTISSEMENT,ID_BIEN,ANNEE,MONTANT,VALEUR_RESIDUELLE,DATE_CALCUL) values ('54','101','2038','400000','400000',to_date('03/06/25','DD/MM/RR'));
Insert into SYSTEM.AMORTISSEMENTS (ID_AMORTISSEMENT,ID_BIEN,ANNEE,MONTANT,VALEUR_RESIDUELLE,DATE_CALCUL) values ('55','101','2039','400000','0',to_date('03/06/25','DD/MM/RR'));
Insert into SYSTEM.AMORTISSEMENTS (ID_AMORTISSEMENT,ID_BIEN,ANNEE,MONTANT,VALEUR_RESIDUELLE,DATE_CALCUL) values ('64','50','2028','20000','120000',to_date('24/07/25','DD/MM/RR'));
Insert into SYSTEM.AMORTISSEMENTS (ID_AMORTISSEMENT,ID_BIEN,ANNEE,MONTANT,VALEUR_RESIDUELLE,DATE_CALCUL) values ('65','50','2029','20000','100000',to_date('24/07/25','DD/MM/RR'));
Insert into SYSTEM.AMORTISSEMENTS (ID_AMORTISSEMENT,ID_BIEN,ANNEE,MONTANT,VALEUR_RESIDUELLE,DATE_CALCUL) values ('66','50','2030','20000','80000',to_date('24/07/25','DD/MM/RR'));
Insert into SYSTEM.AMORTISSEMENTS (ID_AMORTISSEMENT,ID_BIEN,ANNEE,MONTANT,VALEUR_RESIDUELLE,DATE_CALCUL) values ('96','102','2028','300000','300000',to_date('03/07/25','DD/MM/RR'));
Insert into SYSTEM.AMORTISSEMENTS (ID_AMORTISSEMENT,ID_BIEN,ANNEE,MONTANT,VALEUR_RESIDUELLE,DATE_CALCUL) values ('97','102','2029','300000','0',to_date('03/07/25','DD/MM/RR'));
Insert into SYSTEM.AMORTISSEMENTS (ID_AMORTISSEMENT,ID_BIEN,ANNEE,MONTANT,VALEUR_RESIDUELLE,DATE_CALCUL) values ('67','50','2031','20000','60000',to_date('24/07/25','DD/MM/RR'));
Insert into SYSTEM.AMORTISSEMENTS (ID_AMORTISSEMENT,ID_BIEN,ANNEE,MONTANT,VALEUR_RESIDUELLE,DATE_CALCUL) values ('68','50','2032','20000','40000',to_date('24/07/25','DD/MM/RR'));
Insert into SYSTEM.AMORTISSEMENTS (ID_AMORTISSEMENT,ID_BIEN,ANNEE,MONTANT,VALEUR_RESIDUELLE,DATE_CALCUL) values ('69','50','2033','20000','20000',to_date('24/07/25','DD/MM/RR'));
Insert into SYSTEM.AMORTISSEMENTS (ID_AMORTISSEMENT,ID_BIEN,ANNEE,MONTANT,VALEUR_RESIDUELLE,DATE_CALCUL) values ('70','50','2034','20000','0',to_date('24/07/25','DD/MM/RR'));
Insert into SYSTEM.AMORTISSEMENTS (ID_AMORTISSEMENT,ID_BIEN,ANNEE,MONTANT,VALEUR_RESIDUELLE,DATE_CALCUL) values ('24','82','2025','333333,33','4666666,67',to_date('03/06/25','DD/MM/RR'));
Insert into SYSTEM.AMORTISSEMENTS (ID_AMORTISSEMENT,ID_BIEN,ANNEE,MONTANT,VALEUR_RESIDUELLE,DATE_CALCUL) values ('25','82','2026','333333,33','4333333,33',to_date('03/06/25','DD/MM/RR'));
Insert into SYSTEM.AMORTISSEMENTS (ID_AMORTISSEMENT,ID_BIEN,ANNEE,MONTANT,VALEUR_RESIDUELLE,DATE_CALCUL) values ('26','82','2027','333333,33','4000000',to_date('03/06/25','DD/MM/RR'));
Insert into SYSTEM.AMORTISSEMENTS (ID_AMORTISSEMENT,ID_BIEN,ANNEE,MONTANT,VALEUR_RESIDUELLE,DATE_CALCUL) values ('27','82','2028','333333,33','3666666,67',to_date('03/06/25','DD/MM/RR'));
Insert into SYSTEM.AMORTISSEMENTS (ID_AMORTISSEMENT,ID_BIEN,ANNEE,MONTANT,VALEUR_RESIDUELLE,DATE_CALCUL) values ('28','82','2029','333333,33','3333333,33',to_date('03/06/25','DD/MM/RR'));
Insert into SYSTEM.AMORTISSEMENTS (ID_AMORTISSEMENT,ID_BIEN,ANNEE,MONTANT,VALEUR_RESIDUELLE,DATE_CALCUL) values ('29','82','2030','333333,33','3000000',to_date('03/06/25','DD/MM/RR'));
Insert into SYSTEM.AMORTISSEMENTS (ID_AMORTISSEMENT,ID_BIEN,ANNEE,MONTANT,VALEUR_RESIDUELLE,DATE_CALCUL) values ('30','82','2031','333333,33','2666666,67',to_date('03/06/25','DD/MM/RR'));
Insert into SYSTEM.AMORTISSEMENTS (ID_AMORTISSEMENT,ID_BIEN,ANNEE,MONTANT,VALEUR_RESIDUELLE,DATE_CALCUL) values ('31','82','2032','333333,33','2333333,33',to_date('03/06/25','DD/MM/RR'));
Insert into SYSTEM.AMORTISSEMENTS (ID_AMORTISSEMENT,ID_BIEN,ANNEE,MONTANT,VALEUR_RESIDUELLE,DATE_CALCUL) values ('32','82','2033','333333,33','2000000',to_date('03/06/25','DD/MM/RR'));
Insert into SYSTEM.AMORTISSEMENTS (ID_AMORTISSEMENT,ID_BIEN,ANNEE,MONTANT,VALEUR_RESIDUELLE,DATE_CALCUL) values ('33','82','2034','333333,33','1666666,67',to_date('03/06/25','DD/MM/RR'));
Insert into SYSTEM.AMORTISSEMENTS (ID_AMORTISSEMENT,ID_BIEN,ANNEE,MONTANT,VALEUR_RESIDUELLE,DATE_CALCUL) values ('34','82','2035','333333,33','1333333,33',to_date('03/06/25','DD/MM/RR'));
Insert into SYSTEM.AMORTISSEMENTS (ID_AMORTISSEMENT,ID_BIEN,ANNEE,MONTANT,VALEUR_RESIDUELLE,DATE_CALCUL) values ('35','82','2036','333333,33','1000000',to_date('03/06/25','DD/MM/RR'));
Insert into SYSTEM.AMORTISSEMENTS (ID_AMORTISSEMENT,ID_BIEN,ANNEE,MONTANT,VALEUR_RESIDUELLE,DATE_CALCUL) values ('36','82','2037','333333,33','666666,67',to_date('03/06/25','DD/MM/RR'));
Insert into SYSTEM.AMORTISSEMENTS (ID_AMORTISSEMENT,ID_BIEN,ANNEE,MONTANT,VALEUR_RESIDUELLE,DATE_CALCUL) values ('37','82','2038','333333,33','333333,33',to_date('03/06/25','DD/MM/RR'));
Insert into SYSTEM.AMORTISSEMENTS (ID_AMORTISSEMENT,ID_BIEN,ANNEE,MONTANT,VALEUR_RESIDUELLE,DATE_CALCUL) values ('38','82','2039','333333,33','0',to_date('03/06/25','DD/MM/RR'));
Insert into SYSTEM.AMORTISSEMENTS (ID_AMORTISSEMENT,ID_BIEN,ANNEE,MONTANT,VALEUR_RESIDUELLE,DATE_CALCUL) values ('101','61','2025','66666,67','933333,33',to_date('07/07/25','DD/MM/RR'));
Insert into SYSTEM.AMORTISSEMENTS (ID_AMORTISSEMENT,ID_BIEN,ANNEE,MONTANT,VALEUR_RESIDUELLE,DATE_CALCUL) values ('102','61','2026','66666,67','866666,67',to_date('07/07/25','DD/MM/RR'));
Insert into SYSTEM.AMORTISSEMENTS (ID_AMORTISSEMENT,ID_BIEN,ANNEE,MONTANT,VALEUR_RESIDUELLE,DATE_CALCUL) values ('103','61','2027','66666,67','800000',to_date('07/07/25','DD/MM/RR'));
Insert into SYSTEM.AMORTISSEMENTS (ID_AMORTISSEMENT,ID_BIEN,ANNEE,MONTANT,VALEUR_RESIDUELLE,DATE_CALCUL) values ('104','61','2028','66666,67','733333,33',to_date('07/07/25','DD/MM/RR'));
Insert into SYSTEM.AMORTISSEMENTS (ID_AMORTISSEMENT,ID_BIEN,ANNEE,MONTANT,VALEUR_RESIDUELLE,DATE_CALCUL) values ('90','81','2025','333,33','666,67',to_date('03/07/25','DD/MM/RR'));
Insert into SYSTEM.AMORTISSEMENTS (ID_AMORTISSEMENT,ID_BIEN,ANNEE,MONTANT,VALEUR_RESIDUELLE,DATE_CALCUL) values ('91','81','2026','333,33','333,33',to_date('03/07/25','DD/MM/RR'));
Insert into SYSTEM.AMORTISSEMENTS (ID_AMORTISSEMENT,ID_BIEN,ANNEE,MONTANT,VALEUR_RESIDUELLE,DATE_CALCUL) values ('92','81','2027','333,33','0',to_date('03/07/25','DD/MM/RR'));
Insert into SYSTEM.AMORTISSEMENTS (ID_AMORTISSEMENT,ID_BIEN,ANNEE,MONTANT,VALEUR_RESIDUELLE,DATE_CALCUL) values ('105','61','2029','66666,67','666666,67',to_date('07/07/25','DD/MM/RR'));
Insert into SYSTEM.AMORTISSEMENTS (ID_AMORTISSEMENT,ID_BIEN,ANNEE,MONTANT,VALEUR_RESIDUELLE,DATE_CALCUL) values ('106','61','2030','66666,67','600000',to_date('07/07/25','DD/MM/RR'));
Insert into SYSTEM.AMORTISSEMENTS (ID_AMORTISSEMENT,ID_BIEN,ANNEE,MONTANT,VALEUR_RESIDUELLE,DATE_CALCUL) values ('107','61','2031','66666,67','533333,33',to_date('07/07/25','DD/MM/RR'));
Insert into SYSTEM.AMORTISSEMENTS (ID_AMORTISSEMENT,ID_BIEN,ANNEE,MONTANT,VALEUR_RESIDUELLE,DATE_CALCUL) values ('108','61','2032','66666,67','466666,67',to_date('07/07/25','DD/MM/RR'));
Insert into SYSTEM.AMORTISSEMENTS (ID_AMORTISSEMENT,ID_BIEN,ANNEE,MONTANT,VALEUR_RESIDUELLE,DATE_CALCUL) values ('109','61','2033','66666,67','400000',to_date('07/07/25','DD/MM/RR'));
Insert into SYSTEM.AMORTISSEMENTS (ID_AMORTISSEMENT,ID_BIEN,ANNEE,MONTANT,VALEUR_RESIDUELLE,DATE_CALCUL) values ('110','61','2034','66666,67','333333,33',to_date('07/07/25','DD/MM/RR'));
Insert into SYSTEM.AMORTISSEMENTS (ID_AMORTISSEMENT,ID_BIEN,ANNEE,MONTANT,VALEUR_RESIDUELLE,DATE_CALCUL) values ('111','61','2035','66666,67','266666,67',to_date('07/07/25','DD/MM/RR'));
Insert into SYSTEM.AMORTISSEMENTS (ID_AMORTISSEMENT,ID_BIEN,ANNEE,MONTANT,VALEUR_RESIDUELLE,DATE_CALCUL) values ('112','61','2036','66666,67','200000',to_date('07/07/25','DD/MM/RR'));
Insert into SYSTEM.AMORTISSEMENTS (ID_AMORTISSEMENT,ID_BIEN,ANNEE,MONTANT,VALEUR_RESIDUELLE,DATE_CALCUL) values ('113','61','2037','66666,67','133333,33',to_date('07/07/25','DD/MM/RR'));
Insert into SYSTEM.AMORTISSEMENTS (ID_AMORTISSEMENT,ID_BIEN,ANNEE,MONTANT,VALEUR_RESIDUELLE,DATE_CALCUL) values ('114','61','2038','66666,67','66666,67',to_date('07/07/25','DD/MM/RR'));
Insert into SYSTEM.AMORTISSEMENTS (ID_AMORTISSEMENT,ID_BIEN,ANNEE,MONTANT,VALEUR_RESIDUELLE,DATE_CALCUL) values ('115','61','2039','66666,67','0',to_date('07/07/25','DD/MM/RR'));
Insert into SYSTEM.AMORTISSEMENTS (ID_AMORTISSEMENT,ID_BIEN,ANNEE,MONTANT,VALEUR_RESIDUELLE,DATE_CALCUL) values ('1','1','2025','250000','1750000',to_date('17/07/25','DD/MM/RR'));
Insert into SYSTEM.AMORTISSEMENTS (ID_AMORTISSEMENT,ID_BIEN,ANNEE,MONTANT,VALEUR_RESIDUELLE,DATE_CALCUL) values ('2','1','2026','250000','1500000',to_date('17/07/25','DD/MM/RR'));
Insert into SYSTEM.AMORTISSEMENTS (ID_AMORTISSEMENT,ID_BIEN,ANNEE,MONTANT,VALEUR_RESIDUELLE,DATE_CALCUL) values ('3','1','2027','250000','1250000',to_date('17/07/25','DD/MM/RR'));
Insert into SYSTEM.AMORTISSEMENTS (ID_AMORTISSEMENT,ID_BIEN,ANNEE,MONTANT,VALEUR_RESIDUELLE,DATE_CALCUL) values ('4','1','2028','250000','1000000',to_date('17/07/25','DD/MM/RR'));
Insert into SYSTEM.AMORTISSEMENTS (ID_AMORTISSEMENT,ID_BIEN,ANNEE,MONTANT,VALEUR_RESIDUELLE,DATE_CALCUL) values ('5','1','2029','250000','750000',to_date('17/07/25','DD/MM/RR'));
Insert into SYSTEM.AMORTISSEMENTS (ID_AMORTISSEMENT,ID_BIEN,ANNEE,MONTANT,VALEUR_RESIDUELLE,DATE_CALCUL) values ('6','1','2030','250000','500000',to_date('17/07/25','DD/MM/RR'));
Insert into SYSTEM.AMORTISSEMENTS (ID_AMORTISSEMENT,ID_BIEN,ANNEE,MONTANT,VALEUR_RESIDUELLE,DATE_CALCUL) values ('7','1','2031','250000','250000',to_date('17/07/25','DD/MM/RR'));
Insert into SYSTEM.AMORTISSEMENTS (ID_AMORTISSEMENT,ID_BIEN,ANNEE,MONTANT,VALEUR_RESIDUELLE,DATE_CALCUL) values ('8','1','2032','250000','0',to_date('17/07/25','DD/MM/RR'));
Insert into SYSTEM.AMORTISSEMENTS (ID_AMORTISSEMENT,ID_BIEN,ANNEE,MONTANT,VALEUR_RESIDUELLE,DATE_CALCUL) values ('56','49','2025','200000','800000',to_date('24/07/25','DD/MM/RR'));
Insert into SYSTEM.AMORTISSEMENTS (ID_AMORTISSEMENT,ID_BIEN,ANNEE,MONTANT,VALEUR_RESIDUELLE,DATE_CALCUL) values ('57','49','2026','200000','600000',to_date('24/07/25','DD/MM/RR'));
Insert into SYSTEM.AMORTISSEMENTS (ID_AMORTISSEMENT,ID_BIEN,ANNEE,MONTANT,VALEUR_RESIDUELLE,DATE_CALCUL) values ('58','49','2027','200000','400000',to_date('24/07/25','DD/MM/RR'));
Insert into SYSTEM.AMORTISSEMENTS (ID_AMORTISSEMENT,ID_BIEN,ANNEE,MONTANT,VALEUR_RESIDUELLE,DATE_CALCUL) values ('59','49','2028','200000','200000',to_date('24/07/25','DD/MM/RR'));
Insert into SYSTEM.AMORTISSEMENTS (ID_AMORTISSEMENT,ID_BIEN,ANNEE,MONTANT,VALEUR_RESIDUELLE,DATE_CALCUL) values ('60','49','2029','200000','0',to_date('24/07/25','DD/MM/RR'));
Insert into SYSTEM.AMORTISSEMENTS (ID_AMORTISSEMENT,ID_BIEN,ANNEE,MONTANT,VALEUR_RESIDUELLE,DATE_CALCUL) values ('61','50','2025','20000','180000',to_date('24/07/25','DD/MM/RR'));
Insert into SYSTEM.AMORTISSEMENTS (ID_AMORTISSEMENT,ID_BIEN,ANNEE,MONTANT,VALEUR_RESIDUELLE,DATE_CALCUL) values ('161','141','2025','0,33','1,67',to_date('06/08/25','DD/MM/RR'));
Insert into SYSTEM.AMORTISSEMENTS (ID_AMORTISSEMENT,ID_BIEN,ANNEE,MONTANT,VALEUR_RESIDUELLE,DATE_CALCUL) values ('162','141','2026','0,33','1,33',to_date('06/08/25','DD/MM/RR'));
Insert into SYSTEM.AMORTISSEMENTS (ID_AMORTISSEMENT,ID_BIEN,ANNEE,MONTANT,VALEUR_RESIDUELLE,DATE_CALCUL) values ('163','141','2027','0,33','1',to_date('06/08/25','DD/MM/RR'));
Insert into SYSTEM.AMORTISSEMENTS (ID_AMORTISSEMENT,ID_BIEN,ANNEE,MONTANT,VALEUR_RESIDUELLE,DATE_CALCUL) values ('164','141','2028','0,33','0,67',to_date('06/08/25','DD/MM/RR'));
Insert into SYSTEM.AMORTISSEMENTS (ID_AMORTISSEMENT,ID_BIEN,ANNEE,MONTANT,VALEUR_RESIDUELLE,DATE_CALCUL) values ('168','142','2026','63333,33','63333,33',to_date('06/08/25','DD/MM/RR'));
Insert into SYSTEM.AMORTISSEMENTS (ID_AMORTISSEMENT,ID_BIEN,ANNEE,MONTANT,VALEUR_RESIDUELLE,DATE_CALCUL) values ('169','142','2027','63333,33','0',to_date('06/08/25','DD/MM/RR'));
Insert into SYSTEM.AMORTISSEMENTS (ID_AMORTISSEMENT,ID_BIEN,ANNEE,MONTANT,VALEUR_RESIDUELLE,DATE_CALCUL) values ('165','141','2029','0,33','0,33',to_date('06/08/25','DD/MM/RR'));
Insert into SYSTEM.AMORTISSEMENTS (ID_AMORTISSEMENT,ID_BIEN,ANNEE,MONTANT,VALEUR_RESIDUELLE,DATE_CALCUL) values ('166','141','2030','0,33','0',to_date('06/08/25','DD/MM/RR'));
Insert into SYSTEM.AMORTISSEMENTS (ID_AMORTISSEMENT,ID_BIEN,ANNEE,MONTANT,VALEUR_RESIDUELLE,DATE_CALCUL) values ('167','142','2025','63333,33','126666,67',to_date('06/08/25','DD/MM/RR'));
REM INSERTING into SYSTEM.AQ$_SCHEDULES
SET DEFINE OFF;
REM INSERTING into SYSTEM.BIEN_AGENCE
SET DEFINE OFF;
Insert into SYSTEM.BIEN_AGENCE (ID_BIEN,ID_AGENCE,DATE_AFFECTATION,QUANTITE,QUANTITE_CONSO,FONCTION) values ('48','2',to_date('24/07/25','DD/MM/RR'),'1','1','Ventes');
Insert into SYSTEM.BIEN_AGENCE (ID_BIEN,ID_AGENCE,DATE_AFFECTATION,QUANTITE,QUANTITE_CONSO,FONCTION) values ('61','2',to_date('17/07/25','DD/MM/RR'),'7','1','Marketing');
Insert into SYSTEM.BIEN_AGENCE (ID_BIEN,ID_AGENCE,DATE_AFFECTATION,QUANTITE,QUANTITE_CONSO,FONCTION) values ('61','83',to_date('24/07/25','DD/MM/RR'),'2','2','Informatique');
Insert into SYSTEM.BIEN_AGENCE (ID_BIEN,ID_AGENCE,DATE_AFFECTATION,QUANTITE,QUANTITE_CONSO,FONCTION) values ('50','102',to_date('24/07/25','DD/MM/RR'),'0','2','Direction');
Insert into SYSTEM.BIEN_AGENCE (ID_BIEN,ID_AGENCE,DATE_AFFECTATION,QUANTITE,QUANTITE_CONSO,FONCTION) values ('62','2',to_date('19/06/25','DD/MM/RR'),'4','4','Marketing');
Insert into SYSTEM.BIEN_AGENCE (ID_BIEN,ID_AGENCE,DATE_AFFECTATION,QUANTITE,QUANTITE_CONSO,FONCTION) values ('102','2',to_date('18/06/25','DD/MM/RR'),'1','2','Marketing');
Insert into SYSTEM.BIEN_AGENCE (ID_BIEN,ID_AGENCE,DATE_AFFECTATION,QUANTITE,QUANTITE_CONSO,FONCTION) values ('1','102',to_date('25/07/25','DD/MM/RR'),'4','0','Direction');
Insert into SYSTEM.BIEN_AGENCE (ID_BIEN,ID_AGENCE,DATE_AFFECTATION,QUANTITE,QUANTITE_CONSO,FONCTION) values ('62','82',to_date('29/05/25','DD/MM/RR'),'20',null,'Comptabilité');
Insert into SYSTEM.BIEN_AGENCE (ID_BIEN,ID_AGENCE,DATE_AFFECTATION,QUANTITE,QUANTITE_CONSO,FONCTION) values ('61','81',to_date('22/07/25','DD/MM/RR'),'3','0','Marketing');
Insert into SYSTEM.BIEN_AGENCE (ID_BIEN,ID_AGENCE,DATE_AFFECTATION,QUANTITE,QUANTITE_CONSO,FONCTION) values ('48','41',to_date('24/07/25','DD/MM/RR'),'2','0','Informatique');
Insert into SYSTEM.BIEN_AGENCE (ID_BIEN,ID_AGENCE,DATE_AFFECTATION,QUANTITE,QUANTITE_CONSO,FONCTION) values ('81','102',to_date('25/07/25','DD/MM/RR'),'4','1','Production');
Insert into SYSTEM.BIEN_AGENCE (ID_BIEN,ID_AGENCE,DATE_AFFECTATION,QUANTITE,QUANTITE_CONSO,FONCTION) values ('61','102',to_date('25/07/25','DD/MM/RR'),'6','0','Ressources Humaines');
Insert into SYSTEM.BIEN_AGENCE (ID_BIEN,ID_AGENCE,DATE_AFFECTATION,QUANTITE,QUANTITE_CONSO,FONCTION) values ('64','81',to_date('25/07/25','DD/MM/RR'),'4','0','Informatique');
Insert into SYSTEM.BIEN_AGENCE (ID_BIEN,ID_AGENCE,DATE_AFFECTATION,QUANTITE,QUANTITE_CONSO,FONCTION) values ('101','82',to_date('26/06/25','DD/MM/RR'),'1','0','Logistique');
Insert into SYSTEM.BIEN_AGENCE (ID_BIEN,ID_AGENCE,DATE_AFFECTATION,QUANTITE,QUANTITE_CONSO,FONCTION) values ('101','2',to_date('26/06/25','DD/MM/RR'),'0','2','Comptabilité');
Insert into SYSTEM.BIEN_AGENCE (ID_BIEN,ID_AGENCE,DATE_AFFECTATION,QUANTITE,QUANTITE_CONSO,FONCTION) values ('50','102',to_date('26/07/25','DD/MM/RR'),'3','0','Comptabilité');
Insert into SYSTEM.BIEN_AGENCE (ID_BIEN,ID_AGENCE,DATE_AFFECTATION,QUANTITE,QUANTITE_CONSO,FONCTION) values ('81','2',to_date('17/07/25','DD/MM/RR'),'6','1','Marketing');
Insert into SYSTEM.BIEN_AGENCE (ID_BIEN,ID_AGENCE,DATE_AFFECTATION,QUANTITE,QUANTITE_CONSO,FONCTION) values ('63','83',to_date('26/07/25','DD/MM/RR'),'6','0','Informatique');
Insert into SYSTEM.BIEN_AGENCE (ID_BIEN,ID_AGENCE,DATE_AFFECTATION,QUANTITE,QUANTITE_CONSO,FONCTION) values ('101','1',to_date('03/07/25','DD/MM/RR'),'3','0','Comptabilité');
Insert into SYSTEM.BIEN_AGENCE (ID_BIEN,ID_AGENCE,DATE_AFFECTATION,QUANTITE,QUANTITE_CONSO,FONCTION) values ('82','1',to_date('01/07/25','DD/MM/RR'),'1','0','Marketing');
Insert into SYSTEM.BIEN_AGENCE (ID_BIEN,ID_AGENCE,DATE_AFFECTATION,QUANTITE,QUANTITE_CONSO,FONCTION) values ('102','102',to_date('03/07/25','DD/MM/RR'),'2','2','Comptabilité');
Insert into SYSTEM.BIEN_AGENCE (ID_BIEN,ID_AGENCE,DATE_AFFECTATION,QUANTITE,QUANTITE_CONSO,FONCTION) values ('81','1',to_date('03/07/25','DD/MM/RR'),'1','0','Comptabilité');
Insert into SYSTEM.BIEN_AGENCE (ID_BIEN,ID_AGENCE,DATE_AFFECTATION,QUANTITE,QUANTITE_CONSO,FONCTION) values ('102','1',to_date('03/07/25','DD/MM/RR'),'3','0','Comptabilité');
Insert into SYSTEM.BIEN_AGENCE (ID_BIEN,ID_AGENCE,DATE_AFFECTATION,QUANTITE,QUANTITE_CONSO,FONCTION) values ('101','41',to_date('04/07/25','DD/MM/RR'),'2','0','Ressources Humaines');
REM INSERTING into SYSTEM.CATEGORIES
SET DEFINE OFF;
Insert into SYSTEM.CATEGORIES (ID_CATEGORIE,NOM_CATEGORIE,DUREE_AMORTISSEMENT,ID_PARENT) values ('1','Matériel informatique','3',null);
Insert into SYSTEM.CATEGORIES (ID_CATEGORIE,NOM_CATEGORIE,DUREE_AMORTISSEMENT,ID_PARENT) values ('2','Mobilier de bureau','6',null);
Insert into SYSTEM.CATEGORIES (ID_CATEGORIE,NOM_CATEGORIE,DUREE_AMORTISSEMENT,ID_PARENT) values ('21','Terrain','5',null);
Insert into SYSTEM.CATEGORIES (ID_CATEGORIE,NOM_CATEGORIE,DUREE_AMORTISSEMENT,ID_PARENT) values ('22','Construction','10',null);
Insert into SYSTEM.CATEGORIES (ID_CATEGORIE,NOM_CATEGORIE,DUREE_AMORTISSEMENT,ID_PARENT) values ('61','Licence Logiciel Informatique','5',null);
Insert into SYSTEM.CATEGORIES (ID_CATEGORIE,NOM_CATEGORIE,DUREE_AMORTISSEMENT,ID_PARENT) values ('24','Mobilier','8',null);
Insert into SYSTEM.CATEGORIES (ID_CATEGORIE,NOM_CATEGORIE,DUREE_AMORTISSEMENT,ID_PARENT) values ('41','Matériel de Transport','15',null);
Insert into SYSTEM.CATEGORIES (ID_CATEGORIE,NOM_CATEGORIE,DUREE_AMORTISSEMENT,ID_PARENT) values ('23','Outillage','5',null);
Insert into SYSTEM.CATEGORIES (ID_CATEGORIE,NOM_CATEGORIE,DUREE_AMORTISSEMENT,ID_PARENT) values ('281','logiciel','3','1');
Insert into SYSTEM.CATEGORIES (ID_CATEGORIE,NOM_CATEGORIE,DUREE_AMORTISSEMENT,ID_PARENT) values ('301','Table','6','2');
REM INSERTING into SYSTEM.ENTREE_FOURNITURES
SET DEFINE OFF;
Insert into SYSTEM.ENTREE_FOURNITURES (ID,FOURNITURE_ID,QUANTITE_ENTREE,DATE_ENTREE,PRIX_UNITAIRE,MONTANT) values ('42','67','54',to_date('22/07/25','DD/MM/RR'),'1200000','64800000');
Insert into SYSTEM.ENTREE_FOURNITURES (ID,FOURNITURE_ID,QUANTITE_ENTREE,DATE_ENTREE,PRIX_UNITAIRE,MONTANT) values ('3','65','4',to_date('27/05/25','DD/MM/RR'),'200','800');
Insert into SYSTEM.ENTREE_FOURNITURES (ID,FOURNITURE_ID,QUANTITE_ENTREE,DATE_ENTREE,PRIX_UNITAIRE,MONTANT) values ('28','65','50',to_date('03/06/25','DD/MM/RR'),'250','12500');
Insert into SYSTEM.ENTREE_FOURNITURES (ID,FOURNITURE_ID,QUANTITE_ENTREE,DATE_ENTREE,PRIX_UNITAIRE,MONTANT) values ('5','121','200',to_date('28/05/25','DD/MM/RR'),'2500','500000');
Insert into SYSTEM.ENTREE_FOURNITURES (ID,FOURNITURE_ID,QUANTITE_ENTREE,DATE_ENTREE,PRIX_UNITAIRE,MONTANT) values ('6','67','7',to_date('27/05/25','DD/MM/RR'),'800000','5600000');
Insert into SYSTEM.ENTREE_FOURNITURES (ID,FOURNITURE_ID,QUANTITE_ENTREE,DATE_ENTREE,PRIX_UNITAIRE,MONTANT) values ('7','82','115',to_date('28/05/25','DD/MM/RR'),'800','92000');
Insert into SYSTEM.ENTREE_FOURNITURES (ID,FOURNITURE_ID,QUANTITE_ENTREE,DATE_ENTREE,PRIX_UNITAIRE,MONTANT) values ('8','66','55',to_date('27/05/25','DD/MM/RR'),'500','27500');
Insert into SYSTEM.ENTREE_FOURNITURES (ID,FOURNITURE_ID,QUANTITE_ENTREE,DATE_ENTREE,PRIX_UNITAIRE,MONTANT) values ('9','141','60',to_date('30/05/25','DD/MM/RR'),'50','3000');
Insert into SYSTEM.ENTREE_FOURNITURES (ID,FOURNITURE_ID,QUANTITE_ENTREE,DATE_ENTREE,PRIX_UNITAIRE,MONTANT) values ('10','142','35',to_date('30/05/25','DD/MM/RR'),'500','17500');
Insert into SYSTEM.ENTREE_FOURNITURES (ID,FOURNITURE_ID,QUANTITE_ENTREE,DATE_ENTREE,PRIX_UNITAIRE,MONTANT) values ('21','161','50',to_date('02/06/25','DD/MM/RR'),'2000','100000');
Insert into SYSTEM.ENTREE_FOURNITURES (ID,FOURNITURE_ID,QUANTITE_ENTREE,DATE_ENTREE,PRIX_UNITAIRE,MONTANT) values ('43','21','25',to_date('22/07/25','DD/MM/RR'),'200','5000');
Insert into SYSTEM.ENTREE_FOURNITURES (ID,FOURNITURE_ID,QUANTITE_ENTREE,DATE_ENTREE,PRIX_UNITAIRE,MONTANT) values ('23','162','52',to_date('02/06/25','DD/MM/RR'),'200','10400');
Insert into SYSTEM.ENTREE_FOURNITURES (ID,FOURNITURE_ID,QUANTITE_ENTREE,DATE_ENTREE,PRIX_UNITAIRE,MONTANT) values ('44','3','29',to_date('22/07/25','DD/MM/RR'),'450','13050');
Insert into SYSTEM.ENTREE_FOURNITURES (ID,FOURNITURE_ID,QUANTITE_ENTREE,DATE_ENTREE,PRIX_UNITAIRE,MONTANT) values ('25','67','10',to_date('02/06/25','DD/MM/RR'),'800000','8000000');
Insert into SYSTEM.ENTREE_FOURNITURES (ID,FOURNITURE_ID,QUANTITE_ENTREE,DATE_ENTREE,PRIX_UNITAIRE,MONTANT) values ('26','121','30',to_date('02/06/25','DD/MM/RR'),'500','15000');
Insert into SYSTEM.ENTREE_FOURNITURES (ID,FOURNITURE_ID,QUANTITE_ENTREE,DATE_ENTREE,PRIX_UNITAIRE,MONTANT) values ('27','141','50',to_date('02/06/25','DD/MM/RR'),'50','2500');
Insert into SYSTEM.ENTREE_FOURNITURES (ID,FOURNITURE_ID,QUANTITE_ENTREE,DATE_ENTREE,PRIX_UNITAIRE,MONTANT) values ('29','67','25',to_date('03/06/25','DD/MM/RR'),'1000000','25000000');
Insert into SYSTEM.ENTREE_FOURNITURES (ID,FOURNITURE_ID,QUANTITE_ENTREE,DATE_ENTREE,PRIX_UNITAIRE,MONTANT) values ('30','82','25',to_date('03/06/25','DD/MM/RR'),'1500','37500');
Insert into SYSTEM.ENTREE_FOURNITURES (ID,FOURNITURE_ID,QUANTITE_ENTREE,DATE_ENTREE,PRIX_UNITAIRE,MONTANT) values ('31','67','20',to_date('03/06/25','DD/MM/RR'),'1200000','24000000');
Insert into SYSTEM.ENTREE_FOURNITURES (ID,FOURNITURE_ID,QUANTITE_ENTREE,DATE_ENTREE,PRIX_UNITAIRE,MONTANT) values ('32','82','15',to_date('03/06/25','DD/MM/RR'),'2000','30000');
Insert into SYSTEM.ENTREE_FOURNITURES (ID,FOURNITURE_ID,QUANTITE_ENTREE,DATE_ENTREE,PRIX_UNITAIRE,MONTANT) values ('41','142','25',to_date('19/06/25','DD/MM/RR'),'150','3750');
Insert into SYSTEM.ENTREE_FOURNITURES (ID,FOURNITURE_ID,QUANTITE_ENTREE,DATE_ENTREE,PRIX_UNITAIRE,MONTANT) values ('48','21','30',to_date('22/07/25','DD/MM/RR'),'250','7500');
Insert into SYSTEM.ENTREE_FOURNITURES (ID,FOURNITURE_ID,QUANTITE_ENTREE,DATE_ENTREE,PRIX_UNITAIRE,MONTANT) values ('49','142','20',to_date('22/07/25','DD/MM/RR'),'300','6000');
Insert into SYSTEM.ENTREE_FOURNITURES (ID,FOURNITURE_ID,QUANTITE_ENTREE,DATE_ENTREE,PRIX_UNITAIRE,MONTANT) values ('50','65','98',to_date('22/07/25','DD/MM/RR'),'250','24500');
Insert into SYSTEM.ENTREE_FOURNITURES (ID,FOURNITURE_ID,QUANTITE_ENTREE,DATE_ENTREE,PRIX_UNITAIRE,MONTANT) values ('45','141','100',to_date('19/06/25','DD/MM/RR'),'50','5000');
Insert into SYSTEM.ENTREE_FOURNITURES (ID,FOURNITURE_ID,QUANTITE_ENTREE,DATE_ENTREE,PRIX_UNITAIRE,MONTANT) values ('46','161','45',to_date('20/06/25','DD/MM/RR'),'2000','90000');
Insert into SYSTEM.ENTREE_FOURNITURES (ID,FOURNITURE_ID,QUANTITE_ENTREE,DATE_ENTREE,PRIX_UNITAIRE,MONTANT) values ('47','65','54',to_date('20/06/25','DD/MM/RR'),'250','13500');
Insert into SYSTEM.ENTREE_FOURNITURES (ID,FOURNITURE_ID,QUANTITE_ENTREE,DATE_ENTREE,PRIX_UNITAIRE,MONTANT) values ('61','121','200',to_date('24/06/25','DD/MM/RR'),'500','100000');
Insert into SYSTEM.ENTREE_FOURNITURES (ID,FOURNITURE_ID,QUANTITE_ENTREE,DATE_ENTREE,PRIX_UNITAIRE,MONTANT) values ('81','82','144',to_date('07/07/25','DD/MM/RR'),'2000','288000');
Insert into SYSTEM.ENTREE_FOURNITURES (ID,FOURNITURE_ID,QUANTITE_ENTREE,DATE_ENTREE,PRIX_UNITAIRE,MONTANT) values ('2','141','183',to_date('16/07/25','DD/MM/RR'),'50','9150');
Insert into SYSTEM.ENTREE_FOURNITURES (ID,FOURNITURE_ID,QUANTITE_ENTREE,DATE_ENTREE,PRIX_UNITAIRE,MONTANT) values ('4','161','85',to_date('16/07/25','DD/MM/RR'),'2000','170000');
Insert into SYSTEM.ENTREE_FOURNITURES (ID,FOURNITURE_ID,QUANTITE_ENTREE,DATE_ENTREE,PRIX_UNITAIRE,MONTANT) values ('22','3','29',to_date('17/07/25','DD/MM/RR'),'30','870');
Insert into SYSTEM.ENTREE_FOURNITURES (ID,FOURNITURE_ID,QUANTITE_ENTREE,DATE_ENTREE,PRIX_UNITAIRE,MONTANT) values ('24','3','3',to_date('17/07/25','DD/MM/RR'),'450','1350');
Insert into SYSTEM.ENTREE_FOURNITURES (ID,FOURNITURE_ID,QUANTITE_ENTREE,DATE_ENTREE,PRIX_UNITAIRE,MONTANT) values ('62','21','48',to_date('24/07/25','DD/MM/RR'),'250','12000');
Insert into SYSTEM.ENTREE_FOURNITURES (ID,FOURNITURE_ID,QUANTITE_ENTREE,DATE_ENTREE,PRIX_UNITAIRE,MONTANT) values ('63','3','20',to_date('24/07/25','DD/MM/RR'),'300','6000');
Insert into SYSTEM.ENTREE_FOURNITURES (ID,FOURNITURE_ID,QUANTITE_ENTREE,DATE_ENTREE,PRIX_UNITAIRE,MONTANT) values ('64','67','105',to_date('24/07/25','DD/MM/RR'),'1200000','126000000');
Insert into SYSTEM.ENTREE_FOURNITURES (ID,FOURNITURE_ID,QUANTITE_ENTREE,DATE_ENTREE,PRIX_UNITAIRE,MONTANT) values ('65','261','2',to_date('25/07/25','DD/MM/RR'),'100','200');
Insert into SYSTEM.ENTREE_FOURNITURES (ID,FOURNITURE_ID,QUANTITE_ENTREE,DATE_ENTREE,PRIX_UNITAIRE,MONTANT) values ('66','66','55',to_date('25/07/25','DD/MM/RR'),'500','27500');
Insert into SYSTEM.ENTREE_FOURNITURES (ID,FOURNITURE_ID,QUANTITE_ENTREE,DATE_ENTREE,PRIX_UNITAIRE,MONTANT) values ('67','261','2',to_date('25/07/25','DD/MM/RR'),'100','200');
Insert into SYSTEM.ENTREE_FOURNITURES (ID,FOURNITURE_ID,QUANTITE_ENTREE,DATE_ENTREE,PRIX_UNITAIRE,MONTANT) values ('68','262','24',to_date('25/07/25','DD/MM/RR'),'400','9600');
Insert into SYSTEM.ENTREE_FOURNITURES (ID,FOURNITURE_ID,QUANTITE_ENTREE,DATE_ENTREE,PRIX_UNITAIRE,MONTANT) values ('69','262','24',to_date('25/07/25','DD/MM/RR'),'400','9600');
Insert into SYSTEM.ENTREE_FOURNITURES (ID,FOURNITURE_ID,QUANTITE_ENTREE,DATE_ENTREE,PRIX_UNITAIRE,MONTANT) values ('70','261','30',to_date('25/07/25','DD/MM/RR'),'350','10500');
Insert into SYSTEM.ENTREE_FOURNITURES (ID,FOURNITURE_ID,QUANTITE_ENTREE,DATE_ENTREE,PRIX_UNITAIRE,MONTANT) values ('71','162','35',to_date('25/07/25','DD/MM/RR'),'300','10500');
Insert into SYSTEM.ENTREE_FOURNITURES (ID,FOURNITURE_ID,QUANTITE_ENTREE,DATE_ENTREE,PRIX_UNITAIRE,MONTANT) values ('72','162','87',to_date('25/07/25','DD/MM/RR'),'300','26100');
Insert into SYSTEM.ENTREE_FOURNITURES (ID,FOURNITURE_ID,QUANTITE_ENTREE,DATE_ENTREE,PRIX_UNITAIRE,MONTANT) values ('73','3','64',to_date('25/07/25','DD/MM/RR'),'300','19200');
Insert into SYSTEM.ENTREE_FOURNITURES (ID,FOURNITURE_ID,QUANTITE_ENTREE,DATE_ENTREE,PRIX_UNITAIRE,MONTANT) values ('74','65','193',to_date('25/07/25','DD/MM/RR'),'250','48250');
Insert into SYSTEM.ENTREE_FOURNITURES (ID,FOURNITURE_ID,QUANTITE_ENTREE,DATE_ENTREE,PRIX_UNITAIRE,MONTANT) values ('82','65','382',to_date('26/07/25','DD/MM/RR'),'250','95500');
Insert into SYSTEM.ENTREE_FOURNITURES (ID,FOURNITURE_ID,QUANTITE_ENTREE,DATE_ENTREE,PRIX_UNITAIRE,MONTANT) values ('101','21','23',to_date('28/07/25','DD/MM/RR'),'300','6900');
REM INSERTING into SYSTEM.FOURNITURES
SET DEFINE OFF;
Insert into SYSTEM.FOURNITURES (ID,NOM,PRIX_UNITAIRE,QUANTITE_RESTANTE,CATEGORIE) values ('21','L40','300','110','Livret');
Insert into SYSTEM.FOURNITURES (ID,NOM,PRIX_UNITAIRE,QUANTITE_RESTANTE,CATEGORIE) values ('65','Tableau','250','759','Fournitures d''Entretien');
Insert into SYSTEM.FOURNITURES (ID,NOM,PRIX_UNITAIRE,QUANTITE_RESTANTE,CATEGORIE) values ('121','Cable','500','389','Matériel Informatique');
Insert into SYSTEM.FOURNITURES (ID,NOM,PRIX_UNITAIRE,QUANTITE_RESTANTE,CATEGORIE) values ('67','Ordi','1200000','204','Matériel Informatique');
Insert into SYSTEM.FOURNITURES (ID,NOM,PRIX_UNITAIRE,QUANTITE_RESTANTE,CATEGORIE) values ('82','Carton','2000','280','Fournitures d''Entretien');
Insert into SYSTEM.FOURNITURES (ID,NOM,PRIX_UNITAIRE,QUANTITE_RESTANTE,CATEGORIE) values ('66','L64','500','105','Livret');
Insert into SYSTEM.FOURNITURES (ID,NOM,PRIX_UNITAIRE,QUANTITE_RESTANTE,CATEGORIE) values ('141','Papier','50','362','Fournitures de Bureau');
Insert into SYSTEM.FOURNITURES (ID,NOM,PRIX_UNITAIRE,QUANTITE_RESTANTE,CATEGORIE) values ('142','Règle','300','75','Fournitures de Bureau');
Insert into SYSTEM.FOURNITURES (ID,NOM,PRIX_UNITAIRE,QUANTITE_RESTANTE,CATEGORIE) values ('161','Sac','2000','168','Fournitures d''Entretien');
Insert into SYSTEM.FOURNITURES (ID,NOM,PRIX_UNITAIRE,QUANTITE_RESTANTE,CATEGORIE) values ('162','Marqueur','300','167','Fournitures de Bureau');
Insert into SYSTEM.FOURNITURES (ID,NOM,PRIX_UNITAIRE,QUANTITE_RESTANTE,CATEGORIE) values ('3','Gomme','300','124','Fournitures de Bureau');
Insert into SYSTEM.FOURNITURES (ID,NOM,PRIX_UNITAIRE,QUANTITE_RESTANTE,CATEGORIE) values ('261','Stylos','350','33','Fournitures de Bureau');
Insert into SYSTEM.FOURNITURES (ID,NOM,PRIX_UNITAIRE,QUANTITE_RESTANTE,CATEGORIE) values ('262','Colle','400','35','Fournitures de Bureau');
REM INSERTING into SYSTEM.HELP
SET DEFINE OFF;
Insert into SYSTEM.HELP (TOPIC,SEQ,INFO) values ('@','1',null);
Insert into SYSTEM.HELP (TOPIC,SEQ,INFO) values ('@','2',' @ ("at" sign)');
Insert into SYSTEM.HELP (TOPIC,SEQ,INFO) values ('@','3',' -------------');
Insert into SYSTEM.HELP (TOPIC,SEQ,INFO) values ('@','4',' Runs the SQL*Plus statements in the specified script. The script can be');
Insert into SYSTEM.HELP (TOPIC,SEQ,INFO) values ('@','5',' called from the local file system or a web server.');
Insert into SYSTEM.HELP (TOPIC,SEQ,INFO) values ('@','6',null);
Insert into SYSTEM.HELP (TOPIC,SEQ,INFO) values ('@','7',' @ {url|file_name[.ext]} [arg ...]');
Insert into SYSTEM.HELP (TOPIC,SEQ,INFO) values ('@','8',null);
Insert into SYSTEM.HELP (TOPIC,SEQ,INFO) values ('@','9',' where url supports HTTP and FTP protocols in the form:');
Insert into SYSTEM.HELP (TOPIC,SEQ,INFO) values ('@','10',null);
Insert into SYSTEM.HELP (TOPIC,SEQ,INFO) values ('@','11','    http://host.domain/script.sql');
Insert into SYSTEM.HELP (TOPIC,SEQ,INFO) values ('@','12',null);
Insert into SYSTEM.HELP (TOPIC,SEQ,INFO) values ('@@','1',null);
Insert into SYSTEM.HELP (TOPIC,SEQ,INFO) values ('@@','2',' @@ (double "at" sign)');
Insert into SYSTEM.HELP (TOPIC,SEQ,INFO) values ('@@','3',' ---------------------');
Insert into SYSTEM.HELP (TOPIC,SEQ,INFO) values ('@@','4',null);
Insert into SYSTEM.HELP (TOPIC,SEQ,INFO) values ('@@','5',' Runs the specified script. This command is almost identical to');
Insert into SYSTEM.HELP (TOPIC,SEQ,INFO) values ('@@','6',' the @ command. It is useful for running nested scripts because it');
Insert into SYSTEM.HELP (TOPIC,SEQ,INFO) values ('@@','7',' has the additional functionality of looking for the nested script');
Insert into SYSTEM.HELP (TOPIC,SEQ,INFO) values ('@@','8',' in the same url or path as the calling script.');
Insert into SYSTEM.HELP (TOPIC,SEQ,INFO) values ('@@','9',null);
Insert into SYSTEM.HELP (TOPIC,SEQ,INFO) values ('@@','10',' @@ {url|file_name[.ext]} [arg ...]');
Insert into SYSTEM.HELP (TOPIC,SEQ,INFO) values ('@@','11',null);
Insert into SYSTEM.HELP (TOPIC,SEQ,INFO) values ('/','1',null);
Insert into SYSTEM.HELP (TOPIC,SEQ,INFO) values ('/','2',' / (slash)');
Insert into SYSTEM.HELP (TOPIC,SEQ,INFO) values ('/','3',' ---------');
Insert into SYSTEM.HELP (TOPIC,SEQ,INFO) values ('/','4',null);
Insert into SYSTEM.HELP (TOPIC,SEQ,INFO) values ('/','5',' Executes the most recently executed SQL command or PL/SQL block');
Insert into SYSTEM.HELP (TOPIC,SEQ,INFO) values ('/','6',' which is stored in the SQL buffer. Use slash (/) at the command');
Insert into SYSTEM.HELP (TOPIC,SEQ,INFO) values ('/','7',' prompt or line number prompt in SQL*Plus command line. The buffer');
Insert into SYSTEM.HELP (TOPIC,SEQ,INFO) values ('/','8',' has no command history and does not record SQL*Plus commands.');
Insert into SYSTEM.HELP (TOPIC,SEQ,INFO) values ('/','9',null);
Insert into SYSTEM.HELP (TOPIC,SEQ,INFO) values ('/','10',' /');
Insert into SYSTEM.HELP (TOPIC,SEQ,INFO) values ('/','11',null);
Insert into SYSTEM.HELP (TOPIC,SEQ,INFO) values ('ACCEPT','1',null);
Insert into SYSTEM.HELP (TOPIC,SEQ,INFO) values ('ACCEPT','2',' ACCEPT');
Insert into SYSTEM.HELP (TOPIC,SEQ,INFO) values ('ACCEPT','3',' ------');
Insert into SYSTEM.HELP (TOPIC,SEQ,INFO) values ('ACCEPT','4',null);
Insert into SYSTEM.HELP (TOPIC,SEQ,INFO) values ('ACCEPT','5',' Reads a line of input and stores it in a given substitution variable.');
Insert into SYSTEM.HELP (TOPIC,SEQ,INFO) values ('ACCEPT','6',null);
Insert into SYSTEM.HELP (TOPIC,SEQ,INFO) values ('ACCEPT','7',' ACC[EPT] variable [NUM[BER] | CHAR | DATE | BINARY_FLOAT | BINARY_DOUBLE]');
Insert into SYSTEM.HELP (TOPIC,SEQ,INFO) values ('ACCEPT','8',' [FOR[MAT] format] [DEF[AULT] default] [PROMPT text | NOPR[OMPT]] [HIDE]');
Insert into SYSTEM.HELP (TOPIC,SEQ,INFO) values ('ACCEPT','9',null);
Insert into SYSTEM.HELP (TOPIC,SEQ,INFO) values ('APPEND','1',null);
Insert into SYSTEM.HELP (TOPIC,SEQ,INFO) values ('APPEND','2',' APPEND');
Insert into SYSTEM.HELP (TOPIC,SEQ,INFO) values ('APPEND','3',' ------');
Insert into SYSTEM.HELP (TOPIC,SEQ,INFO) values ('APPEND','4',null);
Insert into SYSTEM.HELP (TOPIC,SEQ,INFO) values ('APPEND','5',' Adds text to the end of the current line in the SQL buffer.');
Insert into SYSTEM.HELP (TOPIC,SEQ,INFO) values ('APPEND','6',null);
Insert into SYSTEM.HELP (TOPIC,SEQ,INFO) values ('APPEND','7',' A[PPEND] text');
Insert into SYSTEM.HELP (TOPIC,SEQ,INFO) values ('APPEND','8',null);
Insert into SYSTEM.HELP (TOPIC,SEQ,INFO) values ('ARCHIVE LOG','1',null);
Insert into SYSTEM.HELP (TOPIC,SEQ,INFO) values ('ARCHIVE LOG','2',' ARCHIVE LOG');
Insert into SYSTEM.HELP (TOPIC,SEQ,INFO) values ('ARCHIVE LOG','3',' -----------');
Insert into SYSTEM.HELP (TOPIC,SEQ,INFO) values ('ARCHIVE LOG','4',null);
Insert into SYSTEM.HELP (TOPIC,SEQ,INFO) values ('ARCHIVE LOG','5',' Displays information about redo log files.');
Insert into SYSTEM.HELP (TOPIC,SEQ,INFO) values ('ARCHIVE LOG','6',null);
Insert into SYSTEM.HELP (TOPIC,SEQ,INFO) values ('ARCHIVE LOG','7',' ARCHIVE LOG LIST');
Insert into SYSTEM.HELP (TOPIC,SEQ,INFO) values ('ARCHIVE LOG','8',null);
Insert into SYSTEM.HELP (TOPIC,SEQ,INFO) values ('ATTRIBUTE','1',null);
Insert into SYSTEM.HELP (TOPIC,SEQ,INFO) values ('ATTRIBUTE','2',' ATTRIBUTE');
Insert into SYSTEM.HELP (TOPIC,SEQ,INFO) values ('ATTRIBUTE','3',' ---------');
Insert into SYSTEM.HELP (TOPIC,SEQ,INFO) values ('ATTRIBUTE','4',null);
Insert into SYSTEM.HELP (TOPIC,SEQ,INFO) values ('ATTRIBUTE','5',' Specifies display characteristics for a given attribute of an Object Type');
Insert into SYSTEM.HELP (TOPIC,SEQ,INFO) values ('ATTRIBUTE','6',' column, such as the format of NUMBER data. Columns and attributes should');
Insert into SYSTEM.HELP (TOPIC,SEQ,INFO) values ('ATTRIBUTE','7',' not have the same names as they share a common namespace. Lists the');
Insert into SYSTEM.HELP (TOPIC,SEQ,INFO) values ('ATTRIBUTE','8',' current display characteristics for a single attribute or all attributes.');
Insert into SYSTEM.HELP (TOPIC,SEQ,INFO) values ('ATTRIBUTE','9',null);
Insert into SYSTEM.HELP (TOPIC,SEQ,INFO) values ('ATTRIBUTE','10',' ATTRIBUTE [type_name.attribute_name [option ... ]]');
Insert into SYSTEM.HELP (TOPIC,SEQ,INFO) values ('ATTRIBUTE','11',null);
Insert into SYSTEM.HELP (TOPIC,SEQ,INFO) values ('ATTRIBUTE','12',' where option represents one of the following terms or clauses:');
Insert into SYSTEM.HELP (TOPIC,SEQ,INFO) values ('ATTRIBUTE','13','     ALI[AS] alias');
Insert into SYSTEM.HELP (TOPIC,SEQ,INFO) values ('ATTRIBUTE','14','     CLE[AR]');
Insert into SYSTEM.HELP (TOPIC,SEQ,INFO) values ('ATTRIBUTE','15','     FOR[MAT] format');
Insert into SYSTEM.HELP (TOPIC,SEQ,INFO) values ('ATTRIBUTE','16','     LIKE {type_name.attribute_name | alias}');
Insert into SYSTEM.HELP (TOPIC,SEQ,INFO) values ('ATTRIBUTE','17','     ON|OFF');
Insert into SYSTEM.HELP (TOPIC,SEQ,INFO) values ('ATTRIBUTE','18',null);
Insert into SYSTEM.HELP (TOPIC,SEQ,INFO) values ('BREAK','1',null);
Insert into SYSTEM.HELP (TOPIC,SEQ,INFO) values ('BREAK','2',' BREAK');
Insert into SYSTEM.HELP (TOPIC,SEQ,INFO) values ('BREAK','3',' -----');
Insert into SYSTEM.HELP (TOPIC,SEQ,INFO) values ('BREAK','4',null);
Insert into SYSTEM.HELP (TOPIC,SEQ,INFO) values ('BREAK','5',' Specifies where changes occur in a report and the formatting');
Insert into SYSTEM.HELP (TOPIC,SEQ,INFO) values ('BREAK','6',' action to perform, such as:');
Insert into SYSTEM.HELP (TOPIC,SEQ,INFO) values ('BREAK','7',' - suppressing display of duplicate values for a given column');
Insert into SYSTEM.HELP (TOPIC,SEQ,INFO) values ('BREAK','8',' - skipping a line each time a given column value changes');
Insert into SYSTEM.HELP (TOPIC,SEQ,INFO) values ('BREAK','9',' - printing computed figures each time a given column value');
Insert into SYSTEM.HELP (TOPIC,SEQ,INFO) values ('BREAK','10','   changes or at the end of the report.');
Insert into SYSTEM.HELP (TOPIC,SEQ,INFO) values ('BREAK','11',' Enter BREAK with no clauses to list the current BREAK definition.');
Insert into SYSTEM.HELP (TOPIC,SEQ,INFO) values ('BREAK','12',null);
Insert into SYSTEM.HELP (TOPIC,SEQ,INFO) values ('BREAK','13',' BRE[AK] [ON report_element [action [action]]] ...');
Insert into SYSTEM.HELP (TOPIC,SEQ,INFO) values ('BREAK','14',null);
Insert into SYSTEM.HELP (TOPIC,SEQ,INFO) values ('BREAK','15',' where report_element has the following syntax:');
Insert into SYSTEM.HELP (TOPIC,SEQ,INFO) values ('BREAK','16','     {column | expression | ROW | REPORT}');
Insert into SYSTEM.HELP (TOPIC,SEQ,INFO) values ('BREAK','17',null);
Insert into SYSTEM.HELP (TOPIC,SEQ,INFO) values ('BREAK','18',' and where action has the following syntax:');
Insert into SYSTEM.HELP (TOPIC,SEQ,INFO) values ('BREAK','19','     [SKI[P] n | [SKI[P]] PAGE] [NODUP[LICATES] | DUP[LICATES]]');
Insert into SYSTEM.HELP (TOPIC,SEQ,INFO) values ('BREAK','20',null);
Insert into SYSTEM.HELP (TOPIC,SEQ,INFO) values ('BTITLE','1',null);
Insert into SYSTEM.HELP (TOPIC,SEQ,INFO) values ('BTITLE','2',' BTITLE');
Insert into SYSTEM.HELP (TOPIC,SEQ,INFO) values ('BTITLE','3',' ------');
Insert into SYSTEM.HELP (TOPIC,SEQ,INFO) values ('BTITLE','4',null);
Insert into SYSTEM.HELP (TOPIC,SEQ,INFO) values ('BTITLE','5',' Places and formats a specified title at the bottom of each report');
Insert into SYSTEM.HELP (TOPIC,SEQ,INFO) values ('BTITLE','6',' page, or lists the current BTITLE definition.');
Insert into SYSTEM.HELP (TOPIC,SEQ,INFO) values ('BTITLE','7',null);
Insert into SYSTEM.HELP (TOPIC,SEQ,INFO) values ('BTITLE','8',' BTI[TLE] [printspec [text|variable] ...] | [OFF|ON]');
Insert into SYSTEM.HELP (TOPIC,SEQ,INFO) values ('BTITLE','9',null);
Insert into SYSTEM.HELP (TOPIC,SEQ,INFO) values ('BTITLE','10',' where printspec represents one or more of the following clauses:');
Insert into SYSTEM.HELP (TOPIC,SEQ,INFO) values ('BTITLE','11',null);
Insert into SYSTEM.HELP (TOPIC,SEQ,INFO) values ('BTITLE','12','     COL n          LE[FT]        BOLD');
Insert into SYSTEM.HELP (TOPIC,SEQ,INFO) values ('BTITLE','13','     S[KIP] [n]     CE[NTER]      FORMAT text');
Insert into SYSTEM.HELP (TOPIC,SEQ,INFO) values ('BTITLE','14','     TAB n          R[IGHT]');
Insert into SYSTEM.HELP (TOPIC,SEQ,INFO) values ('BTITLE','15',null);
Insert into SYSTEM.HELP (TOPIC,SEQ,INFO) values ('CHANGE','1',null);
Insert into SYSTEM.HELP (TOPIC,SEQ,INFO) values ('CHANGE','2',' CHANGE');
Insert into SYSTEM.HELP (TOPIC,SEQ,INFO) values ('CHANGE','3',' ------');
Insert into SYSTEM.HELP (TOPIC,SEQ,INFO) values ('CHANGE','4',null);
Insert into SYSTEM.HELP (TOPIC,SEQ,INFO) values ('CHANGE','5',' Changes the first occurrence of the specified text on the current');
Insert into SYSTEM.HELP (TOPIC,SEQ,INFO) values ('CHANGE','6',' line of the SQL buffer. The buffer has no command history list and');
Insert into SYSTEM.HELP (TOPIC,SEQ,INFO) values ('CHANGE','7',' does not record SQL*Plus commands.');
Insert into SYSTEM.HELP (TOPIC,SEQ,INFO) values ('CHANGE','8',null);
Insert into SYSTEM.HELP (TOPIC,SEQ,INFO) values ('CHANGE','9',' C[HANGE] sepchar old [sepchar [new[sepchar]]]');
Insert into SYSTEM.HELP (TOPIC,SEQ,INFO) values ('CHANGE','10',null);
Insert into SYSTEM.HELP (TOPIC,SEQ,INFO) values ('CLEAR','1',null);
Insert into SYSTEM.HELP (TOPIC,SEQ,INFO) values ('CLEAR','2',' CLEAR');
Insert into SYSTEM.HELP (TOPIC,SEQ,INFO) values ('CLEAR','3',' -----');
Insert into SYSTEM.HELP (TOPIC,SEQ,INFO) values ('CLEAR','4',null);
Insert into SYSTEM.HELP (TOPIC,SEQ,INFO) values ('CLEAR','5',' Resets or erases the current value or setting for the specified option.');
Insert into SYSTEM.HELP (TOPIC,SEQ,INFO) values ('CLEAR','6',null);
Insert into SYSTEM.HELP (TOPIC,SEQ,INFO) values ('CLEAR','7',' CL[EAR] option ...');
Insert into SYSTEM.HELP (TOPIC,SEQ,INFO) values ('CLEAR','8',null);
Insert into SYSTEM.HELP (TOPIC,SEQ,INFO) values ('CLEAR','9',' where option represents one of the following clauses:');
Insert into SYSTEM.HELP (TOPIC,SEQ,INFO) values ('CLEAR','10','     BRE[AKS]');
Insert into SYSTEM.HELP (TOPIC,SEQ,INFO) values ('CLEAR','11','     BUFF[ER]');
Insert into SYSTEM.HELP (TOPIC,SEQ,INFO) values ('CLEAR','12','     COL[UMNS]');
Insert into SYSTEM.HELP (TOPIC,SEQ,INFO) values ('CLEAR','13','     COMP[UTES]');
Insert into SYSTEM.HELP (TOPIC,SEQ,INFO) values ('CLEAR','14','     SCR[EEN]');
Insert into SYSTEM.HELP (TOPIC,SEQ,INFO) values ('CLEAR','15','     SQL');
Insert into SYSTEM.HELP (TOPIC,SEQ,INFO) values ('CLEAR','16','     TIMI[NG]');
Insert into SYSTEM.HELP (TOPIC,SEQ,INFO) values ('CLEAR','17',null);
Insert into SYSTEM.HELP (TOPIC,SEQ,INFO) values ('COLUMN','1',null);
Insert into SYSTEM.HELP (TOPIC,SEQ,INFO) values ('COLUMN','2',' COLUMN');
Insert into SYSTEM.HELP (TOPIC,SEQ,INFO) values ('COLUMN','3',' ------');
Insert into SYSTEM.HELP (TOPIC,SEQ,INFO) values ('COLUMN','4',null);
Insert into SYSTEM.HELP (TOPIC,SEQ,INFO) values ('COLUMN','5',' Specifies display attributes for a given column, such as:');
Insert into SYSTEM.HELP (TOPIC,SEQ,INFO) values ('COLUMN','6','     - text for the column heading');
Insert into SYSTEM.HELP (TOPIC,SEQ,INFO) values ('COLUMN','7','     - alignment for the column heading');
Insert into SYSTEM.HELP (TOPIC,SEQ,INFO) values ('COLUMN','8','     - format for NUMBER data');
Insert into SYSTEM.HELP (TOPIC,SEQ,INFO) values ('COLUMN','9','     - wrapping of column data');
Insert into SYSTEM.HELP (TOPIC,SEQ,INFO) values ('COLUMN','10',' Also lists the current display attributes for a single column');
Insert into SYSTEM.HELP (TOPIC,SEQ,INFO) values ('COLUMN','11',' or all columns.');
Insert into SYSTEM.HELP (TOPIC,SEQ,INFO) values ('COLUMN','12',null);
Insert into SYSTEM.HELP (TOPIC,SEQ,INFO) values ('COLUMN','13',' COL[UMN] [{column | expr} [option ...] ]');
Insert into SYSTEM.HELP (TOPIC,SEQ,INFO) values ('COLUMN','14',null);
Insert into SYSTEM.HELP (TOPIC,SEQ,INFO) values ('COLUMN','15',' where option represents one of the following clauses:');
Insert into SYSTEM.HELP (TOPIC,SEQ,INFO) values ('COLUMN','16','     ALI[AS] alias');
Insert into SYSTEM.HELP (TOPIC,SEQ,INFO) values ('COLUMN','17','     BOOL[EAN] text1 text2');
Insert into SYSTEM.HELP (TOPIC,SEQ,INFO) values ('COLUMN','18','     CLE[AR]');
Insert into SYSTEM.HELP (TOPIC,SEQ,INFO) values ('COLUMN','19','     ENTMAP {ON|OFF}');
Insert into SYSTEM.HELP (TOPIC,SEQ,INFO) values ('COLUMN','20','     FOLD_A[FTER]');
Insert into SYSTEM.HELP (TOPIC,SEQ,INFO) values ('COLUMN','21','     FOLD_B[EFORE]');
Insert into SYSTEM.HELP (TOPIC,SEQ,INFO) values ('COLUMN','22','     FOR[MAT] format');
Insert into SYSTEM.HELP (TOPIC,SEQ,INFO) values ('COLUMN','23','     HEA[DING] text');
Insert into SYSTEM.HELP (TOPIC,SEQ,INFO) values ('COLUMN','24','     JUS[TIFY] {L[EFT] | C[ENTER] | R[IGHT]}');
Insert into SYSTEM.HELP (TOPIC,SEQ,INFO) values ('COLUMN','25','     LIKE {expr | alias}');
Insert into SYSTEM.HELP (TOPIC,SEQ,INFO) values ('COLUMN','26','     NEWL[INE]');
Insert into SYSTEM.HELP (TOPIC,SEQ,INFO) values ('COLUMN','27','     NEW_V[ALUE] variable');
Insert into SYSTEM.HELP (TOPIC,SEQ,INFO) values ('COLUMN','28','     NOPRI[NT] | PRI[NT]');
Insert into SYSTEM.HELP (TOPIC,SEQ,INFO) values ('COLUMN','29','     NUL[L] text');
Insert into SYSTEM.HELP (TOPIC,SEQ,INFO) values ('COLUMN','30','     OLD_V[ALUE] variable');
Insert into SYSTEM.HELP (TOPIC,SEQ,INFO) values ('COLUMN','31','     ON|OFF');
Insert into SYSTEM.HELP (TOPIC,SEQ,INFO) values ('COLUMN','32','     WRA[PPED] | WOR[D_WRAPPED] | TRU[NCATED]');
Insert into SYSTEM.HELP (TOPIC,SEQ,INFO) values ('COLUMN','33',null);
Insert into SYSTEM.HELP (TOPIC,SEQ,INFO) values ('COMPUTE','1',null);
Insert into SYSTEM.HELP (TOPIC,SEQ,INFO) values ('COMPUTE','2',' COMPUTE');
Insert into SYSTEM.HELP (TOPIC,SEQ,INFO) values ('COMPUTE','3',' -------');
Insert into SYSTEM.HELP (TOPIC,SEQ,INFO) values ('COMPUTE','4',null);
Insert into SYSTEM.HELP (TOPIC,SEQ,INFO) values ('COMPUTE','5',' In combination with the BREAK command, calculates and prints');
Insert into SYSTEM.HELP (TOPIC,SEQ,INFO) values ('COMPUTE','6',' summary lines using various standard computations. Also lists');
Insert into SYSTEM.HELP (TOPIC,SEQ,INFO) values ('COMPUTE','7',' all COMPUTE definitions.');
Insert into SYSTEM.HELP (TOPIC,SEQ,INFO) values ('COMPUTE','8',null);
Insert into SYSTEM.HELP (TOPIC,SEQ,INFO) values ('COMPUTE','9',' COMP[UTE] [function [LAB[EL] text] ...');
Insert into SYSTEM.HELP (TOPIC,SEQ,INFO) values ('COMPUTE','10','   OF {expr|column|alias} ...');
Insert into SYSTEM.HELP (TOPIC,SEQ,INFO) values ('COMPUTE','11','   ON {expr|column|alias|REPORT|ROW} ...]');
Insert into SYSTEM.HELP (TOPIC,SEQ,INFO) values ('COMPUTE','12',null);
Insert into SYSTEM.HELP (TOPIC,SEQ,INFO) values ('CONNECT','1',null);
Insert into SYSTEM.HELP (TOPIC,SEQ,INFO) values ('CONNECT','2',' CONNECT');
Insert into SYSTEM.HELP (TOPIC,SEQ,INFO) values ('CONNECT','3',' -------');
Insert into SYSTEM.HELP (TOPIC,SEQ,INFO) values ('CONNECT','4',null);
Insert into SYSTEM.HELP (TOPIC,SEQ,INFO) values ('CONNECT','5',' Connects a given username to the Oracle Database. When you run a');
Insert into SYSTEM.HELP (TOPIC,SEQ,INFO) values ('CONNECT','6',' CONNECT command, the site profile, glogin.sql, and the user profile,');
Insert into SYSTEM.HELP (TOPIC,SEQ,INFO) values ('CONNECT','7',' login.sql, are processed in that order. CONNECT does not reprompt');
Insert into SYSTEM.HELP (TOPIC,SEQ,INFO) values ('CONNECT','8',' for username or password if the initial connection does not succeed.');
Insert into SYSTEM.HELP (TOPIC,SEQ,INFO) values ('CONNECT','9',null);
Insert into SYSTEM.HELP (TOPIC,SEQ,INFO) values ('CONNECT','10',' CONN[ECT] [{logon|/|proxy}');
Insert into SYSTEM.HELP (TOPIC,SEQ,INFO) values ('CONNECT','11',' [AS {SYSASM|SYSBACKUP|SYSDBA|SYSDG|SYSOPER|SYSRAC|SYSKM}]');
Insert into SYSTEM.HELP (TOPIC,SEQ,INFO) values ('CONNECT','12',' [edition=value]]');
Insert into SYSTEM.HELP (TOPIC,SEQ,INFO) values ('CONNECT','13',null);
Insert into SYSTEM.HELP (TOPIC,SEQ,INFO) values ('CONNECT','14',' where logon has the following syntax:');
Insert into SYSTEM.HELP (TOPIC,SEQ,INFO) values ('CONNECT','15','     username[/password][@connect_identifier]');
Insert into SYSTEM.HELP (TOPIC,SEQ,INFO) values ('CONNECT','16',null);
Insert into SYSTEM.HELP (TOPIC,SEQ,INFO) values ('CONNECT','17',' where proxy has the syntax:');
Insert into SYSTEM.HELP (TOPIC,SEQ,INFO) values ('CONNECT','18','     proxyuser[username][/password][@connect_identifier]');
Insert into SYSTEM.HELP (TOPIC,SEQ,INFO) values ('CONNECT','19',' NOTE: Brackets around username in proxy are required syntax');
Insert into SYSTEM.HELP (TOPIC,SEQ,INFO) values ('CONNECT','20',null);
Insert into SYSTEM.HELP (TOPIC,SEQ,INFO) values ('COPY','1',null);
Insert into SYSTEM.HELP (TOPIC,SEQ,INFO) values ('COPY','2',' COPY');
Insert into SYSTEM.HELP (TOPIC,SEQ,INFO) values ('COPY','3',' ----');
Insert into SYSTEM.HELP (TOPIC,SEQ,INFO) values ('COPY','4',null);
Insert into SYSTEM.HELP (TOPIC,SEQ,INFO) values ('COPY','5',' Copies data from a query to a table in the same or another');
Insert into SYSTEM.HELP (TOPIC,SEQ,INFO) values ('COPY','6',' database. COPY supports CHAR, DATE, LONG, NUMBER and VARCHAR2.');
Insert into SYSTEM.HELP (TOPIC,SEQ,INFO) values ('COPY','7',null);
Insert into SYSTEM.HELP (TOPIC,SEQ,INFO) values ('COPY','8',' COPY {FROM database | TO database | FROM database TO database}');
Insert into SYSTEM.HELP (TOPIC,SEQ,INFO) values ('COPY','9','            {APPEND|CREATE|INSERT|REPLACE} destination_table');
Insert into SYSTEM.HELP (TOPIC,SEQ,INFO) values ('COPY','10','            [(column, column, column, ...)] USING query');
Insert into SYSTEM.HELP (TOPIC,SEQ,INFO) values ('COPY','11',null);
Insert into SYSTEM.HELP (TOPIC,SEQ,INFO) values ('COPY','12',' where database has the following syntax:');
Insert into SYSTEM.HELP (TOPIC,SEQ,INFO) values ('COPY','13','     username[/password]@connect_identifier');
Insert into SYSTEM.HELP (TOPIC,SEQ,INFO) values ('COPY','14',null);
Insert into SYSTEM.HELP (TOPIC,SEQ,INFO) values ('DEFINE','1',null);
Insert into SYSTEM.HELP (TOPIC,SEQ,INFO) values ('DEFINE','2',' DEFINE');
Insert into SYSTEM.HELP (TOPIC,SEQ,INFO) values ('DEFINE','3',' ------');
Insert into SYSTEM.HELP (TOPIC,SEQ,INFO) values ('DEFINE','4',null);
Insert into SYSTEM.HELP (TOPIC,SEQ,INFO) values ('DEFINE','5',' Specifies a substitution variable and assigns a CHAR value to it, or');
Insert into SYSTEM.HELP (TOPIC,SEQ,INFO) values ('DEFINE','6',' lists the value and variable type of a single variable or all variables.');
Insert into SYSTEM.HELP (TOPIC,SEQ,INFO) values ('DEFINE','7',null);
Insert into SYSTEM.HELP (TOPIC,SEQ,INFO) values ('DEFINE','8',' DEF[INE] [variable] | [variable = text]');
Insert into SYSTEM.HELP (TOPIC,SEQ,INFO) values ('DEFINE','9',null);
Insert into SYSTEM.HELP (TOPIC,SEQ,INFO) values ('DEL','1',null);
Insert into SYSTEM.HELP (TOPIC,SEQ,INFO) values ('DEL','2',' DEL');
Insert into SYSTEM.HELP (TOPIC,SEQ,INFO) values ('DEL','3',' ---');
Insert into SYSTEM.HELP (TOPIC,SEQ,INFO) values ('DEL','4',null);
Insert into SYSTEM.HELP (TOPIC,SEQ,INFO) values ('DEL','5',' Deletes one or more lines of the SQL buffer. The buffer has no');
Insert into SYSTEM.HELP (TOPIC,SEQ,INFO) values ('DEL','6',' command history list and does not record SQL*Plus commands.');
Insert into SYSTEM.HELP (TOPIC,SEQ,INFO) values ('DEL','7',null);
Insert into SYSTEM.HELP (TOPIC,SEQ,INFO) values ('DEL','8',' DEL [n | n m | n * | n LAST | * | * n | * LAST | LAST]');
Insert into SYSTEM.HELP (TOPIC,SEQ,INFO) values ('DEL','9',null);
Insert into SYSTEM.HELP (TOPIC,SEQ,INFO) values ('DESCRIBE','1',null);
Insert into SYSTEM.HELP (TOPIC,SEQ,INFO) values ('DESCRIBE','2',' DESCRIBE');
Insert into SYSTEM.HELP (TOPIC,SEQ,INFO) values ('DESCRIBE','3',' --------');
Insert into SYSTEM.HELP (TOPIC,SEQ,INFO) values ('DESCRIBE','4',null);
Insert into SYSTEM.HELP (TOPIC,SEQ,INFO) values ('DESCRIBE','5',' Lists the column definitions for a table, view, or synonym,');
Insert into SYSTEM.HELP (TOPIC,SEQ,INFO) values ('DESCRIBE','6',' or the specifications for a function or procedure.');
Insert into SYSTEM.HELP (TOPIC,SEQ,INFO) values ('DESCRIBE','7',null);
Insert into SYSTEM.HELP (TOPIC,SEQ,INFO) values ('DESCRIBE','8',' DESC[RIBE] {[schema.]object[@connect_identifier]}');
Insert into SYSTEM.HELP (TOPIC,SEQ,INFO) values ('DESCRIBE','9',null);
Insert into SYSTEM.HELP (TOPIC,SEQ,INFO) values ('DISCONNECT','1',null);
Insert into SYSTEM.HELP (TOPIC,SEQ,INFO) values ('DISCONNECT','2',' DISCONNECT');
Insert into SYSTEM.HELP (TOPIC,SEQ,INFO) values ('DISCONNECT','3',' ----------');
Insert into SYSTEM.HELP (TOPIC,SEQ,INFO) values ('DISCONNECT','4',null);
Insert into SYSTEM.HELP (TOPIC,SEQ,INFO) values ('DISCONNECT','5',' Commits pending changes to the database and logs the current');
Insert into SYSTEM.HELP (TOPIC,SEQ,INFO) values ('DISCONNECT','6',' user out of Oracle, but does not exit SQL*Plus.');
Insert into SYSTEM.HELP (TOPIC,SEQ,INFO) values ('DISCONNECT','7',' In SQL*Plus command line, use EXIT or QUIT to log out of Oracle');
Insert into SYSTEM.HELP (TOPIC,SEQ,INFO) values ('DISCONNECT','8',' and return control to your computer''s operating system.');
Insert into SYSTEM.HELP (TOPIC,SEQ,INFO) values ('DISCONNECT','9',null);
Insert into SYSTEM.HELP (TOPIC,SEQ,INFO) values ('DISCONNECT','10',' DISC[ONNECT]');
Insert into SYSTEM.HELP (TOPIC,SEQ,INFO) values ('DISCONNECT','11',null);
Insert into SYSTEM.HELP (TOPIC,SEQ,INFO) values ('EDIT','1',null);
Insert into SYSTEM.HELP (TOPIC,SEQ,INFO) values ('EDIT','2',' EDIT');
Insert into SYSTEM.HELP (TOPIC,SEQ,INFO) values ('EDIT','3',' ----');
Insert into SYSTEM.HELP (TOPIC,SEQ,INFO) values ('EDIT','4',null);
Insert into SYSTEM.HELP (TOPIC,SEQ,INFO) values ('EDIT','5',' Invokes an operating system text editor on the contents of the');
Insert into SYSTEM.HELP (TOPIC,SEQ,INFO) values ('EDIT','6',' specified file or on the contents of the SQL buffer. The buffer');
Insert into SYSTEM.HELP (TOPIC,SEQ,INFO) values ('EDIT','7',' has no command history list and does not record SQL*Plus commands.');
Insert into SYSTEM.HELP (TOPIC,SEQ,INFO) values ('EDIT','8',null);
Insert into SYSTEM.HELP (TOPIC,SEQ,INFO) values ('EDIT','9',' ED[IT] [file_name[.ext]]');
Insert into SYSTEM.HELP (TOPIC,SEQ,INFO) values ('EDIT','10',null);
Insert into SYSTEM.HELP (TOPIC,SEQ,INFO) values ('EXECUTE','1',null);
Insert into SYSTEM.HELP (TOPIC,SEQ,INFO) values ('EXECUTE','2',' EXECUTE');
Insert into SYSTEM.HELP (TOPIC,SEQ,INFO) values ('EXECUTE','3',' -------');
Insert into SYSTEM.HELP (TOPIC,SEQ,INFO) values ('EXECUTE','4',null);
Insert into SYSTEM.HELP (TOPIC,SEQ,INFO) values ('EXECUTE','5',' Executes a single PL/SQL statement or runs a stored procedure.');
Insert into SYSTEM.HELP (TOPIC,SEQ,INFO) values ('EXECUTE','6',null);
Insert into SYSTEM.HELP (TOPIC,SEQ,INFO) values ('EXECUTE','7',' EXEC[UTE] statement');
Insert into SYSTEM.HELP (TOPIC,SEQ,INFO) values ('EXECUTE','8',null);
Insert into SYSTEM.HELP (TOPIC,SEQ,INFO) values ('EXIT','1',null);
Insert into SYSTEM.HELP (TOPIC,SEQ,INFO) values ('EXIT','2',' EXIT');
Insert into SYSTEM.HELP (TOPIC,SEQ,INFO) values ('EXIT','3',' ----');
Insert into SYSTEM.HELP (TOPIC,SEQ,INFO) values ('EXIT','4',null);
Insert into SYSTEM.HELP (TOPIC,SEQ,INFO) values ('EXIT','5',' Commits or rolls back all pending changes, logs out of Oracle,');
Insert into SYSTEM.HELP (TOPIC,SEQ,INFO) values ('EXIT','6',' terminates SQL*Plus and returns control to the operating system.');
Insert into SYSTEM.HELP (TOPIC,SEQ,INFO) values ('EXIT','7',null);
Insert into SYSTEM.HELP (TOPIC,SEQ,INFO) values ('EXIT','8',' {EXIT|QUIT} [SUCCESS|FAILURE|WARNING|n|variable|:BindVariable]');
Insert into SYSTEM.HELP (TOPIC,SEQ,INFO) values ('EXIT','9','   [COMMIT|ROLLBACK]');
Insert into SYSTEM.HELP (TOPIC,SEQ,INFO) values ('EXIT','10',null);
Insert into SYSTEM.HELP (TOPIC,SEQ,INFO) values ('GET','1',null);
Insert into SYSTEM.HELP (TOPIC,SEQ,INFO) values ('GET','2',' GET');
Insert into SYSTEM.HELP (TOPIC,SEQ,INFO) values ('GET','3',' ---');
Insert into SYSTEM.HELP (TOPIC,SEQ,INFO) values ('GET','4',null);
Insert into SYSTEM.HELP (TOPIC,SEQ,INFO) values ('GET','5',' Loads a SQL statement or PL/SQL block from a script into the SQL buffer.');
Insert into SYSTEM.HELP (TOPIC,SEQ,INFO) values ('GET','6',' The buffer has no command history list and does not record SQL*Plus commands.');
Insert into SYSTEM.HELP (TOPIC,SEQ,INFO) values ('GET','7',null);
Insert into SYSTEM.HELP (TOPIC,SEQ,INFO) values ('GET','8',' GET [FILE] file_name[.ext] [LIST | NOLIST]');
Insert into SYSTEM.HELP (TOPIC,SEQ,INFO) values ('GET','9',null);
Insert into SYSTEM.HELP (TOPIC,SEQ,INFO) values ('HELP','1',null);
Insert into SYSTEM.HELP (TOPIC,SEQ,INFO) values ('HELP','2',' HELP');
Insert into SYSTEM.HELP (TOPIC,SEQ,INFO) values ('HELP','3',' ----');
Insert into SYSTEM.HELP (TOPIC,SEQ,INFO) values ('HELP','4',null);
Insert into SYSTEM.HELP (TOPIC,SEQ,INFO) values ('HELP','5',' Accesses this command line help system. Enter HELP INDEX or ? INDEX');
Insert into SYSTEM.HELP (TOPIC,SEQ,INFO) values ('HELP','6',' for a list of topics.');
Insert into SYSTEM.HELP (TOPIC,SEQ,INFO) values ('HELP','7',null);
Insert into SYSTEM.HELP (TOPIC,SEQ,INFO) values ('HELP','8',' You can view SQL*Plus resources at');
Insert into SYSTEM.HELP (TOPIC,SEQ,INFO) values ('HELP','9','     http://www.oracle.com/technology/documentation/');
Insert into SYSTEM.HELP (TOPIC,SEQ,INFO) values ('HELP','10',null);
Insert into SYSTEM.HELP (TOPIC,SEQ,INFO) values ('HELP','11',' ******************************************************************************');
Insert into SYSTEM.HELP (TOPIC,SEQ,INFO) values ('HELP','12',null);
Insert into SYSTEM.HELP (TOPIC,SEQ,INFO) values ('HISTORY','1',null);
Insert into SYSTEM.HELP (TOPIC,SEQ,INFO) values ('HISTORY','2',' HISTORY');
Insert into SYSTEM.HELP (TOPIC,SEQ,INFO) values ('HISTORY','3',' -------');
Insert into SYSTEM.HELP (TOPIC,SEQ,INFO) values ('HISTORY','4',null);
Insert into SYSTEM.HELP (TOPIC,SEQ,INFO) values ('HISTORY','5',' Stores, lists, executes, or edits commands');
Insert into SYSTEM.HELP (TOPIC,SEQ,INFO) values ('HISTORY','6',' entered during the current SQL*Plus session.');
Insert into SYSTEM.HELP (TOPIC,SEQ,INFO) values ('HISTORY','7',null);
Insert into SYSTEM.HELP (TOPIC,SEQ,INFO) values ('HISTORY','8',' HIST[ORY] [[[N] {R[UN] | E[DIT] | D[ELETE]}] | CLEAR | LIST]');
Insert into SYSTEM.HELP (TOPIC,SEQ,INFO) values ('HISTORY','9',null);
Insert into SYSTEM.HELP (TOPIC,SEQ,INFO) values ('HISTORY','10',' N is the entry number listed in the history list to RUN, EDIT or DELETE.');
Insert into SYSTEM.HELP (TOPIC,SEQ,INFO) values ('HISTORY','11',' If N is omitted then the active entry is used.');
Insert into SYSTEM.HELP (TOPIC,SEQ,INFO) values ('HISTORY','12',' The most recently run or edited command becomes the active entry.');
Insert into SYSTEM.HELP (TOPIC,SEQ,INFO) values ('HISTORY','13',null);
Insert into SYSTEM.HELP (TOPIC,SEQ,INFO) values ('HISTORY','14',' SET HISTORY needs to be ON to record command history.');
Insert into SYSTEM.HELP (TOPIC,SEQ,INFO) values ('HISTORY','15',null);
Insert into SYSTEM.HELP (TOPIC,SEQ,INFO) values ('HISTORY','16',' Examples:');
Insert into SYSTEM.HELP (TOPIC,SEQ,INFO) values ('HISTORY','17',null);
Insert into SYSTEM.HELP (TOPIC,SEQ,INFO) values ('HISTORY','18',' HIST       - Lists all entries in the history.');
Insert into SYSTEM.HELP (TOPIC,SEQ,INFO) values ('HISTORY','19','              The active entry is indicated by an asterisk.');
Insert into SYSTEM.HELP (TOPIC,SEQ,INFO) values ('HISTORY','20',null);
Insert into SYSTEM.HELP (TOPIC,SEQ,INFO) values ('HISTORY','21',' HIST 3 R   - Runs the 3rd entry in the history.');
Insert into SYSTEM.HELP (TOPIC,SEQ,INFO) values ('HISTORY','22',null);
Insert into SYSTEM.HELP (TOPIC,SEQ,INFO) values ('HOST','1',null);
Insert into SYSTEM.HELP (TOPIC,SEQ,INFO) values ('HOST','2',' HOST');
Insert into SYSTEM.HELP (TOPIC,SEQ,INFO) values ('HOST','3',' ----');
Insert into SYSTEM.HELP (TOPIC,SEQ,INFO) values ('HOST','4',null);
Insert into SYSTEM.HELP (TOPIC,SEQ,INFO) values ('HOST','5',' Executes an operating system command without leaving SQL*Plus.');
Insert into SYSTEM.HELP (TOPIC,SEQ,INFO) values ('HOST','6',' Enter HOST without command to display an operating system prompt.');
Insert into SYSTEM.HELP (TOPIC,SEQ,INFO) values ('HOST','7',' You can then enter multiple operating system commands.');
Insert into SYSTEM.HELP (TOPIC,SEQ,INFO) values ('HOST','8',null);
Insert into SYSTEM.HELP (TOPIC,SEQ,INFO) values ('HOST','9',' HO[ST] [command]');
Insert into SYSTEM.HELP (TOPIC,SEQ,INFO) values ('HOST','10',null);
Insert into SYSTEM.HELP (TOPIC,SEQ,INFO) values ('INDEX','1',null);
Insert into SYSTEM.HELP (TOPIC,SEQ,INFO) values ('INDEX','2','Enter Help [topic] for help.');
Insert into SYSTEM.HELP (TOPIC,SEQ,INFO) values ('INDEX','3',null);
Insert into SYSTEM.HELP (TOPIC,SEQ,INFO) values ('INDEX','4',' @             COPY         PASSWORD                 SHOW');
Insert into SYSTEM.HELP (TOPIC,SEQ,INFO) values ('INDEX','5',' @@            DEFINE       PAUSE                    SHUTDOWN');
Insert into SYSTEM.HELP (TOPIC,SEQ,INFO) values ('INDEX','6',' /             DEL          PRINT                    SPOOL');
Insert into SYSTEM.HELP (TOPIC,SEQ,INFO) values ('INDEX','7',' ACCEPT        DESCRIBE     PROMPT                   SQLPLUS');
Insert into SYSTEM.HELP (TOPIC,SEQ,INFO) values ('INDEX','8',' APPEND        DISCONNECT   QUIT                     START');
Insert into SYSTEM.HELP (TOPIC,SEQ,INFO) values ('INDEX','9',' ARCHIVE LOG   EDIT         RECOVER                  STARTUP');
Insert into SYSTEM.HELP (TOPIC,SEQ,INFO) values ('INDEX','10',' ATTRIBUTE     EXECUTE      REMARK                   STORE');
Insert into SYSTEM.HELP (TOPIC,SEQ,INFO) values ('INDEX','11',' BREAK         EXIT         REPFOOTER                TIMING');
Insert into SYSTEM.HELP (TOPIC,SEQ,INFO) values ('INDEX','12',' BTITLE        GET          REPHEADER                TTITLE');
Insert into SYSTEM.HELP (TOPIC,SEQ,INFO) values ('INDEX','13',' CHANGE        HELP         RESERVED WORDS (SQL)     UNDEFINE');
Insert into SYSTEM.HELP (TOPIC,SEQ,INFO) values ('INDEX','14',' CLEAR         HISTORY      RESERVED WORDS (PL/SQL)  VARIABLE');
Insert into SYSTEM.HELP (TOPIC,SEQ,INFO) values ('INDEX','15',' COLUMN        HOST         RUN                      WHENEVER OSERROR');
Insert into SYSTEM.HELP (TOPIC,SEQ,INFO) values ('INDEX','16',' COMPUTE       INPUT        SAVE                     WHENEVER SQLERROR');
Insert into SYSTEM.HELP (TOPIC,SEQ,INFO) values ('INDEX','17',' CONNECT       LIST         SET                      XQUERY');
Insert into SYSTEM.HELP (TOPIC,SEQ,INFO) values ('INDEX','18',null);
Insert into SYSTEM.HELP (TOPIC,SEQ,INFO) values ('INPUT','1',null);
Insert into SYSTEM.HELP (TOPIC,SEQ,INFO) values ('INPUT','2',' INPUT');
Insert into SYSTEM.HELP (TOPIC,SEQ,INFO) values ('INPUT','3',' -----');
Insert into SYSTEM.HELP (TOPIC,SEQ,INFO) values ('INPUT','4',null);
Insert into SYSTEM.HELP (TOPIC,SEQ,INFO) values ('INPUT','5',' Adds one or more new lines of text after the current line in the');
Insert into SYSTEM.HELP (TOPIC,SEQ,INFO) values ('INPUT','6',' SQL buffer. The buffer has no command history list and does not');
Insert into SYSTEM.HELP (TOPIC,SEQ,INFO) values ('INPUT','7',' record SQL*Plus commands.');
Insert into SYSTEM.HELP (TOPIC,SEQ,INFO) values ('INPUT','8',null);
Insert into SYSTEM.HELP (TOPIC,SEQ,INFO) values ('INPUT','9',' I[NPUT] [text]');
Insert into SYSTEM.HELP (TOPIC,SEQ,INFO) values ('INPUT','10',null);
Insert into SYSTEM.HELP (TOPIC,SEQ,INFO) values ('LIST','1',null);
Insert into SYSTEM.HELP (TOPIC,SEQ,INFO) values ('LIST','2',' LIST');
Insert into SYSTEM.HELP (TOPIC,SEQ,INFO) values ('LIST','3',' ----');
Insert into SYSTEM.HELP (TOPIC,SEQ,INFO) values ('LIST','4',null);
Insert into SYSTEM.HELP (TOPIC,SEQ,INFO) values ('LIST','5',' Lists one or more lines of the most recently executed SQL command');
Insert into SYSTEM.HELP (TOPIC,SEQ,INFO) values ('LIST','6',' or PL/SQL block which is stored in the SQL buffer. Enter LIST with');
Insert into SYSTEM.HELP (TOPIC,SEQ,INFO) values ('LIST','7',' no clauses to list all lines. In SQL*Plus command-line you can also');
Insert into SYSTEM.HELP (TOPIC,SEQ,INFO) values ('LIST','8',' use ";" to list all the lines in the SQL buffer. The buffer has no');
Insert into SYSTEM.HELP (TOPIC,SEQ,INFO) values ('LIST','9',' command history list and does not record SQL*Plus commands.');
Insert into SYSTEM.HELP (TOPIC,SEQ,INFO) values ('LIST','10',null);
Insert into SYSTEM.HELP (TOPIC,SEQ,INFO) values ('LIST','11',' L[IST] [n | n m | n  * | n LAST | * | * n | * LAST | LAST]');
Insert into SYSTEM.HELP (TOPIC,SEQ,INFO) values ('LIST','12',null);
Insert into SYSTEM.HELP (TOPIC,SEQ,INFO) values ('MENU','1',null);
Insert into SYSTEM.HELP (TOPIC,SEQ,INFO) values ('MENU','2',' Menu');
Insert into SYSTEM.HELP (TOPIC,SEQ,INFO) values ('MENU','3',' ----');
Insert into SYSTEM.HELP (TOPIC,SEQ,INFO) values ('MENU','4',null);
Insert into SYSTEM.HELP (TOPIC,SEQ,INFO) values ('MENU','5',' Enter HELP INDEX for a list of help topics.');
Insert into SYSTEM.HELP (TOPIC,SEQ,INFO) values ('MENU','6',null);
Insert into SYSTEM.HELP (TOPIC,SEQ,INFO) values ('PASSWORD','1',null);
Insert into SYSTEM.HELP (TOPIC,SEQ,INFO) values ('PASSWORD','2',' PASSWORD');
Insert into SYSTEM.HELP (TOPIC,SEQ,INFO) values ('PASSWORD','3',' --------');
Insert into SYSTEM.HELP (TOPIC,SEQ,INFO) values ('PASSWORD','4',null);
Insert into SYSTEM.HELP (TOPIC,SEQ,INFO) values ('PASSWORD','5',' Allows you to change a password without displaying it on an input device.');
Insert into SYSTEM.HELP (TOPIC,SEQ,INFO) values ('PASSWORD','6',null);
Insert into SYSTEM.HELP (TOPIC,SEQ,INFO) values ('PASSWORD','7',' PASSW[ORD] [username]');
Insert into SYSTEM.HELP (TOPIC,SEQ,INFO) values ('PASSWORD','8',null);
Insert into SYSTEM.HELP (TOPIC,SEQ,INFO) values ('PAUSE','1',null);
Insert into SYSTEM.HELP (TOPIC,SEQ,INFO) values ('PAUSE','2',' PAUSE');
Insert into SYSTEM.HELP (TOPIC,SEQ,INFO) values ('PAUSE','3',' -----');
Insert into SYSTEM.HELP (TOPIC,SEQ,INFO) values ('PAUSE','4',null);
Insert into SYSTEM.HELP (TOPIC,SEQ,INFO) values ('PAUSE','5',' Displays the specified text then waits for the user to press RETURN.');
Insert into SYSTEM.HELP (TOPIC,SEQ,INFO) values ('PAUSE','6',null);
Insert into SYSTEM.HELP (TOPIC,SEQ,INFO) values ('PAUSE','7',' PAU[SE] [text]');
Insert into SYSTEM.HELP (TOPIC,SEQ,INFO) values ('PAUSE','8',null);
Insert into SYSTEM.HELP (TOPIC,SEQ,INFO) values ('PRINT','1',null);
Insert into SYSTEM.HELP (TOPIC,SEQ,INFO) values ('PRINT','2',' PRINT');
Insert into SYSTEM.HELP (TOPIC,SEQ,INFO) values ('PRINT','3',' -----');
Insert into SYSTEM.HELP (TOPIC,SEQ,INFO) values ('PRINT','4',null);
Insert into SYSTEM.HELP (TOPIC,SEQ,INFO) values ('PRINT','5',' Displays the current values of bind variables, or lists all bind');
Insert into SYSTEM.HELP (TOPIC,SEQ,INFO) values ('PRINT','6',' variables.');
Insert into SYSTEM.HELP (TOPIC,SEQ,INFO) values ('PRINT','7',null);
Insert into SYSTEM.HELP (TOPIC,SEQ,INFO) values ('PRINT','8',' PRINT [variable ...]');
Insert into SYSTEM.HELP (TOPIC,SEQ,INFO) values ('PRINT','9',null);
Insert into SYSTEM.HELP (TOPIC,SEQ,INFO) values ('PROMPT','1',null);
Insert into SYSTEM.HELP (TOPIC,SEQ,INFO) values ('PROMPT','2',' PROMPT');
Insert into SYSTEM.HELP (TOPIC,SEQ,INFO) values ('PROMPT','3',' ------');
Insert into SYSTEM.HELP (TOPIC,SEQ,INFO) values ('PROMPT','4',null);
Insert into SYSTEM.HELP (TOPIC,SEQ,INFO) values ('PROMPT','5',' Sends the specified message or a blank line to the user''s screen.');
Insert into SYSTEM.HELP (TOPIC,SEQ,INFO) values ('PROMPT','6',null);
Insert into SYSTEM.HELP (TOPIC,SEQ,INFO) values ('PROMPT','7',' PRO[MPT] [text]');
Insert into SYSTEM.HELP (TOPIC,SEQ,INFO) values ('PROMPT','8',null);
Insert into SYSTEM.HELP (TOPIC,SEQ,INFO) values ('QUIT','1',null);
Insert into SYSTEM.HELP (TOPIC,SEQ,INFO) values ('QUIT','2',' QUIT (Identical to EXIT)');
Insert into SYSTEM.HELP (TOPIC,SEQ,INFO) values ('QUIT','3',' ----');
Insert into SYSTEM.HELP (TOPIC,SEQ,INFO) values ('QUIT','4',null);
Insert into SYSTEM.HELP (TOPIC,SEQ,INFO) values ('QUIT','5',' Commits or rolls back all pending changes, logs out of Oracle,');
Insert into SYSTEM.HELP (TOPIC,SEQ,INFO) values ('QUIT','6',' terminates SQL*Plus and returns control to the operating system.');
Insert into SYSTEM.HELP (TOPIC,SEQ,INFO) values ('QUIT','7',null);
Insert into SYSTEM.HELP (TOPIC,SEQ,INFO) values ('QUIT','8',' {QUIT|EXIT} [SUCCESS|FAILURE|WARNING|n|variable|:BindVariable]');
Insert into SYSTEM.HELP (TOPIC,SEQ,INFO) values ('QUIT','9','   [COMMIT|ROLLBACK]');
Insert into SYSTEM.HELP (TOPIC,SEQ,INFO) values ('QUIT','10',null);
Insert into SYSTEM.HELP (TOPIC,SEQ,INFO) values ('RECOVER','1',null);
Insert into SYSTEM.HELP (TOPIC,SEQ,INFO) values ('RECOVER','2',' RECOVER');
Insert into SYSTEM.HELP (TOPIC,SEQ,INFO) values ('RECOVER','3',' -------');
Insert into SYSTEM.HELP (TOPIC,SEQ,INFO) values ('RECOVER','4',null);
Insert into SYSTEM.HELP (TOPIC,SEQ,INFO) values ('RECOVER','5',' Performs media recovery on one or more tablespaces, one or more');
Insert into SYSTEM.HELP (TOPIC,SEQ,INFO) values ('RECOVER','6',' datafiles, or the entire database.');
Insert into SYSTEM.HELP (TOPIC,SEQ,INFO) values ('RECOVER','7',null);
Insert into SYSTEM.HELP (TOPIC,SEQ,INFO) values ('RECOVER','8',' RECOVER {general | managed} | BEGIN BACKUP | END BACKUP}');
Insert into SYSTEM.HELP (TOPIC,SEQ,INFO) values ('RECOVER','9',null);
Insert into SYSTEM.HELP (TOPIC,SEQ,INFO) values ('RECOVER','10',' where the general clause has the following syntax:');
Insert into SYSTEM.HELP (TOPIC,SEQ,INFO) values ('RECOVER','11','   [AUTOMATIC] [FROM location]');
Insert into SYSTEM.HELP (TOPIC,SEQ,INFO) values ('RECOVER','12','   { {full_database_recovery | partial_database_recovery |LOGFILE filename}');
Insert into SYSTEM.HELP (TOPIC,SEQ,INFO) values ('RECOVER','13','   [ {TEST | ALLOW integer CORRUPTION | parallel_clause}');
Insert into SYSTEM.HELP (TOPIC,SEQ,INFO) values ('RECOVER','14','   [TEST | ALLOW integer CORRUPTION | parallel_clause] ...]');
Insert into SYSTEM.HELP (TOPIC,SEQ,INFO) values ('RECOVER','15','   |CONTINUE [DEFAULT]|CANCEL}');
Insert into SYSTEM.HELP (TOPIC,SEQ,INFO) values ('RECOVER','16',null);
Insert into SYSTEM.HELP (TOPIC,SEQ,INFO) values ('RECOVER','17','   where the full_database_recovery clause has the following syntax:');
Insert into SYSTEM.HELP (TOPIC,SEQ,INFO) values ('RECOVER','18','     [STANDBY] DATABASE');
Insert into SYSTEM.HELP (TOPIC,SEQ,INFO) values ('RECOVER','19','     [{ UNTIL {CANCEL | TIME date | CHANGE integer}');
Insert into SYSTEM.HELP (TOPIC,SEQ,INFO) values ('RECOVER','20','      | USING BACKUP CONTROLFILE}');
Insert into SYSTEM.HELP (TOPIC,SEQ,INFO) values ('RECOVER','21','      [ UNTIL {CANCEL | TIME date | CHANGE integer}');
Insert into SYSTEM.HELP (TOPIC,SEQ,INFO) values ('RECOVER','22','      | USING BACKUP CONTROLFILE] ...]');
Insert into SYSTEM.HELP (TOPIC,SEQ,INFO) values ('RECOVER','23',null);
Insert into SYSTEM.HELP (TOPIC,SEQ,INFO) values ('RECOVER','24','   where the partial_database_recovery clause has the following syntax:');
Insert into SYSTEM.HELP (TOPIC,SEQ,INFO) values ('RECOVER','25','     {TABLESPACE tablespace [, tablespace] ...');
Insert into SYSTEM.HELP (TOPIC,SEQ,INFO) values ('RECOVER','26','      | DATAFILE filename | filenumber} [,filename | filenumber] ...');
Insert into SYSTEM.HELP (TOPIC,SEQ,INFO) values ('RECOVER','27','      | STANDBY');
Insert into SYSTEM.HELP (TOPIC,SEQ,INFO) values ('RECOVER','28','       {TABLESPACE tablespace [, tablespace] ...');
Insert into SYSTEM.HELP (TOPIC,SEQ,INFO) values ('RECOVER','29','       | DATAFILE filename | filenumber} [,filename | filenumber] ...}');
Insert into SYSTEM.HELP (TOPIC,SEQ,INFO) values ('RECOVER','30','     UNTIL [CONSISTENT WITH] CONTROLFILE }');
Insert into SYSTEM.HELP (TOPIC,SEQ,INFO) values ('RECOVER','31',null);
Insert into SYSTEM.HELP (TOPIC,SEQ,INFO) values ('RECOVER','32',' where the parallel clause has the following syntax:');
Insert into SYSTEM.HELP (TOPIC,SEQ,INFO) values ('RECOVER','33','   {NOPARALLEL | PARALLEL [integer]}');
Insert into SYSTEM.HELP (TOPIC,SEQ,INFO) values ('RECOVER','34',null);
Insert into SYSTEM.HELP (TOPIC,SEQ,INFO) values ('RECOVER','35',' where the managed clause has the following syntax:');
Insert into SYSTEM.HELP (TOPIC,SEQ,INFO) values ('RECOVER','36','   MANAGED STANDBY DATABASE recover_clause | cancel_clause | finish_clause');
Insert into SYSTEM.HELP (TOPIC,SEQ,INFO) values ('RECOVER','37',null);
Insert into SYSTEM.HELP (TOPIC,SEQ,INFO) values ('RECOVER','38',' where the recover_clause has the following syntax:');
Insert into SYSTEM.HELP (TOPIC,SEQ,INFO) values ('RECOVER','39','   {{DISCONNECT [FROM SESSION] | {TIMEOUT integer | NOTIMEOUT} }');
Insert into SYSTEM.HELP (TOPIC,SEQ,INFO) values ('RECOVER','40','    |{NODELAY | DEFAULT DELAY | DELAY integer} | NEXT integer');
Insert into SYSTEM.HELP (TOPIC,SEQ,INFO) values ('RECOVER','41','    |{EXPIRE integer | NO EXPIRE} | parallel_clause');
Insert into SYSTEM.HELP (TOPIC,SEQ,INFO) values ('RECOVER','42','    | USING CURRENT LOGFILE | UNTIL CHANGE integer');
Insert into SYSTEM.HELP (TOPIC,SEQ,INFO) values ('RECOVER','43','    | THROUGH {[THREAD integer] SEQUENCE integer');
Insert into SYSTEM.HELP (TOPIC,SEQ,INFO) values ('RECOVER','44','              | ALL ARCHIVELOG  | {ALL | LAST | NEXT } SWITCHOVER} }');
Insert into SYSTEM.HELP (TOPIC,SEQ,INFO) values ('RECOVER','45','      [DISCONNECT [FROM SESSION ]  | {TIMEOUT integer | NOTIMEOUT}');
Insert into SYSTEM.HELP (TOPIC,SEQ,INFO) values ('RECOVER','46','       | {NODELAY | DEFAULT DELAY | DELAY integer} | NEXT integer');
Insert into SYSTEM.HELP (TOPIC,SEQ,INFO) values ('RECOVER','47','       | {EXPIRE integer | NO EXPIRE} | parallel_clause');
Insert into SYSTEM.HELP (TOPIC,SEQ,INFO) values ('RECOVER','48','       | USING CURRENT LOGFILE | UNTIL CHANGE integer');
Insert into SYSTEM.HELP (TOPIC,SEQ,INFO) values ('RECOVER','49','       | THROUGH {[THREAD integer] SEQUENCE integer');
Insert into SYSTEM.HELP (TOPIC,SEQ,INFO) values ('RECOVER','50','                 | ALL ARCHIVELOG  | {ALL | LAST | NEXT } SWITCHOVER} ]...');
Insert into SYSTEM.HELP (TOPIC,SEQ,INFO) values ('RECOVER','51',null);
Insert into SYSTEM.HELP (TOPIC,SEQ,INFO) values ('RECOVER','52',' where the cancel_clause has the following syntax:');
Insert into SYSTEM.HELP (TOPIC,SEQ,INFO) values ('RECOVER','53','   CANCEL [IMMEDIATE] [WAIT | NOWAIT]');
Insert into SYSTEM.HELP (TOPIC,SEQ,INFO) values ('RECOVER','54',null);
Insert into SYSTEM.HELP (TOPIC,SEQ,INFO) values ('RECOVER','55',' where the finish_clause has the following syntax:');
Insert into SYSTEM.HELP (TOPIC,SEQ,INFO) values ('RECOVER','56','   [DISCONNECT [FROM SESSION]] [parallel_clause]');
Insert into SYSTEM.HELP (TOPIC,SEQ,INFO) values ('RECOVER','57','   FINISH [SKIP [STANDBY LOGFILE]] [WAIT | NOWAIT]');
Insert into SYSTEM.HELP (TOPIC,SEQ,INFO) values ('RECOVER','58',null);
Insert into SYSTEM.HELP (TOPIC,SEQ,INFO) values ('RECOVER','59',' where the parallel_clause has the following syntax:');
Insert into SYSTEM.HELP (TOPIC,SEQ,INFO) values ('RECOVER','60','   {NOPARALLEL | PARALLEL [integer] }');
Insert into SYSTEM.HELP (TOPIC,SEQ,INFO) values ('RECOVER','61',null);
Insert into SYSTEM.HELP (TOPIC,SEQ,INFO) values ('REMARK','1',null);
Insert into SYSTEM.HELP (TOPIC,SEQ,INFO) values ('REMARK','2',' REMARK');
Insert into SYSTEM.HELP (TOPIC,SEQ,INFO) values ('REMARK','3',' ------');
Insert into SYSTEM.HELP (TOPIC,SEQ,INFO) values ('REMARK','4',null);
Insert into SYSTEM.HELP (TOPIC,SEQ,INFO) values ('REMARK','5',' Begins a comment in a script. SQL*Plus does not interpret the comment');
Insert into SYSTEM.HELP (TOPIC,SEQ,INFO) values ('REMARK','6',' as a command.');
Insert into SYSTEM.HELP (TOPIC,SEQ,INFO) values ('REMARK','7',null);
Insert into SYSTEM.HELP (TOPIC,SEQ,INFO) values ('REMARK','8',' REM[ARK]');
Insert into SYSTEM.HELP (TOPIC,SEQ,INFO) values ('REMARK','9',null);
Insert into SYSTEM.HELP (TOPIC,SEQ,INFO) values ('REPFOOTER','1',null);
Insert into SYSTEM.HELP (TOPIC,SEQ,INFO) values ('REPFOOTER','2',' REPFOOTER');
Insert into SYSTEM.HELP (TOPIC,SEQ,INFO) values ('REPFOOTER','3',' ---------');
Insert into SYSTEM.HELP (TOPIC,SEQ,INFO) values ('REPFOOTER','4',null);
Insert into SYSTEM.HELP (TOPIC,SEQ,INFO) values ('REPFOOTER','5',' Places and formats a footer at the bottom of a report, or lists the');
Insert into SYSTEM.HELP (TOPIC,SEQ,INFO) values ('REPFOOTER','6',' REPFOOTER definition.');
Insert into SYSTEM.HELP (TOPIC,SEQ,INFO) values ('REPFOOTER','7',null);
Insert into SYSTEM.HELP (TOPIC,SEQ,INFO) values ('REPFOOTER','8',' REPF[OOTER] [PAGE] [printspec [text|variable] ...] | [OFF|ON]');
Insert into SYSTEM.HELP (TOPIC,SEQ,INFO) values ('REPFOOTER','9',null);
Insert into SYSTEM.HELP (TOPIC,SEQ,INFO) values ('REPFOOTER','10',' where printspec represents one or more of the following clauses:');
Insert into SYSTEM.HELP (TOPIC,SEQ,INFO) values ('REPFOOTER','11','     COL n          LE[FT]        BOLD');
Insert into SYSTEM.HELP (TOPIC,SEQ,INFO) values ('REPFOOTER','12','     S[KIP] [n]     CE[NTER]      FORMAT text');
Insert into SYSTEM.HELP (TOPIC,SEQ,INFO) values ('REPFOOTER','13','     TAB n          R[IGHT]');
Insert into SYSTEM.HELP (TOPIC,SEQ,INFO) values ('REPFOOTER','14',null);
Insert into SYSTEM.HELP (TOPIC,SEQ,INFO) values ('REPHEADER','1',null);
Insert into SYSTEM.HELP (TOPIC,SEQ,INFO) values ('REPHEADER','2',' REPHEADER');
Insert into SYSTEM.HELP (TOPIC,SEQ,INFO) values ('REPHEADER','3',' ---------');
Insert into SYSTEM.HELP (TOPIC,SEQ,INFO) values ('REPHEADER','4',null);
Insert into SYSTEM.HELP (TOPIC,SEQ,INFO) values ('REPHEADER','5',' Places and formats a header at the top of a report, or lists the');
Insert into SYSTEM.HELP (TOPIC,SEQ,INFO) values ('REPHEADER','6',' REPHEADER definition.');
Insert into SYSTEM.HELP (TOPIC,SEQ,INFO) values ('REPHEADER','7',null);
Insert into SYSTEM.HELP (TOPIC,SEQ,INFO) values ('REPHEADER','8',' REPH[EADER] [PAGE] [printspec [text|variable] ...] | [OFF|ON]');
Insert into SYSTEM.HELP (TOPIC,SEQ,INFO) values ('REPHEADER','9',null);
Insert into SYSTEM.HELP (TOPIC,SEQ,INFO) values ('REPHEADER','10',' where printspec represents one or more of the following clauses:');
Insert into SYSTEM.HELP (TOPIC,SEQ,INFO) values ('REPHEADER','11','     COL n          LE[FT]        BOLD');
Insert into SYSTEM.HELP (TOPIC,SEQ,INFO) values ('REPHEADER','12','     S[KIP] [n]     CE[NTER]      FORMAT text');
Insert into SYSTEM.HELP (TOPIC,SEQ,INFO) values ('REPHEADER','13','     TAB n          R[IGHT]');
Insert into SYSTEM.HELP (TOPIC,SEQ,INFO) values ('REPHEADER','14',null);
Insert into SYSTEM.HELP (TOPIC,SEQ,INFO) values ('RESERVED WORDS (SQL)','1',null);
Insert into SYSTEM.HELP (TOPIC,SEQ,INFO) values ('RESERVED WORDS (SQL)','2',' RESERVED WORDS (SQL)');
Insert into SYSTEM.HELP (TOPIC,SEQ,INFO) values ('RESERVED WORDS (SQL)','3',' --------------------');
Insert into SYSTEM.HELP (TOPIC,SEQ,INFO) values ('RESERVED WORDS (SQL)','4',null);
Insert into SYSTEM.HELP (TOPIC,SEQ,INFO) values ('RESERVED WORDS (SQL)','5',' SQL Reserved Words have special meaning in SQL, and may not be used for');
Insert into SYSTEM.HELP (TOPIC,SEQ,INFO) values ('RESERVED WORDS (SQL)','6',' identifier names unless enclosed in "quotes".');
Insert into SYSTEM.HELP (TOPIC,SEQ,INFO) values ('RESERVED WORDS (SQL)','7',null);
Insert into SYSTEM.HELP (TOPIC,SEQ,INFO) values ('RESERVED WORDS (SQL)','8',' An asterisk (*) indicates words are also ANSI Reserved Words.');
Insert into SYSTEM.HELP (TOPIC,SEQ,INFO) values ('RESERVED WORDS (SQL)','9',null);
Insert into SYSTEM.HELP (TOPIC,SEQ,INFO) values ('RESERVED WORDS (SQL)','10',' Oracle prefixes implicitly generated schema object and subobject names');
Insert into SYSTEM.HELP (TOPIC,SEQ,INFO) values ('RESERVED WORDS (SQL)','11',' with "SYS_". To avoid name resolution conflict, Oracle discourages you');
Insert into SYSTEM.HELP (TOPIC,SEQ,INFO) values ('RESERVED WORDS (SQL)','12',' from prefixing your schema object and subobject names with "SYS_".');
Insert into SYSTEM.HELP (TOPIC,SEQ,INFO) values ('RESERVED WORDS (SQL)','13',null);
Insert into SYSTEM.HELP (TOPIC,SEQ,INFO) values ('RESERVED WORDS (SQL)','14',' ACCESS          DEFAULT*         INTEGER*        ONLINE          START');
Insert into SYSTEM.HELP (TOPIC,SEQ,INFO) values ('RESERVED WORDS (SQL)','15',' ADD*            DELETE*          INTERSECT*      OPTION*         SUCCESSFUL');
Insert into SYSTEM.HELP (TOPIC,SEQ,INFO) values ('RESERVED WORDS (SQL)','16',' ALL*            DESC*            INTO*           OR*             SYNONYM');
Insert into SYSTEM.HELP (TOPIC,SEQ,INFO) values ('RESERVED WORDS (SQL)','17',' ALTER*          DISTINCT*        IS*             ORDER*          SYSDATE');
Insert into SYSTEM.HELP (TOPIC,SEQ,INFO) values ('RESERVED WORDS (SQL)','18',' AND*            DROP*            LEVEL*          PCTFREE         TABLE*');
Insert into SYSTEM.HELP (TOPIC,SEQ,INFO) values ('RESERVED WORDS (SQL)','19',' ANY*            ELSE*            LIKE*           PRIOR*          THEN*');
Insert into SYSTEM.HELP (TOPIC,SEQ,INFO) values ('RESERVED WORDS (SQL)','20',' AS*             EXCLUSIVE        LOCK            PRIVILEGES*     TO*');
Insert into SYSTEM.HELP (TOPIC,SEQ,INFO) values ('RESERVED WORDS (SQL)','21',' ASC*            EXISTS           LONG            PUBLIC*         TRIGGER');
Insert into SYSTEM.HELP (TOPIC,SEQ,INFO) values ('RESERVED WORDS (SQL)','22',' AUDIT           FILE             MAXEXTENTS      RAW             UID');
Insert into SYSTEM.HELP (TOPIC,SEQ,INFO) values ('RESERVED WORDS (SQL)','23',' BETWEEN*        FLOAT*           MINUS           RENAME          UNION*');
Insert into SYSTEM.HELP (TOPIC,SEQ,INFO) values ('RESERVED WORDS (SQL)','24',' BY*             FOR*             MLSLABEL        RESOURCE        UNIQUE*');
Insert into SYSTEM.HELP (TOPIC,SEQ,INFO) values ('RESERVED WORDS (SQL)','25',' CHAR*           FROM*            MODE            REVOKE*         UPDATE*');
Insert into SYSTEM.HELP (TOPIC,SEQ,INFO) values ('RESERVED WORDS (SQL)','26',' CHECK*          GRANT*           MODIFY          ROW             USER*');
Insert into SYSTEM.HELP (TOPIC,SEQ,INFO) values ('RESERVED WORDS (SQL)','27',' CLUSTER         GROUP*           NOAUDIT         ROWID           VALIDATE');
Insert into SYSTEM.HELP (TOPIC,SEQ,INFO) values ('RESERVED WORDS (SQL)','28',' COLUMN          HAVING*          NOCOMPRESS      ROWNUM          VALUES*');
Insert into SYSTEM.HELP (TOPIC,SEQ,INFO) values ('RESERVED WORDS (SQL)','29',' COMMENT         IDENTIFIED       NOT*            ROWS*           VARCHAR*');
Insert into SYSTEM.HELP (TOPIC,SEQ,INFO) values ('RESERVED WORDS (SQL)','30',' COMPRESS        IMMEDIATE*       NOWAIT          SELECT*         VARCHAR2');
Insert into SYSTEM.HELP (TOPIC,SEQ,INFO) values ('RESERVED WORDS (SQL)','31',' CONNECT*        IN*              NULL*           SESSION*        VIEW*');
Insert into SYSTEM.HELP (TOPIC,SEQ,INFO) values ('RESERVED WORDS (SQL)','32',' CREATE*         INCREMENT        NUMBER          SET*            WHENEVER*');
Insert into SYSTEM.HELP (TOPIC,SEQ,INFO) values ('RESERVED WORDS (SQL)','33',' CURRENT*        INDEX            OF*             SHARE           WHERE');
Insert into SYSTEM.HELP (TOPIC,SEQ,INFO) values ('RESERVED WORDS (SQL)','34',' DATE*           INITIAL          OFFLINE         SIZE*           WITH*');
Insert into SYSTEM.HELP (TOPIC,SEQ,INFO) values ('RESERVED WORDS (SQL)','35',' DECIMAL*        INSERT*          ON*             SMALLINT*');
Insert into SYSTEM.HELP (TOPIC,SEQ,INFO) values ('RESERVED WORDS (SQL)','36',null);
Insert into SYSTEM.HELP (TOPIC,SEQ,INFO) values ('RESERVED WORDS (PL/SQL)','1',null);
Insert into SYSTEM.HELP (TOPIC,SEQ,INFO) values ('RESERVED WORDS (PL/SQL)','2',' RESERVED WORDS (PL/SQL)');
Insert into SYSTEM.HELP (TOPIC,SEQ,INFO) values ('RESERVED WORDS (PL/SQL)','3',' -----------------------');
Insert into SYSTEM.HELP (TOPIC,SEQ,INFO) values ('RESERVED WORDS (PL/SQL)','4',null);
Insert into SYSTEM.HELP (TOPIC,SEQ,INFO) values ('RESERVED WORDS (PL/SQL)','5',' PL/SQL Reserved Words have special meaning in PL/SQL, and may not be used');
Insert into SYSTEM.HELP (TOPIC,SEQ,INFO) values ('RESERVED WORDS (PL/SQL)','6',' for identifier names (unless enclosed in "quotes").');
Insert into SYSTEM.HELP (TOPIC,SEQ,INFO) values ('RESERVED WORDS (PL/SQL)','7',null);
Insert into SYSTEM.HELP (TOPIC,SEQ,INFO) values ('RESERVED WORDS (PL/SQL)','8',' An asterisk (*) indicates words are also SQL Reserved Words.');
Insert into SYSTEM.HELP (TOPIC,SEQ,INFO) values ('RESERVED WORDS (PL/SQL)','9',null);
Insert into SYSTEM.HELP (TOPIC,SEQ,INFO) values ('RESERVED WORDS (PL/SQL)','10',' ALL*            DESC*           JAVA            PACKAGE         SUBTYPE');
Insert into SYSTEM.HELP (TOPIC,SEQ,INFO) values ('RESERVED WORDS (PL/SQL)','11',' ALTER*          DISTINCT*       LEVEL*          PARTITION       SUCCESSFUL*');
Insert into SYSTEM.HELP (TOPIC,SEQ,INFO) values ('RESERVED WORDS (PL/SQL)','12',' AND*            DO              LIKE*           PCTFREE*        SUM');
Insert into SYSTEM.HELP (TOPIC,SEQ,INFO) values ('RESERVED WORDS (PL/SQL)','13',' ANY*            DROP*           LIMITED         PLS_INTEGER     SYNONYM*');
Insert into SYSTEM.HELP (TOPIC,SEQ,INFO) values ('RESERVED WORDS (PL/SQL)','14',' ARRAY           ELSE*           LOCK*           POSITIVE        SYSDATE*');
Insert into SYSTEM.HELP (TOPIC,SEQ,INFO) values ('RESERVED WORDS (PL/SQL)','15',' AS*             ELSIF           LONG*           POSITIVEN       TABLE*');
Insert into SYSTEM.HELP (TOPIC,SEQ,INFO) values ('RESERVED WORDS (PL/SQL)','16',' ASC*            END             LOOP            PRAGMA          THEN*');
Insert into SYSTEM.HELP (TOPIC,SEQ,INFO) values ('RESERVED WORDS (PL/SQL)','17',' AT              EXCEPTION       MAX             PRIOR*          TIME');
Insert into SYSTEM.HELP (TOPIC,SEQ,INFO) values ('RESERVED WORDS (PL/SQL)','18',' AUTHID          EXCLUSIVE*      MIN             PRIVATE         TIMESTAMP');
Insert into SYSTEM.HELP (TOPIC,SEQ,INFO) values ('RESERVED WORDS (PL/SQL)','19',' AVG             EXECUTE         MINUS*          PROCEDURE       TIMEZONE_ABBR');
Insert into SYSTEM.HELP (TOPIC,SEQ,INFO) values ('RESERVED WORDS (PL/SQL)','20',' BEGIN           EXISTS*         MINUTE          PUBLIC*         TIMEZONE_HOUR');
Insert into SYSTEM.HELP (TOPIC,SEQ,INFO) values ('RESERVED WORDS (PL/SQL)','21',' BETWEEN*        EXIT            MLSLABEL*       RAISE           TIMEZONE_MINUTE');
Insert into SYSTEM.HELP (TOPIC,SEQ,INFO) values ('RESERVED WORDS (PL/SQL)','22',' BINARY_INTEGER  EXTENDS         MOD             RANGE           TIMEZONE_REGION');
Insert into SYSTEM.HELP (TOPIC,SEQ,INFO) values ('RESERVED WORDS (PL/SQL)','23',' BODY            EXTRACT         MODE*           RAW*            TO*');
Insert into SYSTEM.HELP (TOPIC,SEQ,INFO) values ('RESERVED WORDS (PL/SQL)','24',' BOOLEAN         FALSE           MONTH           REAL            TRIGGER*');
Insert into SYSTEM.HELP (TOPIC,SEQ,INFO) values ('RESERVED WORDS (PL/SQL)','25',' BULK            FETCH           NATURAL         RECORD          TRUE');
Insert into SYSTEM.HELP (TOPIC,SEQ,INFO) values ('RESERVED WORDS (PL/SQL)','26',' BY*             FLOAT*          NATURALN        REF             TYPE');
Insert into SYSTEM.HELP (TOPIC,SEQ,INFO) values ('RESERVED WORDS (PL/SQL)','27',' CHAR*           FOR*            NEW             RELEASE         UI');
Insert into SYSTEM.HELP (TOPIC,SEQ,INFO) values ('RESERVED WORDS (PL/SQL)','28',' CHAR_BASE       FORALL          NEXTVAL         RETURN          UNION*');
Insert into SYSTEM.HELP (TOPIC,SEQ,INFO) values ('RESERVED WORDS (PL/SQL)','29',' CHECK*          FROM*           NOCOPY          REVERSE         UNIQUE*');
Insert into SYSTEM.HELP (TOPIC,SEQ,INFO) values ('RESERVED WORDS (PL/SQL)','30',' CLOSE           FUNCTION        NOT*            ROLLBACK        UPDATE*');
Insert into SYSTEM.HELP (TOPIC,SEQ,INFO) values ('RESERVED WORDS (PL/SQL)','31',' CLUSTER*        GOTO            NOWAIT*         ROW*            USE');
Insert into SYSTEM.HELP (TOPIC,SEQ,INFO) values ('RESERVED WORDS (PL/SQL)','32',' COALESCE        GROUP*          NULL*           ROWID*          USER*');
Insert into SYSTEM.HELP (TOPIC,SEQ,INFO) values ('RESERVED WORDS (PL/SQL)','33',' COLLECT         HAVING*         NULLIF          ROWNUM*         VALIDATE*');
Insert into SYSTEM.HELP (TOPIC,SEQ,INFO) values ('RESERVED WORDS (PL/SQL)','34',' COMMENT*        HEAP            NUMBER*         ROWTYPE         VALUES*');
Insert into SYSTEM.HELP (TOPIC,SEQ,INFO) values ('RESERVED WORDS (PL/SQL)','35',' COMMIT          HOUR            NUMBER_BASE     SAVEPOINT       VARCHAR*');
Insert into SYSTEM.HELP (TOPIC,SEQ,INFO) values ('RESERVED WORDS (PL/SQL)','36',' COMPRESS*       IF              OCIROWID        SECOND          VARCHAR2*');
Insert into SYSTEM.HELP (TOPIC,SEQ,INFO) values ('RESERVED WORDS (PL/SQL)','37',' CONNECT*        IMMEDIATE*      OF*             SELECT*         VARIANCE');
Insert into SYSTEM.HELP (TOPIC,SEQ,INFO) values ('RESERVED WORDS (PL/SQL)','38',' CONSTANT        IN*             ON*             SEPERATE        VIEW*');
Insert into SYSTEM.HELP (TOPIC,SEQ,INFO) values ('RESERVED WORDS (PL/SQL)','39',' CREATE*         INDEX*          OPAQUE          SET*            WHEN');
Insert into SYSTEM.HELP (TOPIC,SEQ,INFO) values ('RESERVED WORDS (PL/SQL)','40',' CURRENT*        INDICATOR       OPEN            SHARE*          WHENEVER*');
Insert into SYSTEM.HELP (TOPIC,SEQ,INFO) values ('RESERVED WORDS (PL/SQL)','41',' CURRVAL         INSERT*         OPERATOR        SMALLINT*       WHERE*');
Insert into SYSTEM.HELP (TOPIC,SEQ,INFO) values ('RESERVED WORDS (PL/SQL)','42',' CURSOR          INTEGER*        OPTION*         SPACE           WHILE');
Insert into SYSTEM.HELP (TOPIC,SEQ,INFO) values ('RESERVED WORDS (PL/SQL)','43',' DATE*           INTERFACE       OR*             SQL             WITH*');
Insert into SYSTEM.HELP (TOPIC,SEQ,INFO) values ('RESERVED WORDS (PL/SQL)','44',' DAY             INTERSECT*      ORDER*          SQLCODE         WORK');
Insert into SYSTEM.HELP (TOPIC,SEQ,INFO) values ('RESERVED WORDS (PL/SQL)','45',' DECIMAL*        INTERVAL        ORGANIZATION    SQLERRM         WRITE');
Insert into SYSTEM.HELP (TOPIC,SEQ,INFO) values ('RESERVED WORDS (PL/SQL)','46',' DECLARE         INTO*           OTHERS          START*          YEAR');
Insert into SYSTEM.HELP (TOPIC,SEQ,INFO) values ('RESERVED WORDS (PL/SQL)','47',' DEFAULT*        IS*             OUT             STDDEV          ZONE');
Insert into SYSTEM.HELP (TOPIC,SEQ,INFO) values ('RESERVED WORDS (PL/SQL)','48',' DELETE*         ISOLATION');
Insert into SYSTEM.HELP (TOPIC,SEQ,INFO) values ('RESERVED WORDS (PL/SQL)','49',null);
Insert into SYSTEM.HELP (TOPIC,SEQ,INFO) values ('RUN','1',null);
Insert into SYSTEM.HELP (TOPIC,SEQ,INFO) values ('RUN','2',' RUN');
Insert into SYSTEM.HELP (TOPIC,SEQ,INFO) values ('RUN','3',' ---');
Insert into SYSTEM.HELP (TOPIC,SEQ,INFO) values ('RUN','4',null);
Insert into SYSTEM.HELP (TOPIC,SEQ,INFO) values ('RUN','5',' Lists and executes the most recently executed SQL command or');
Insert into SYSTEM.HELP (TOPIC,SEQ,INFO) values ('RUN','6',' PL/SQL block which is stored in the SQL buffer. The buffer has');
Insert into SYSTEM.HELP (TOPIC,SEQ,INFO) values ('RUN','7',' no command history list and does not record SQL*Plus commands.');
Insert into SYSTEM.HELP (TOPIC,SEQ,INFO) values ('RUN','8',null);
Insert into SYSTEM.HELP (TOPIC,SEQ,INFO) values ('RUN','9',' R[UN]');
Insert into SYSTEM.HELP (TOPIC,SEQ,INFO) values ('RUN','10',null);
Insert into SYSTEM.HELP (TOPIC,SEQ,INFO) values ('SAVE','1',null);
Insert into SYSTEM.HELP (TOPIC,SEQ,INFO) values ('SAVE','2',' SAVE');
Insert into SYSTEM.HELP (TOPIC,SEQ,INFO) values ('SAVE','3',' ----');
Insert into SYSTEM.HELP (TOPIC,SEQ,INFO) values ('SAVE','4',null);
Insert into SYSTEM.HELP (TOPIC,SEQ,INFO) values ('SAVE','5',' Saves the contents of the SQL buffer in a script. The');
Insert into SYSTEM.HELP (TOPIC,SEQ,INFO) values ('SAVE','6',' buffer has no command history list and does not record SQL*Plus commands.');
Insert into SYSTEM.HELP (TOPIC,SEQ,INFO) values ('SAVE','7',null);
Insert into SYSTEM.HELP (TOPIC,SEQ,INFO) values ('SAVE','8',' SAV[E] [FILE] file_name[.ext] [CRE[ATE] | REP[LACE] | APP[END]]');
Insert into SYSTEM.HELP (TOPIC,SEQ,INFO) values ('SAVE','9',null);
Insert into SYSTEM.HELP (TOPIC,SEQ,INFO) values ('SET','1',null);
Insert into SYSTEM.HELP (TOPIC,SEQ,INFO) values ('SET','2',' SET');
Insert into SYSTEM.HELP (TOPIC,SEQ,INFO) values ('SET','3',' ---');
Insert into SYSTEM.HELP (TOPIC,SEQ,INFO) values ('SET','4',null);
Insert into SYSTEM.HELP (TOPIC,SEQ,INFO) values ('SET','5',' Sets a system variable to alter the SQL*Plus environment settings');
Insert into SYSTEM.HELP (TOPIC,SEQ,INFO) values ('SET','6',' for your current session. For example, to:');
Insert into SYSTEM.HELP (TOPIC,SEQ,INFO) values ('SET','7','     -   set the display width for data');
Insert into SYSTEM.HELP (TOPIC,SEQ,INFO) values ('SET','8','     -   customize HTML formatting');
Insert into SYSTEM.HELP (TOPIC,SEQ,INFO) values ('SET','9','     -   enable or disable printing of column headings');
Insert into SYSTEM.HELP (TOPIC,SEQ,INFO) values ('SET','10','     -   set the number of lines per page');
Insert into SYSTEM.HELP (TOPIC,SEQ,INFO) values ('SET','11',null);
Insert into SYSTEM.HELP (TOPIC,SEQ,INFO) values ('SET','12',' SET system_variable value');
Insert into SYSTEM.HELP (TOPIC,SEQ,INFO) values ('SET','13',null);
Insert into SYSTEM.HELP (TOPIC,SEQ,INFO) values ('SET','14',' where system_variable and value represent one of the following clauses:');
Insert into SYSTEM.HELP (TOPIC,SEQ,INFO) values ('SET','15',null);
Insert into SYSTEM.HELP (TOPIC,SEQ,INFO) values ('SET','16','   APPI[NFO]{OFF|ON|text}                   NEWP[AGE] {1|n|NONE}');
Insert into SYSTEM.HELP (TOPIC,SEQ,INFO) values ('SET','17','   ARRAY[SIZE] {15|n}                       NULL text');
Insert into SYSTEM.HELP (TOPIC,SEQ,INFO) values ('SET','18','   AUTO[COMMIT] {OFF|ON|IMM[EDIATE]|n}      NUMF[ORMAT] format');
Insert into SYSTEM.HELP (TOPIC,SEQ,INFO) values ('SET','19','   AUTOP[RINT] {OFF|ON}                     NUM[WIDTH] {10|n}');
Insert into SYSTEM.HELP (TOPIC,SEQ,INFO) values ('SET','20','   AUTORECOVERY {OFF|ON}                    PAGES[IZE] {14|n}');
Insert into SYSTEM.HELP (TOPIC,SEQ,INFO) values ('SET','21','   AUTOT[RACE] {OFF|ON|TRACE[ONLY]}         PAU[SE] {OFF|ON|text}');
Insert into SYSTEM.HELP (TOPIC,SEQ,INFO) values ('SET','22','     [EXP[LAIN]] [STAT[ISTICS]]             RECSEP {WR[APPED]|EA[CH]|OFF}');
Insert into SYSTEM.HELP (TOPIC,SEQ,INFO) values ('SET','23','   BLO[CKTERMINATOR] {.|c|ON|OFF}           RECSEPCHAR {_|c}');
Insert into SYSTEM.HELP (TOPIC,SEQ,INFO) values ('SET','24','   CMDS[EP] {;|c|OFF|ON}                    ROWPREF[ETCH] {n}');
Insert into SYSTEM.HELP (TOPIC,SEQ,INFO) values ('SET','25','   COLINVI[SIBLE] {OFF|ON}                  SERVEROUT[PUT] {ON|OFF}');
Insert into SYSTEM.HELP (TOPIC,SEQ,INFO) values ('SET','26','   COLSEP {_|text}                            [SIZE {n | UNLIMITED}]|');
Insert into SYSTEM.HELP (TOPIC,SEQ,INFO) values ('SET','27','   CON[CAT] {.|c|ON|OFF}                      [FOR[MAT]  {WRA[PPED]|');
Insert into SYSTEM.HELP (TOPIC,SEQ,INFO) values ('SET','28','   COPYC[OMMIT] {0|n}                          WOR[D_WRAPPED]|TRU[NCATED]}]');
Insert into SYSTEM.HELP (TOPIC,SEQ,INFO) values ('SET','29','   COPYTYPECHECK {ON|OFF}                   SHIFT[INOUT] {VIS[IBLE] |');
Insert into SYSTEM.HELP (TOPIC,SEQ,INFO) values ('SET','30','   DEF[INE] {&|c|ON|OFF}                      INV[ISIBLE]}');
Insert into SYSTEM.HELP (TOPIC,SEQ,INFO) values ('SET','31','   DESCRIBE [DEPTH {1|n|ALL}]               SHOW[MODE] {OFF|ON}');
Insert into SYSTEM.HELP (TOPIC,SEQ,INFO) values ('SET','32','     [LINENUM {OFF|ON}] [INDENT {OFF|ON}]   SQLBL[ANKLINES] {OFF|ON}');
Insert into SYSTEM.HELP (TOPIC,SEQ,INFO) values ('SET','33','   ECHO {OFF|ON}                            SQLC[ASE] {MIX[ED] |');
Insert into SYSTEM.HELP (TOPIC,SEQ,INFO) values ('SET','34','   EDITF[ILE] file_name[.ext]                 LO[WER] | UP[PER]}');
Insert into SYSTEM.HELP (TOPIC,SEQ,INFO) values ('SET','35','   EMB[EDDED] {OFF|ON}                      SQLCO[NTINUE] {> | text}');
Insert into SYSTEM.HELP (TOPIC,SEQ,INFO) values ('SET','36','   ERRORL[OGGING] {ON|OFF}                  SQLN[UMBER] {ON|OFF}');
Insert into SYSTEM.HELP (TOPIC,SEQ,INFO) values ('SET','37','     [TABLE [schema.]tablename]             SQLPLUSCOMPAT[IBILITY] {x.y[.z]}');
Insert into SYSTEM.HELP (TOPIC,SEQ,INFO) values ('SET','38','     [TRUNCATE] [IDENTIFIER identifier]     SQLPRE[FIX] {#|c}');
Insert into SYSTEM.HELP (TOPIC,SEQ,INFO) values ('SET','39','   ESC[APE] {\|c|OFF|ON}                    SQLP[ROMPT] {SQL>|text}');
Insert into SYSTEM.HELP (TOPIC,SEQ,INFO) values ('SET','40','   ESCCHAR {@|?|%|$|OFF}                    SQLT[ERMINATOR] {;|c|ON|OFF}');
Insert into SYSTEM.HELP (TOPIC,SEQ,INFO) values ('SET','41','   EXITC[OMMIT] {ON|OFF}                    STATEMENTC[ACHE] {n}');
Insert into SYSTEM.HELP (TOPIC,SEQ,INFO) values ('SET','42','   FEED[BACK] {6|n|ON|OFF|ONLY}[SQL_ID]     SUF[FIX] {SQL|text}');
Insert into SYSTEM.HELP (TOPIC,SEQ,INFO) values ('SET','43','   FLAGGER {OFF|ENTRY|INTERMED[IATE]|FULL}  TAB {ON|OFF}');
Insert into SYSTEM.HELP (TOPIC,SEQ,INFO) values ('SET','44','   FLU[SH] {ON|OFF}                         TERM[OUT] {ON|OFF}');
Insert into SYSTEM.HELP (TOPIC,SEQ,INFO) values ('SET','45','   HEA[DING] {ON|OFF}                       TI[ME] {OFF|ON}');
Insert into SYSTEM.HELP (TOPIC,SEQ,INFO) values ('SET','46','   HEADS[EP] {||c|ON|OFF}                   TIMI[NG] {OFF|ON}');
Insert into SYSTEM.HELP (TOPIC,SEQ,INFO) values ('SET','47','   HIST[ORY] {ON|OFF|N}                     TRIM[OUT] {ON|OFF}');
Insert into SYSTEM.HELP (TOPIC,SEQ,INFO) values ('SET','48','   INSTANCE [instance_path|LOCAL]           TRIMS[POOL] {OFF|ON}');
Insert into SYSTEM.HELP (TOPIC,SEQ,INFO) values ('SET','49','   LIN[ESIZE] {80|n|WINDOW}                 UND[ERLINE] {-|c|ON|OFF}');
Insert into SYSTEM.HELP (TOPIC,SEQ,INFO) values ('SET','50','   LOBOF[FSET] {1|n}                        VER[IFY] {ON|OFF}');
Insert into SYSTEM.HELP (TOPIC,SEQ,INFO) values ('SET','51','   LOBPREF[ETCH] {n}                        WRA[P] {ON|OFF}');
Insert into SYSTEM.HELP (TOPIC,SEQ,INFO) values ('SET','52','   LOGSOURCE [pathname]                     XQUERY {BASEURI text|');
Insert into SYSTEM.HELP (TOPIC,SEQ,INFO) values ('SET','53','   LONG {80|n}                                ORDERING{UNORDERED|');
Insert into SYSTEM.HELP (TOPIC,SEQ,INFO) values ('SET','54','   LONGC[HUNKSIZE] {80|n}                     ORDERED|DEFAULT}|');
Insert into SYSTEM.HELP (TOPIC,SEQ,INFO) values ('SET','55','   MARK[UP] {HTML html_option|CSV csv_option} NODE{BYVALUE|BYREFERENCE|');
Insert into SYSTEM.HELP (TOPIC,SEQ,INFO) values ('SET','56','     html_option;                             DEFAULT}|CONTEXT text}');
Insert into SYSTEM.HELP (TOPIC,SEQ,INFO) values ('SET','57','       {ON|OFF} [HEAD text] [BODY text]');
Insert into SYSTEM.HELP (TOPIC,SEQ,INFO) values ('SET','58','       [TABLE {ON|OFF}] [ENTMAP {ON|OFF}]');
Insert into SYSTEM.HELP (TOPIC,SEQ,INFO) values ('SET','59','       [SPOOL {ON|OFF}] [PRE[FORMAT] {ON|OFF}]');
Insert into SYSTEM.HELP (TOPIC,SEQ,INFO) values ('SET','60','     csv_option:');
Insert into SYSTEM.HELP (TOPIC,SEQ,INFO) values ('SET','61','       {ON|OFF} [DELIM[ITER] {c}]');
Insert into SYSTEM.HELP (TOPIC,SEQ,INFO) values ('SET','62','       [QUOTE {ON|OFF}]');
Insert into SYSTEM.HELP (TOPIC,SEQ,INFO) values ('SET','63',null);
Insert into SYSTEM.HELP (TOPIC,SEQ,INFO) values ('SHOW','1',null);
Insert into SYSTEM.HELP (TOPIC,SEQ,INFO) values ('SHOW','2',' SHOW');
Insert into SYSTEM.HELP (TOPIC,SEQ,INFO) values ('SHOW','3',' ----');
Insert into SYSTEM.HELP (TOPIC,SEQ,INFO) values ('SHOW','4',null);
Insert into SYSTEM.HELP (TOPIC,SEQ,INFO) values ('SHOW','5',' Shows the value of a SQL*Plus system variable, or the current');
Insert into SYSTEM.HELP (TOPIC,SEQ,INFO) values ('SHOW','6',' SQL*Plus environment. SHOW SGA requires a DBA privileged login.');
Insert into SYSTEM.HELP (TOPIC,SEQ,INFO) values ('SHOW','7',null);
Insert into SYSTEM.HELP (TOPIC,SEQ,INFO) values ('SHOW','8',' SHO[W] option');
Insert into SYSTEM.HELP (TOPIC,SEQ,INFO) values ('SHOW','9',null);
Insert into SYSTEM.HELP (TOPIC,SEQ,INFO) values ('SHOW','10',' where option represents one of the following terms or clauses:');
Insert into SYSTEM.HELP (TOPIC,SEQ,INFO) values ('SHOW','11','     system_variable');
Insert into SYSTEM.HELP (TOPIC,SEQ,INFO) values ('SHOW','12','     ALL');
Insert into SYSTEM.HELP (TOPIC,SEQ,INFO) values ('SHOW','13','     BTI[TLE]');
Insert into SYSTEM.HELP (TOPIC,SEQ,INFO) values ('SHOW','14','     CON_ID');
Insert into SYSTEM.HELP (TOPIC,SEQ,INFO) values ('SHOW','15','     CON_NAME');
Insert into SYSTEM.HELP (TOPIC,SEQ,INFO) values ('SHOW','16','     EDITION');
Insert into SYSTEM.HELP (TOPIC,SEQ,INFO) values ('SHOW','17','     ERR[ORS] [{ANALYTIC VIEW | ATTRIBUTE DIMENSION | HIERARCHY | FUNCTION');
Insert into SYSTEM.HELP (TOPIC,SEQ,INFO) values ('SHOW','18','        | PROCEDURE | PACKAGE | PACKAGE BODY | TRIGGER | VIEW | TYPE');
Insert into SYSTEM.HELP (TOPIC,SEQ,INFO) values ('SHOW','19','        | TYPE BODY | DIMENSION | JAVA CLASS} [schema.]name]');
Insert into SYSTEM.HELP (TOPIC,SEQ,INFO) values ('SHOW','20','     LNO');
Insert into SYSTEM.HELP (TOPIC,SEQ,INFO) values ('SHOW','21','     PARAMETERS [parameter_name]');
Insert into SYSTEM.HELP (TOPIC,SEQ,INFO) values ('SHOW','22','     PDBS');
Insert into SYSTEM.HELP (TOPIC,SEQ,INFO) values ('SHOW','23','     PNO');
Insert into SYSTEM.HELP (TOPIC,SEQ,INFO) values ('SHOW','24','     RECYC[LEBIN] [original_name]');
Insert into SYSTEM.HELP (TOPIC,SEQ,INFO) values ('SHOW','25','     REL[EASE]');
Insert into SYSTEM.HELP (TOPIC,SEQ,INFO) values ('SHOW','26','     REPF[OOTER]');
Insert into SYSTEM.HELP (TOPIC,SEQ,INFO) values ('SHOW','27','     REPH[EADER]');
Insert into SYSTEM.HELP (TOPIC,SEQ,INFO) values ('SHOW','28','     SGA');
Insert into SYSTEM.HELP (TOPIC,SEQ,INFO) values ('SHOW','29','     SPOO[L]');
Insert into SYSTEM.HELP (TOPIC,SEQ,INFO) values ('SHOW','30','     SPPARAMETERS [parameter_name]');
Insert into SYSTEM.HELP (TOPIC,SEQ,INFO) values ('SHOW','31','     SQLCODE');
Insert into SYSTEM.HELP (TOPIC,SEQ,INFO) values ('SHOW','32','     TTI[TLE]');
Insert into SYSTEM.HELP (TOPIC,SEQ,INFO) values ('SHOW','33','     USER');
Insert into SYSTEM.HELP (TOPIC,SEQ,INFO) values ('SHOW','34',null);
Insert into SYSTEM.HELP (TOPIC,SEQ,INFO) values ('SHUTDOWN','1',null);
Insert into SYSTEM.HELP (TOPIC,SEQ,INFO) values ('SHUTDOWN','2',' SHUTDOWN');
Insert into SYSTEM.HELP (TOPIC,SEQ,INFO) values ('SHUTDOWN','3',' --------');
Insert into SYSTEM.HELP (TOPIC,SEQ,INFO) values ('SHUTDOWN','4',null);
Insert into SYSTEM.HELP (TOPIC,SEQ,INFO) values ('SHUTDOWN','5',' Shuts down a currently running Oracle Database instance, optionally');
Insert into SYSTEM.HELP (TOPIC,SEQ,INFO) values ('SHUTDOWN','6',' closing and dismounting a database.');
Insert into SYSTEM.HELP (TOPIC,SEQ,INFO) values ('SHUTDOWN','7',null);
Insert into SYSTEM.HELP (TOPIC,SEQ,INFO) values ('SHUTDOWN','8',' SHUTDOWN [ABORT|IMMEDIATE|NORMAL|TRANSACTIONAL [LOCAL]]');
Insert into SYSTEM.HELP (TOPIC,SEQ,INFO) values ('SHUTDOWN','9',null);
Insert into SYSTEM.HELP (TOPIC,SEQ,INFO) values ('SPOOL','1',null);
Insert into SYSTEM.HELP (TOPIC,SEQ,INFO) values ('SPOOL','2',' SPOOL');
Insert into SYSTEM.HELP (TOPIC,SEQ,INFO) values ('SPOOL','3',' -----');
Insert into SYSTEM.HELP (TOPIC,SEQ,INFO) values ('SPOOL','4',null);
Insert into SYSTEM.HELP (TOPIC,SEQ,INFO) values ('SPOOL','5',' Stores query results in a file, or optionally sends the file to a printer.');
Insert into SYSTEM.HELP (TOPIC,SEQ,INFO) values ('SPOOL','6',null);
Insert into SYSTEM.HELP (TOPIC,SEQ,INFO) values ('SPOOL','7',' SPO[OL] [file_name[.ext] [CRE[ATE] | REP[LACE] | APP[END]] | OFF | OUT]');
Insert into SYSTEM.HELP (TOPIC,SEQ,INFO) values ('SPOOL','8',null);
Insert into SYSTEM.HELP (TOPIC,SEQ,INFO) values ('SQLPLUS','1',null);
Insert into SYSTEM.HELP (TOPIC,SEQ,INFO) values ('SQLPLUS','2',' SQLPLUS');
Insert into SYSTEM.HELP (TOPIC,SEQ,INFO) values ('SQLPLUS','3',' -------');
Insert into SYSTEM.HELP (TOPIC,SEQ,INFO) values ('SQLPLUS','4',null);
Insert into SYSTEM.HELP (TOPIC,SEQ,INFO) values ('SQLPLUS','5',' Starts SQL*Plus from the operating system prompt.');
Insert into SYSTEM.HELP (TOPIC,SEQ,INFO) values ('SQLPLUS','6',null);
Insert into SYSTEM.HELP (TOPIC,SEQ,INFO) values ('SQLPLUS','7',' SQLPLUS [ [option] [logon|/NOLOG] [start] ]');
Insert into SYSTEM.HELP (TOPIC,SEQ,INFO) values ('SQLPLUS','8',null);
Insert into SYSTEM.HELP (TOPIC,SEQ,INFO) values ('SQLPLUS','9',' where option has the following syntax:');
Insert into SYSTEM.HELP (TOPIC,SEQ,INFO) values ('SQLPLUS','10','     -H[ELP]');
Insert into SYSTEM.HELP (TOPIC,SEQ,INFO) values ('SQLPLUS','11','     | -V[ERSION]');
Insert into SYSTEM.HELP (TOPIC,SEQ,INFO) values ('SQLPLUS','12','     | [[-C[OMPATIBILITY] x.y[.z]] [-L[OGON]]');
Insert into SYSTEM.HELP (TOPIC,SEQ,INFO) values ('SQLPLUS','13','        [-M[ARKUP] markup_option] [-NOLOGINTIME] [-R[ESTRICT] {1|2|3}]');
Insert into SYSTEM.HELP (TOPIC,SEQ,INFO) values ('SQLPLUS','14','	[-S[ILENT]] ]');
Insert into SYSTEM.HELP (TOPIC,SEQ,INFO) values ('SQLPLUS','15',null);
Insert into SYSTEM.HELP (TOPIC,SEQ,INFO) values ('SQLPLUS','16',' and where markup_option has the following syntax:');
Insert into SYSTEM.HELP (TOPIC,SEQ,INFO) values ('SQLPLUS','17','     {HTML html_options|CSV csv_options}');
Insert into SYSTEM.HELP (TOPIC,SEQ,INFO) values ('SQLPLUS','18','     See SET MARKUP command for detailed HTML and CSV options');
Insert into SYSTEM.HELP (TOPIC,SEQ,INFO) values ('SQLPLUS','19',null);
Insert into SYSTEM.HELP (TOPIC,SEQ,INFO) values ('SQLPLUS','20',' and where logon has the following syntax:');
Insert into SYSTEM.HELP (TOPIC,SEQ,INFO) values ('SQLPLUS','21','     {username[/password][@connect_identifier] | /}');
Insert into SYSTEM.HELP (TOPIC,SEQ,INFO) values ('SQLPLUS','22','     [AS {SYSASM|SYSBACKUP|SYSDBA|SYSDG|SYSOPER|SYSRAC|SYSKM}]');
Insert into SYSTEM.HELP (TOPIC,SEQ,INFO) values ('SQLPLUS','23','     [edition=value]');
Insert into SYSTEM.HELP (TOPIC,SEQ,INFO) values ('SQLPLUS','24',null);
Insert into SYSTEM.HELP (TOPIC,SEQ,INFO) values ('SQLPLUS','25',' and where start has the following syntax:');
Insert into SYSTEM.HELP (TOPIC,SEQ,INFO) values ('SQLPLUS','26','     @{url|filename[.ext]} [arg ...]');
Insert into SYSTEM.HELP (TOPIC,SEQ,INFO) values ('SQLPLUS','27',null);
Insert into SYSTEM.HELP (TOPIC,SEQ,INFO) values ('START','1',null);
Insert into SYSTEM.HELP (TOPIC,SEQ,INFO) values ('START','2',' START');
Insert into SYSTEM.HELP (TOPIC,SEQ,INFO) values ('START','3',' -----');
Insert into SYSTEM.HELP (TOPIC,SEQ,INFO) values ('START','4',null);
Insert into SYSTEM.HELP (TOPIC,SEQ,INFO) values ('START','5',' Runs the SQL*Plus statements in the specified script. The script can be');
Insert into SYSTEM.HELP (TOPIC,SEQ,INFO) values ('START','6',' called from the local file system or a web server.');
Insert into SYSTEM.HELP (TOPIC,SEQ,INFO) values ('START','7',null);
Insert into SYSTEM.HELP (TOPIC,SEQ,INFO) values ('START','8',' STA[RT] {url|file_name[.ext]} [arg ...]');
Insert into SYSTEM.HELP (TOPIC,SEQ,INFO) values ('START','9',null);
Insert into SYSTEM.HELP (TOPIC,SEQ,INFO) values ('START','10',' where url supports HTTP and FTP protocols in the form:');
Insert into SYSTEM.HELP (TOPIC,SEQ,INFO) values ('START','11',null);
Insert into SYSTEM.HELP (TOPIC,SEQ,INFO) values ('START','12','    http://host.domain/script.sql');
Insert into SYSTEM.HELP (TOPIC,SEQ,INFO) values ('START','13',null);
Insert into SYSTEM.HELP (TOPIC,SEQ,INFO) values ('STARTUP','1',null);
Insert into SYSTEM.HELP (TOPIC,SEQ,INFO) values ('STARTUP','2',' STARTUP');
Insert into SYSTEM.HELP (TOPIC,SEQ,INFO) values ('STARTUP','3',' -------');
Insert into SYSTEM.HELP (TOPIC,SEQ,INFO) values ('STARTUP','4',null);
Insert into SYSTEM.HELP (TOPIC,SEQ,INFO) values ('STARTUP','5',' Starts an Oracle instance with several options, including mounting,');
Insert into SYSTEM.HELP (TOPIC,SEQ,INFO) values ('STARTUP','6',' and opening a database.');
Insert into SYSTEM.HELP (TOPIC,SEQ,INFO) values ('STARTUP','7',null);
Insert into SYSTEM.HELP (TOPIC,SEQ,INFO) values ('STARTUP','8',' STARTUP db_options | cdb_options | upgrade_options');
Insert into SYSTEM.HELP (TOPIC,SEQ,INFO) values ('STARTUP','9',null);
Insert into SYSTEM.HELP (TOPIC,SEQ,INFO) values ('STARTUP','10',' where db_options has the following syntax:');
Insert into SYSTEM.HELP (TOPIC,SEQ,INFO) values ('STARTUP','11','    [FORCE] [RESTRICT] [PFILE=filename] [QUIET] [ MOUNT [dbname] |');
Insert into SYSTEM.HELP (TOPIC,SEQ,INFO) values ('STARTUP','12','    [ OPEN [open_db_options] [dbname] ] |');
Insert into SYSTEM.HELP (TOPIC,SEQ,INFO) values ('STARTUP','13','    NOMOUNT ]');
Insert into SYSTEM.HELP (TOPIC,SEQ,INFO) values ('STARTUP','14',null);
Insert into SYSTEM.HELP (TOPIC,SEQ,INFO) values ('STARTUP','15','    where open_db_options has the following syntax:');
Insert into SYSTEM.HELP (TOPIC,SEQ,INFO) values ('STARTUP','16','       READ {ONLY | WRITE [RECOVER]} | RECOVER');
Insert into SYSTEM.HELP (TOPIC,SEQ,INFO) values ('STARTUP','17',null);
Insert into SYSTEM.HELP (TOPIC,SEQ,INFO) values ('STARTUP','18',' where cdb_options has the following syntax:');
Insert into SYSTEM.HELP (TOPIC,SEQ,INFO) values ('STARTUP','19','    root_connection_options | pdb_connection_options');
Insert into SYSTEM.HELP (TOPIC,SEQ,INFO) values ('STARTUP','20',null);
Insert into SYSTEM.HELP (TOPIC,SEQ,INFO) values ('STARTUP','21',' where root_connection_options has the following syntax:');
Insert into SYSTEM.HELP (TOPIC,SEQ,INFO) values ('STARTUP','22','    PLUGGABLE DATABASE pdbname');
Insert into SYSTEM.HELP (TOPIC,SEQ,INFO) values ('STARTUP','23','    [FORCE] [RESTRICT] | [OPEN [open_pdb_options]]');
Insert into SYSTEM.HELP (TOPIC,SEQ,INFO) values ('STARTUP','24',null);
Insert into SYSTEM.HELP (TOPIC,SEQ,INFO) values ('STARTUP','25',' where pdb_connection_options has the following syntax:');
Insert into SYSTEM.HELP (TOPIC,SEQ,INFO) values ('STARTUP','26','    [FORCE] [RESTRICT] | [OPEN [open_pdb_options]]');
Insert into SYSTEM.HELP (TOPIC,SEQ,INFO) values ('STARTUP','27',null);
Insert into SYSTEM.HELP (TOPIC,SEQ,INFO) values ('STARTUP','28','    where open_pdb_options has the following syntax:');
Insert into SYSTEM.HELP (TOPIC,SEQ,INFO) values ('STARTUP','29','       READ WRITE | READ ONLY');
Insert into SYSTEM.HELP (TOPIC,SEQ,INFO) values ('STARTUP','30',null);
Insert into SYSTEM.HELP (TOPIC,SEQ,INFO) values ('STARTUP','31',' and where upgrade_options has the following syntax:');
Insert into SYSTEM.HELP (TOPIC,SEQ,INFO) values ('STARTUP','32','    [PFILE=filename] {UPGRADE | DOWNGRADE} [QUIET]');
Insert into SYSTEM.HELP (TOPIC,SEQ,INFO) values ('STARTUP','33',null);
Insert into SYSTEM.HELP (TOPIC,SEQ,INFO) values ('STORE','1',null);
Insert into SYSTEM.HELP (TOPIC,SEQ,INFO) values ('STORE','2',' STORE');
Insert into SYSTEM.HELP (TOPIC,SEQ,INFO) values ('STORE','3',' -----');
Insert into SYSTEM.HELP (TOPIC,SEQ,INFO) values ('STORE','4',null);
Insert into SYSTEM.HELP (TOPIC,SEQ,INFO) values ('STORE','5',' Saves attributes of the current SQL*Plus environment in a script.');
Insert into SYSTEM.HELP (TOPIC,SEQ,INFO) values ('STORE','6',null);
Insert into SYSTEM.HELP (TOPIC,SEQ,INFO) values ('STORE','7',' STORE {SET} file_name[.ext] [CRE[ATE] | REP[LACE] | APP[END]]');
Insert into SYSTEM.HELP (TOPIC,SEQ,INFO) values ('STORE','8',null);
Insert into SYSTEM.HELP (TOPIC,SEQ,INFO) values ('TIMING','1',null);
Insert into SYSTEM.HELP (TOPIC,SEQ,INFO) values ('TIMING','2',' TIMING');
Insert into SYSTEM.HELP (TOPIC,SEQ,INFO) values ('TIMING','3',' ------');
Insert into SYSTEM.HELP (TOPIC,SEQ,INFO) values ('TIMING','4',null);
Insert into SYSTEM.HELP (TOPIC,SEQ,INFO) values ('TIMING','5',' Records timing data for an elapsed time period, lists the current');
Insert into SYSTEM.HELP (TOPIC,SEQ,INFO) values ('TIMING','6',' timer''s name and timing data, or lists the number of active timers.');
Insert into SYSTEM.HELP (TOPIC,SEQ,INFO) values ('TIMING','7',null);
Insert into SYSTEM.HELP (TOPIC,SEQ,INFO) values ('TIMING','8',' TIMI[NG] [START text|SHOW|STOP]');
Insert into SYSTEM.HELP (TOPIC,SEQ,INFO) values ('TIMING','9',null);
Insert into SYSTEM.HELP (TOPIC,SEQ,INFO) values ('TTITLE','1',null);
Insert into SYSTEM.HELP (TOPIC,SEQ,INFO) values ('TTITLE','2',' TTITLE');
Insert into SYSTEM.HELP (TOPIC,SEQ,INFO) values ('TTITLE','3',' ------');
Insert into SYSTEM.HELP (TOPIC,SEQ,INFO) values ('TTITLE','4',null);
Insert into SYSTEM.HELP (TOPIC,SEQ,INFO) values ('TTITLE','5',' Places and formats a title at the top of each report page.');
Insert into SYSTEM.HELP (TOPIC,SEQ,INFO) values ('TTITLE','6',' Enter TTITLE with no clause to list its current definition.');
Insert into SYSTEM.HELP (TOPIC,SEQ,INFO) values ('TTITLE','7',null);
Insert into SYSTEM.HELP (TOPIC,SEQ,INFO) values ('TTITLE','8',' The old form of TTITLE is used if only a single word or');
Insert into SYSTEM.HELP (TOPIC,SEQ,INFO) values ('TTITLE','9',' a string in quotes follows the TTITLE command.');
Insert into SYSTEM.HELP (TOPIC,SEQ,INFO) values ('TTITLE','10',null);
Insert into SYSTEM.HELP (TOPIC,SEQ,INFO) values ('TTITLE','11',' TTI[TLE] [printspec [text|variable] ...] | [OFF|ON]');
Insert into SYSTEM.HELP (TOPIC,SEQ,INFO) values ('TTITLE','12',null);
Insert into SYSTEM.HELP (TOPIC,SEQ,INFO) values ('TTITLE','13',' where printspec represents one or more of the following clauses:');
Insert into SYSTEM.HELP (TOPIC,SEQ,INFO) values ('TTITLE','14',null);
Insert into SYSTEM.HELP (TOPIC,SEQ,INFO) values ('TTITLE','15','     COL n          LE[FT]        BOLD');
Insert into SYSTEM.HELP (TOPIC,SEQ,INFO) values ('TTITLE','16','     S[KIP] [n]     CE[NTER]      FORMAT text');
Insert into SYSTEM.HELP (TOPIC,SEQ,INFO) values ('TTITLE','17','     TAB n          R[IGHT]');
Insert into SYSTEM.HELP (TOPIC,SEQ,INFO) values ('TTITLE','18',null);
Insert into SYSTEM.HELP (TOPIC,SEQ,INFO) values ('UNDEFINE','1',null);
Insert into SYSTEM.HELP (TOPIC,SEQ,INFO) values ('UNDEFINE','2',' UNDEFINE');
Insert into SYSTEM.HELP (TOPIC,SEQ,INFO) values ('UNDEFINE','3',' --------');
Insert into SYSTEM.HELP (TOPIC,SEQ,INFO) values ('UNDEFINE','4',null);
Insert into SYSTEM.HELP (TOPIC,SEQ,INFO) values ('UNDEFINE','5',' Deletes one or more substitution variables that you defined either');
Insert into SYSTEM.HELP (TOPIC,SEQ,INFO) values ('UNDEFINE','6',' explicitly (with the DEFINE command), or implicitly (with a START');
Insert into SYSTEM.HELP (TOPIC,SEQ,INFO) values ('UNDEFINE','7',' command argument).');
Insert into SYSTEM.HELP (TOPIC,SEQ,INFO) values ('UNDEFINE','8',null);
Insert into SYSTEM.HELP (TOPIC,SEQ,INFO) values ('UNDEFINE','9',' UNDEF[INE] variable ...');
Insert into SYSTEM.HELP (TOPIC,SEQ,INFO) values ('UNDEFINE','10',null);
Insert into SYSTEM.HELP (TOPIC,SEQ,INFO) values ('VARIABLE','1',null);
Insert into SYSTEM.HELP (TOPIC,SEQ,INFO) values ('VARIABLE','2',' VARIABLE');
Insert into SYSTEM.HELP (TOPIC,SEQ,INFO) values ('VARIABLE','3',' --------');
Insert into SYSTEM.HELP (TOPIC,SEQ,INFO) values ('VARIABLE','4',null);
Insert into SYSTEM.HELP (TOPIC,SEQ,INFO) values ('VARIABLE','5',' Declares a bind variable that can be referenced in PL/SQL, or');
Insert into SYSTEM.HELP (TOPIC,SEQ,INFO) values ('VARIABLE','6',' lists the current display characteristics for a single variable');
Insert into SYSTEM.HELP (TOPIC,SEQ,INFO) values ('VARIABLE','7',' or all variables.');
Insert into SYSTEM.HELP (TOPIC,SEQ,INFO) values ('VARIABLE','8',null);
Insert into SYSTEM.HELP (TOPIC,SEQ,INFO) values ('VARIABLE','9',' VAR[IABLE] [<variable> [type][=value]]');
Insert into SYSTEM.HELP (TOPIC,SEQ,INFO) values ('VARIABLE','10',null);
Insert into SYSTEM.HELP (TOPIC,SEQ,INFO) values ('VARIABLE','11',' where type represents one of the following:');
Insert into SYSTEM.HELP (TOPIC,SEQ,INFO) values ('VARIABLE','12',null);
Insert into SYSTEM.HELP (TOPIC,SEQ,INFO) values ('VARIABLE','13','     NUMBER         CHAR          CHAR (n [CHAR|BYTE])');
Insert into SYSTEM.HELP (TOPIC,SEQ,INFO) values ('VARIABLE','14','     NCHAR          NCHAR (n)     VARCHAR2 (n [CHAR|BYTE])');
Insert into SYSTEM.HELP (TOPIC,SEQ,INFO) values ('VARIABLE','15','     NVARCHAR2 (n)  CLOB          NCLOB');
Insert into SYSTEM.HELP (TOPIC,SEQ,INFO) values ('VARIABLE','16','     REFCURSOR      BINARY_FLOAT  BINARY_DOUBLE');
Insert into SYSTEM.HELP (TOPIC,SEQ,INFO) values ('VARIABLE','17','     BOOLEAN        VECTOR');
Insert into SYSTEM.HELP (TOPIC,SEQ,INFO) values ('VARIABLE','18',null);
Insert into SYSTEM.HELP (TOPIC,SEQ,INFO) values ('VARIABLE','19',' One can assign value to a variable for input with the new syntax');
Insert into SYSTEM.HELP (TOPIC,SEQ,INFO) values ('VARIABLE','20',' Example:');
Insert into SYSTEM.HELP (TOPIC,SEQ,INFO) values ('VARIABLE','21','   VARIABLE tmp_var VAHRCHAR2(10)=Smith');
Insert into SYSTEM.HELP (TOPIC,SEQ,INFO) values ('VARIABLE','22','   or');
Insert into SYSTEM.HELP (TOPIC,SEQ,INFO) values ('VARIABLE','23','   VARIABLE tmp_var VAHRCHAR2(10)');
Insert into SYSTEM.HELP (TOPIC,SEQ,INFO) values ('VARIABLE','24','   VARIABLE tmp_var=Smith');
Insert into SYSTEM.HELP (TOPIC,SEQ,INFO) values ('VARIABLE','25','   EXECUTE DBMS_OUTPUT.PUT_LINE(:tmp_var)');
Insert into SYSTEM.HELP (TOPIC,SEQ,INFO) values ('VARIABLE','26',null);
Insert into SYSTEM.HELP (TOPIC,SEQ,INFO) values ('WHENEVER OSERROR','1',null);
Insert into SYSTEM.HELP (TOPIC,SEQ,INFO) values ('WHENEVER OSERROR','2',' WHENEVER OSERROR');
Insert into SYSTEM.HELP (TOPIC,SEQ,INFO) values ('WHENEVER OSERROR','3',' ----------------');
Insert into SYSTEM.HELP (TOPIC,SEQ,INFO) values ('WHENEVER OSERROR','4',null);
Insert into SYSTEM.HELP (TOPIC,SEQ,INFO) values ('WHENEVER OSERROR','5',' Performs the specified action (exits SQL*Plus by default) if an');
Insert into SYSTEM.HELP (TOPIC,SEQ,INFO) values ('WHENEVER OSERROR','6',' operating system error occurs (such as a file writing error).');
Insert into SYSTEM.HELP (TOPIC,SEQ,INFO) values ('WHENEVER OSERROR','7',null);
Insert into SYSTEM.HELP (TOPIC,SEQ,INFO) values ('WHENEVER OSERROR','8',' WHENEVER OSERROR {EXIT [SUCCESS|FAILURE|n|variable|:BindVariable]');
Insert into SYSTEM.HELP (TOPIC,SEQ,INFO) values ('WHENEVER OSERROR','9','                   [COMMIT|ROLLBACK] | CONTINUE [COMMIT|ROLLBACK|NONE]}');
Insert into SYSTEM.HELP (TOPIC,SEQ,INFO) values ('WHENEVER OSERROR','10',null);
Insert into SYSTEM.HELP (TOPIC,SEQ,INFO) values ('WHENEVER SQLERROR','1',null);
Insert into SYSTEM.HELP (TOPIC,SEQ,INFO) values ('WHENEVER SQLERROR','2',' WHENEVER SQLERROR');
Insert into SYSTEM.HELP (TOPIC,SEQ,INFO) values ('WHENEVER SQLERROR','3',' -----------------');
Insert into SYSTEM.HELP (TOPIC,SEQ,INFO) values ('WHENEVER SQLERROR','4',null);
Insert into SYSTEM.HELP (TOPIC,SEQ,INFO) values ('WHENEVER SQLERROR','5',' Performs the specified action (exits SQL*Plus by default) if a');
Insert into SYSTEM.HELP (TOPIC,SEQ,INFO) values ('WHENEVER SQLERROR','6',' SQL command or PL/SQL block generates an error.');
Insert into SYSTEM.HELP (TOPIC,SEQ,INFO) values ('WHENEVER SQLERROR','7',null);
Insert into SYSTEM.HELP (TOPIC,SEQ,INFO) values ('WHENEVER SQLERROR','8',' WHENEVER SQLERROR {EXIT [SUCCESS|FAILURE|WARNING|n|variable|:BindVariable]');
Insert into SYSTEM.HELP (TOPIC,SEQ,INFO) values ('WHENEVER SQLERROR','9','                    [COMMIT|ROLLBACK] | CONTINUE [COMMIT|ROLLBACK|NONE]}');
Insert into SYSTEM.HELP (TOPIC,SEQ,INFO) values ('WHENEVER SQLERROR','10',null);
Insert into SYSTEM.HELP (TOPIC,SEQ,INFO) values ('XQUERY','1',null);
Insert into SYSTEM.HELP (TOPIC,SEQ,INFO) values ('XQUERY','2',' XQUERY');
Insert into SYSTEM.HELP (TOPIC,SEQ,INFO) values ('XQUERY','3',' ------');
Insert into SYSTEM.HELP (TOPIC,SEQ,INFO) values ('XQUERY','4',null);
Insert into SYSTEM.HELP (TOPIC,SEQ,INFO) values ('XQUERY','5',' Performs an XQuery 1.0 query on a specified database. Attempting to use');
Insert into SYSTEM.HELP (TOPIC,SEQ,INFO) values ('XQUERY','6',' XQUERY on a database earlier than Oracle Database 10g (Release 2) generates');
Insert into SYSTEM.HELP (TOPIC,SEQ,INFO) values ('XQUERY','7',' an error.');
Insert into SYSTEM.HELP (TOPIC,SEQ,INFO) values ('XQUERY','8',null);
Insert into SYSTEM.HELP (TOPIC,SEQ,INFO) values ('XQUERY','9',' XQUERY xquery_statement');
Insert into SYSTEM.HELP (TOPIC,SEQ,INFO) values ('XQUERY','10',null);
Insert into SYSTEM.HELP (TOPIC,SEQ,INFO) values ('TOPICS','1',null);
Insert into SYSTEM.HELP (TOPIC,SEQ,INFO) values ('TOPICS','2',' Help is available on the following topics:');
Insert into SYSTEM.HELP (TOPIC,SEQ,INFO) values ('TOPICS','3',null);
Insert into SYSTEM.HELP (TOPIC,SEQ,INFO) values ('TOPICS','11','/');
Insert into SYSTEM.HELP (TOPIC,SEQ,INFO) values ('TOPICS','12','@');
Insert into SYSTEM.HELP (TOPIC,SEQ,INFO) values ('TOPICS','13','@@');
Insert into SYSTEM.HELP (TOPIC,SEQ,INFO) values ('TOPICS','14','ACCEPT');
Insert into SYSTEM.HELP (TOPIC,SEQ,INFO) values ('TOPICS','15','APPEND');
Insert into SYSTEM.HELP (TOPIC,SEQ,INFO) values ('TOPICS','16','ARCHIVE LOG');
Insert into SYSTEM.HELP (TOPIC,SEQ,INFO) values ('TOPICS','17','ATTRIBUTE');
Insert into SYSTEM.HELP (TOPIC,SEQ,INFO) values ('TOPICS','18','BREAK');
Insert into SYSTEM.HELP (TOPIC,SEQ,INFO) values ('TOPICS','19','BTITLE');
Insert into SYSTEM.HELP (TOPIC,SEQ,INFO) values ('TOPICS','20','CHANGE');
Insert into SYSTEM.HELP (TOPIC,SEQ,INFO) values ('TOPICS','21','CLEAR');
Insert into SYSTEM.HELP (TOPIC,SEQ,INFO) values ('TOPICS','22','COLUMN');
Insert into SYSTEM.HELP (TOPIC,SEQ,INFO) values ('TOPICS','23','COMPUTE');
Insert into SYSTEM.HELP (TOPIC,SEQ,INFO) values ('TOPICS','24','CONNECT');
Insert into SYSTEM.HELP (TOPIC,SEQ,INFO) values ('TOPICS','25','COPY');
Insert into SYSTEM.HELP (TOPIC,SEQ,INFO) values ('TOPICS','26','DEFINE');
Insert into SYSTEM.HELP (TOPIC,SEQ,INFO) values ('TOPICS','27','DEL');
Insert into SYSTEM.HELP (TOPIC,SEQ,INFO) values ('TOPICS','28','DESCRIBE');
Insert into SYSTEM.HELP (TOPIC,SEQ,INFO) values ('TOPICS','29','DISCONNECT');
Insert into SYSTEM.HELP (TOPIC,SEQ,INFO) values ('TOPICS','30','EDIT');
Insert into SYSTEM.HELP (TOPIC,SEQ,INFO) values ('TOPICS','31','EXECUTE');
Insert into SYSTEM.HELP (TOPIC,SEQ,INFO) values ('TOPICS','32','EXIT');
Insert into SYSTEM.HELP (TOPIC,SEQ,INFO) values ('TOPICS','33','GET');
Insert into SYSTEM.HELP (TOPIC,SEQ,INFO) values ('TOPICS','34','HELP');
Insert into SYSTEM.HELP (TOPIC,SEQ,INFO) values ('TOPICS','35','HISTORY');
Insert into SYSTEM.HELP (TOPIC,SEQ,INFO) values ('TOPICS','36','HOST');
Insert into SYSTEM.HELP (TOPIC,SEQ,INFO) values ('TOPICS','37','INDEX');
Insert into SYSTEM.HELP (TOPIC,SEQ,INFO) values ('TOPICS','38','INPUT');
Insert into SYSTEM.HELP (TOPIC,SEQ,INFO) values ('TOPICS','39','LIST');
Insert into SYSTEM.HELP (TOPIC,SEQ,INFO) values ('TOPICS','40','MENU');
Insert into SYSTEM.HELP (TOPIC,SEQ,INFO) values ('TOPICS','41','PASSWORD');
Insert into SYSTEM.HELP (TOPIC,SEQ,INFO) values ('TOPICS','42','PAUSE');
Insert into SYSTEM.HELP (TOPIC,SEQ,INFO) values ('TOPICS','43','PRINT');
Insert into SYSTEM.HELP (TOPIC,SEQ,INFO) values ('TOPICS','44','PROMPT');
Insert into SYSTEM.HELP (TOPIC,SEQ,INFO) values ('TOPICS','45','QUIT');
Insert into SYSTEM.HELP (TOPIC,SEQ,INFO) values ('TOPICS','46','RECOVER');
Insert into SYSTEM.HELP (TOPIC,SEQ,INFO) values ('TOPICS','47','REMARK');
Insert into SYSTEM.HELP (TOPIC,SEQ,INFO) values ('TOPICS','48','REPFOOTER');
Insert into SYSTEM.HELP (TOPIC,SEQ,INFO) values ('TOPICS','49','REPHEADER');
Insert into SYSTEM.HELP (TOPIC,SEQ,INFO) values ('TOPICS','50','RESERVED WORDS (PL/SQL)');
Insert into SYSTEM.HELP (TOPIC,SEQ,INFO) values ('TOPICS','51','RESERVED WORDS (SQL)');
Insert into SYSTEM.HELP (TOPIC,SEQ,INFO) values ('TOPICS','52','RUN');
Insert into SYSTEM.HELP (TOPIC,SEQ,INFO) values ('TOPICS','53','SAVE');
Insert into SYSTEM.HELP (TOPIC,SEQ,INFO) values ('TOPICS','54','SET');
Insert into SYSTEM.HELP (TOPIC,SEQ,INFO) values ('TOPICS','55','SHOW');
Insert into SYSTEM.HELP (TOPIC,SEQ,INFO) values ('TOPICS','56','SHUTDOWN');
Insert into SYSTEM.HELP (TOPIC,SEQ,INFO) values ('TOPICS','57','SPOOL');
Insert into SYSTEM.HELP (TOPIC,SEQ,INFO) values ('TOPICS','58','SQLPLUS');
Insert into SYSTEM.HELP (TOPIC,SEQ,INFO) values ('TOPICS','59','START');
Insert into SYSTEM.HELP (TOPIC,SEQ,INFO) values ('TOPICS','60','STARTUP');
Insert into SYSTEM.HELP (TOPIC,SEQ,INFO) values ('TOPICS','61','STORE');
Insert into SYSTEM.HELP (TOPIC,SEQ,INFO) values ('TOPICS','62','TIMING');
Insert into SYSTEM.HELP (TOPIC,SEQ,INFO) values ('TOPICS','63','TOPICS');
Insert into SYSTEM.HELP (TOPIC,SEQ,INFO) values ('TOPICS','64','TTITLE');
Insert into SYSTEM.HELP (TOPIC,SEQ,INFO) values ('TOPICS','65','UNDEFINE');
Insert into SYSTEM.HELP (TOPIC,SEQ,INFO) values ('TOPICS','66','VARIABLE');
Insert into SYSTEM.HELP (TOPIC,SEQ,INFO) values ('TOPICS','67','WHENEVER OSERROR');
Insert into SYSTEM.HELP (TOPIC,SEQ,INFO) values ('TOPICS','68','WHENEVER SQLERROR');
Insert into SYSTEM.HELP (TOPIC,SEQ,INFO) values ('TOPICS','69','XQUERY');
REM INSERTING into SYSTEM.IMMOBILISATIONS
SET DEFINE OFF;
Insert into SYSTEM.IMMOBILISATIONS (ID_BIEN,NOM_BIEN,DATE_ACQUISITION,VALEUR_ACQUISITION,ID_CATEGORIE,DUREE_PERSONNALISEE,STATUT,QUANTITE,CODE_BARRE) values ('50','Carreaux',to_date('24/07/25','DD/MM/RR'),'200000','22',null,'actif','8','9788736191506');
Insert into SYSTEM.IMMOBILISATIONS (ID_BIEN,NOM_BIEN,DATE_ACQUISITION,VALEUR_ACQUISITION,ID_CATEGORIE,DUREE_PERSONNALISEE,STATUT,QUANTITE,CODE_BARRE) values ('63','Beton',to_date('25/07/25','DD/MM/RR'),'10000','22',null,'actif','13','9783126636834');
Insert into SYSTEM.IMMOBILISATIONS (ID_BIEN,NOM_BIEN,DATE_ACQUISITION,VALEUR_ACQUISITION,ID_CATEGORIE,DUREE_PERSONNALISEE,STATUT,QUANTITE,CODE_BARRE) values ('64','Gravier',to_date('25/07/25','DD/MM/RR'),'120000','23',null,'actif','11','9780333701201');
Insert into SYSTEM.IMMOBILISATIONS (ID_BIEN,NOM_BIEN,DATE_ACQUISITION,VALEUR_ACQUISITION,ID_CATEGORIE,DUREE_PERSONNALISEE,STATUT,QUANTITE,CODE_BARRE) values ('62','Maison',to_date('29/05/25','DD/MM/RR'),'5000000','22',null,'actif','11','9785073558139');
Insert into SYSTEM.IMMOBILISATIONS (ID_BIEN,NOM_BIEN,DATE_ACQUISITION,VALEUR_ACQUISITION,ID_CATEGORIE,DUREE_PERSONNALISEE,STATUT,QUANTITE,CODE_BARRE) values ('81','Ordinateur portable',to_date('05/05/25','DD/MM/RR'),'1000','1',null,'actif','3','123456789');
Insert into SYSTEM.IMMOBILISATIONS (ID_BIEN,NOM_BIEN,DATE_ACQUISITION,VALEUR_ACQUISITION,ID_CATEGORIE,DUREE_PERSONNALISEE,STATUT,QUANTITE,CODE_BARRE) values ('82','Voiture 4X4',to_date('03/06/25','DD/MM/RR'),'5000000','41',null,'actif','9','9780074750643');
Insert into SYSTEM.IMMOBILISATIONS (ID_BIEN,NOM_BIEN,DATE_ACQUISITION,VALEUR_ACQUISITION,ID_CATEGORIE,DUREE_PERSONNALISEE,STATUT,QUANTITE,CODE_BARRE) values ('61','Voiture',to_date('28/05/25','DD/MM/RR'),'1000000','41',null,'actif','45','9782485368875');
Insert into SYSTEM.IMMOBILISATIONS (ID_BIEN,NOM_BIEN,DATE_ACQUISITION,VALEUR_ACQUISITION,ID_CATEGORIE,DUREE_PERSONNALISEE,STATUT,QUANTITE,CODE_BARRE) values ('142','Apk',to_date('06/08/25','DD/MM/RR'),'190000','1',null,'actif','10','9784251460394');
Insert into SYSTEM.IMMOBILISATIONS (ID_BIEN,NOM_BIEN,DATE_ACQUISITION,VALEUR_ACQUISITION,ID_CATEGORIE,DUREE_PERSONNALISEE,STATUT,QUANTITE,CODE_BARRE) values ('101','jeep',to_date('03/06/25','DD/MM/RR'),'6000000','41',null,'actif','5','9787455920060');
Insert into SYSTEM.IMMOBILISATIONS (ID_BIEN,NOM_BIEN,DATE_ACQUISITION,VALEUR_ACQUISITION,ID_CATEGORIE,DUREE_PERSONNALISEE,STATUT,QUANTITE,CODE_BARRE) values ('102','Terrain',to_date('03/06/25','DD/MM/RR'),'1500000','21',null,'actif','24','9783075366158');
Insert into SYSTEM.IMMOBILISATIONS (ID_BIEN,NOM_BIEN,DATE_ACQUISITION,VALEUR_ACQUISITION,ID_CATEGORIE,DUREE_PERSONNALISEE,STATUT,QUANTITE,CODE_BARRE) values ('1','Escalier',to_date('17/07/25','DD/MM/RR'),'2000000','24',null,'actif','9','9784568471601');
Insert into SYSTEM.IMMOBILISATIONS (ID_BIEN,NOM_BIEN,DATE_ACQUISITION,VALEUR_ACQUISITION,ID_CATEGORIE,DUREE_PERSONNALISEE,STATUT,QUANTITE,CODE_BARRE) values ('44','Ciment',to_date('24/07/25','DD/MM/RR'),'100000','23',null,'actif','1','9787023400390');
Insert into SYSTEM.IMMOBILISATIONS (ID_BIEN,NOM_BIEN,DATE_ACQUISITION,VALEUR_ACQUISITION,ID_CATEGORIE,DUREE_PERSONNALISEE,STATUT,QUANTITE,CODE_BARRE) values ('48','Porte',to_date('24/07/25','DD/MM/RR'),'10000000','24',null,'actif','5','9780367977214');
Insert into SYSTEM.IMMOBILISATIONS (ID_BIEN,NOM_BIEN,DATE_ACQUISITION,VALEUR_ACQUISITION,ID_CATEGORIE,DUREE_PERSONNALISEE,STATUT,QUANTITE,CODE_BARRE) values ('49','Logiciel',to_date('24/07/25','DD/MM/RR'),'1000000','61',null,'actif','1','9789398183106');
Insert into SYSTEM.IMMOBILISATIONS (ID_BIEN,NOM_BIEN,DATE_ACQUISITION,VALEUR_ACQUISITION,ID_CATEGORIE,DUREE_PERSONNALISEE,STATUT,QUANTITE,CODE_BARRE) values ('141','Bureau',to_date('06/08/25','DD/MM/RR'),'2','2',null,'actif','10','9781544356280');
REM INSERTING into SYSTEM.LOCALISATIONS
SET DEFINE OFF;
REM INSERTING into SYSTEM.MVIEW$_ADV_AJG
SET DEFINE OFF;
REM INSERTING into SYSTEM.MVIEW$_ADV_BASETABLE
SET DEFINE OFF;
REM INSERTING into SYSTEM.MVIEW$_ADV_CLIQUE
SET DEFINE OFF;
REM INSERTING into SYSTEM.MVIEW$_ADV_ELIGIBLE
SET DEFINE OFF;
REM INSERTING into SYSTEM.MVIEW$_ADV_EXCEPTIONS
SET DEFINE OFF;
REM INSERTING into SYSTEM.MVIEW$_ADV_FILTER
SET DEFINE OFF;
REM INSERTING into SYSTEM.MVIEW$_ADV_FILTERINSTANCE
SET DEFINE OFF;
REM INSERTING into SYSTEM.MVIEW$_ADV_FJG
SET DEFINE OFF;
REM INSERTING into SYSTEM.MVIEW$_ADV_GC
SET DEFINE OFF;
REM INSERTING into SYSTEM.MVIEW$_ADV_INFO
SET DEFINE OFF;
REM INSERTING into SYSTEM.MVIEW$_ADV_JOURNAL
SET DEFINE OFF;
REM INSERTING into SYSTEM.MVIEW$_ADV_LEVEL
SET DEFINE OFF;
REM INSERTING into SYSTEM.MVIEW$_ADV_LOG
SET DEFINE OFF;
REM INSERTING into SYSTEM.MVIEW$_ADV_OUTPUT
SET DEFINE OFF;
REM INSERTING into SYSTEM.MVIEW$_ADV_PARAMETERS
SET DEFINE OFF;
Insert into SYSTEM.MVIEW$_ADV_PARAMETERS (PARAMETER_NAME,PARAMETER_TYPE,STRING_VALUE,DATE_VALUE,NUMERICAL_VALUE) values ('QSMSS_EXACT_DELETE','0',null,null,'0,02');
Insert into SYSTEM.MVIEW$_ADV_PARAMETERS (PARAMETER_NAME,PARAMETER_TYPE,STRING_VALUE,DATE_VALUE,NUMERICAL_VALUE) values ('QSMSS_EXACT_BUCKETS','0',null,null,'1000');
Insert into SYSTEM.MVIEW$_ADV_PARAMETERS (PARAMETER_NAME,PARAMETER_TYPE,STRING_VALUE,DATE_VALUE,NUMERICAL_VALUE) values ('QSMSS_PARTIAL_DELETE','0',null,null,'0,02');
Insert into SYSTEM.MVIEW$_ADV_PARAMETERS (PARAMETER_NAME,PARAMETER_TYPE,STRING_VALUE,DATE_VALUE,NUMERICAL_VALUE) values ('QSMSS_PARTIAL_BUCKETS','0',null,null,'1000');
Insert into SYSTEM.MVIEW$_ADV_PARAMETERS (PARAMETER_NAME,PARAMETER_TYPE,STRING_VALUE,DATE_VALUE,NUMERICAL_VALUE) values ('QSMSS_AJG_DELETE','0',null,null,'0,02');
Insert into SYSTEM.MVIEW$_ADV_PARAMETERS (PARAMETER_NAME,PARAMETER_TYPE,STRING_VALUE,DATE_VALUE,NUMERICAL_VALUE) values ('QSMSS_AJG_BUCKETS','0',null,null,'100');
Insert into SYSTEM.MVIEW$_ADV_PARAMETERS (PARAMETER_NAME,PARAMETER_TYPE,STRING_VALUE,DATE_VALUE,NUMERICAL_VALUE) values ('QSMSS_FJG_DELETE','0',null,null,'0,02');
Insert into SYSTEM.MVIEW$_ADV_PARAMETERS (PARAMETER_NAME,PARAMETER_TYPE,STRING_VALUE,DATE_VALUE,NUMERICAL_VALUE) values ('QSMSS_GC_DELETE','0',null,null,'0,02');
Insert into SYSTEM.MVIEW$_ADV_PARAMETERS (PARAMETER_NAME,PARAMETER_TYPE,STRING_VALUE,DATE_VALUE,NUMERICAL_VALUE) values ('QSMSS_MEA_DELETE','0',null,null,'0,05');
Insert into SYSTEM.MVIEW$_ADV_PARAMETERS (PARAMETER_NAME,PARAMETER_TYPE,STRING_VALUE,DATE_VALUE,NUMERICAL_VALUE) values ('QSMSS_TRACE_LEVEL','0',null,null,'0');
Insert into SYSTEM.MVIEW$_ADV_PARAMETERS (PARAMETER_NAME,PARAMETER_TYPE,STRING_VALUE,DATE_VALUE,NUMERICAL_VALUE) values ('QSMSS_REWRITE_NRF','0',null,null,'10');
Insert into SYSTEM.MVIEW$_ADV_PARAMETERS (PARAMETER_NAME,PARAMETER_TYPE,STRING_VALUE,DATE_VALUE,NUMERICAL_VALUE) values ('qsma.console_output','1','True',null,'0');
Insert into SYSTEM.MVIEW$_ADV_PARAMETERS (PARAMETER_NAME,PARAMETER_TYPE,STRING_VALUE,DATE_VALUE,NUMERICAL_VALUE) values ('qsma.wip_interval','0',null,null,'250');
Insert into SYSTEM.MVIEW$_ADV_PARAMETERS (PARAMETER_NAME,PARAMETER_TYPE,STRING_VALUE,DATE_VALUE,NUMERICAL_VALUE) values ('qsma.commit_interval','0',null,null,'100');
Insert into SYSTEM.MVIEW$_ADV_PARAMETERS (PARAMETER_NAME,PARAMETER_TYPE,STRING_VALUE,DATE_VALUE,NUMERICAL_VALUE) values ('qsma.sql_exclusions','1','SYSTEM.%',null,'0');
Insert into SYSTEM.MVIEW$_ADV_PARAMETERS (PARAMETER_NAME,PARAMETER_TYPE,STRING_VALUE,DATE_VALUE,NUMERICAL_VALUE) values ('qsma.pretty','1','True',null,'0');
Insert into SYSTEM.MVIEW$_ADV_PARAMETERS (PARAMETER_NAME,PARAMETER_TYPE,STRING_VALUE,DATE_VALUE,NUMERICAL_VALUE) values ('qsma.lcase_names','1','True',null,'0');
Insert into SYSTEM.MVIEW$_ADV_PARAMETERS (PARAMETER_NAME,PARAMETER_TYPE,STRING_VALUE,DATE_VALUE,NUMERICAL_VALUE) values ('qsma.lcase_keywords','1','False',null,'0');
Insert into SYSTEM.MVIEW$_ADV_PARAMETERS (PARAMETER_NAME,PARAMETER_TYPE,STRING_VALUE,DATE_VALUE,NUMERICAL_VALUE) values ('qsma.add_alias','1','False',null,'0');
Insert into SYSTEM.MVIEW$_ADV_PARAMETERS (PARAMETER_NAME,PARAMETER_TYPE,STRING_VALUE,DATE_VALUE,NUMERICAL_VALUE) values ('qsma.ignore_ambig','1','True',null,'0');
Insert into SYSTEM.MVIEW$_ADV_PARAMETERS (PARAMETER_NAME,PARAMETER_TYPE,STRING_VALUE,DATE_VALUE,NUMERICAL_VALUE) values ('qsma.fixup_alias','1','False',null,'0');
Insert into SYSTEM.MVIEW$_ADV_PARAMETERS (PARAMETER_NAME,PARAMETER_TYPE,STRING_VALUE,DATE_VALUE,NUMERICAL_VALUE) values ('qsma.optimize','1','True',null,'0');
Insert into SYSTEM.MVIEW$_ADV_PARAMETERS (PARAMETER_NAME,PARAMETER_TYPE,STRING_VALUE,DATE_VALUE,NUMERICAL_VALUE) values ('qsma.ignore_columns','1','True',null,'0');
Insert into SYSTEM.MVIEW$_ADV_PARAMETERS (PARAMETER_NAME,PARAMETER_TYPE,STRING_VALUE,DATE_VALUE,NUMERICAL_VALUE) values ('qsma.fixup_schema','1','False',null,'0');
Insert into SYSTEM.MVIEW$_ADV_PARAMETERS (PARAMETER_NAME,PARAMETER_TYPE,STRING_VALUE,DATE_VALUE,NUMERICAL_VALUE) values ('qsma.remove_optional_keywords','1','False',null,'0');
Insert into SYSTEM.MVIEW$_ADV_PARAMETERS (PARAMETER_NAME,PARAMETER_TYPE,STRING_VALUE,DATE_VALUE,NUMERICAL_VALUE) values ('qsma.dump_tree','1','True',null,'0');
Insert into SYSTEM.MVIEW$_ADV_PARAMETERS (PARAMETER_NAME,PARAMETER_TYPE,STRING_VALUE,DATE_VALUE,NUMERICAL_VALUE) values ('qsma.debug_flags','1',null,null,'0');
Insert into SYSTEM.MVIEW$_ADV_PARAMETERS (PARAMETER_NAME,PARAMETER_TYPE,STRING_VALUE,DATE_VALUE,NUMERICAL_VALUE) values ('qsma.datetime_mask','1','dd/MM/yyyy HH:mm',null,'0');
Insert into SYSTEM.MVIEW$_ADV_PARAMETERS (PARAMETER_NAME,PARAMETER_TYPE,STRING_VALUE,DATE_VALUE,NUMERICAL_VALUE) values ('QSMAE_MIN_CLQ_MF_RATIO','0',null,null,'0,05');
Insert into SYSTEM.MVIEW$_ADV_PARAMETERS (PARAMETER_NAME,PARAMETER_TYPE,STRING_VALUE,DATE_VALUE,NUMERICAL_VALUE) values ('QSMAE_MIN_SUM_BC_RATIO','0',null,null,'0,05');
Insert into SYSTEM.MVIEW$_ADV_PARAMETERS (PARAMETER_NAME,PARAMETER_TYPE,STRING_VALUE,DATE_VALUE,NUMERICAL_VALUE) values ('QSMAE_MAX_GCS','0',null,null,'1000');
Insert into SYSTEM.MVIEW$_ADV_PARAMETERS (PARAMETER_NAME,PARAMETER_TYPE,STRING_VALUE,DATE_VALUE,NUMERICAL_VALUE) values ('QSMAE_PCT_COMPL_POLL_INTL','0',null,null,'10');
Insert into SYSTEM.MVIEW$_ADV_PARAMETERS (PARAMETER_NAME,PARAMETER_TYPE,STRING_VALUE,DATE_VALUE,NUMERICAL_VALUE) values ('QSMAE_TRACE_LEVEL','0',null,null,'0');
Insert into SYSTEM.MVIEW$_ADV_PARAMETERS (PARAMETER_NAME,PARAMETER_TYPE,STRING_VALUE,DATE_VALUE,NUMERICAL_VALUE) values ('QSMAE_AEP_MAX_LAT_SIZE','0',null,null,'1024');
Insert into SYSTEM.MVIEW$_ADV_PARAMETERS (PARAMETER_NAME,PARAMETER_TYPE,STRING_VALUE,DATE_VALUE,NUMERICAL_VALUE) values ('QSMAE_AEP_MAX_FACT_TABLES','0',null,null,'10');
Insert into SYSTEM.MVIEW$_ADV_PARAMETERS (PARAMETER_NAME,PARAMETER_TYPE,STRING_VALUE,DATE_VALUE,NUMERICAL_VALUE) values ('qsma.report.color1','1','#FFFFDE',null,'0');
Insert into SYSTEM.MVIEW$_ADV_PARAMETERS (PARAMETER_NAME,PARAMETER_TYPE,STRING_VALUE,DATE_VALUE,NUMERICAL_VALUE) values ('qsma.report.color2','1','#336699',null,'0');
Insert into SYSTEM.MVIEW$_ADV_PARAMETERS (PARAMETER_NAME,PARAMETER_TYPE,STRING_VALUE,DATE_VALUE,NUMERICAL_VALUE) values ('qsma.report.color3','1','#FFCC60',null,'0');
Insert into SYSTEM.MVIEW$_ADV_PARAMETERS (PARAMETER_NAME,PARAMETER_TYPE,STRING_VALUE,DATE_VALUE,NUMERICAL_VALUE) values ('qsma.report.color4','1','white',null,'0');
Insert into SYSTEM.MVIEW$_ADV_PARAMETERS (PARAMETER_NAME,PARAMETER_TYPE,STRING_VALUE,DATE_VALUE,NUMERICAL_VALUE) values ('qsma.report.include_unused','1','False',null,'0');
REM INSERTING into SYSTEM.MVIEW$_ADV_PLAN
SET DEFINE OFF;
REM INSERTING into SYSTEM.MVIEW$_ADV_PRETTY
SET DEFINE OFF;
REM INSERTING into SYSTEM.MVIEW$_ADV_ROLLUP
SET DEFINE OFF;
REM INSERTING into SYSTEM.MVIEW$_ADV_SQLDEPEND
SET DEFINE OFF;
REM INSERTING into SYSTEM.MVIEW$_ADV_TEMP
SET DEFINE OFF;
REM INSERTING into SYSTEM.MVIEW$_ADV_WORKLOAD
SET DEFINE OFF;
REM INSERTING into SYSTEM.NOTIFICATIONS
SET DEFINE OFF;
Insert into SYSTEM.NOTIFICATIONS (ID,USER_ID,AGENCE_ID,FOURNITURE_ID,BIEN_ID,TITRE,DATE_DEMANDE,STATUT,CORPS) values ('122','1','83','121',null,'Demande de Tuléar par Utilisateur',to_timestamp('04/08/25 06:15:43,405422000','DD/MM/RR HH24:MI:SSXFF'),'Vue','Demande d''envoi pour Cable avec un stock restant de 19 en date du 2025-08-04.');
Insert into SYSTEM.NOTIFICATIONS (ID,USER_ID,AGENCE_ID,FOURNITURE_ID,BIEN_ID,TITRE,DATE_DEMANDE,STATUT,CORPS) values ('84','1','83',null,'61','Demande de Tuléar par Utilisateur',to_timestamp('26/07/25 07:24:26,226268000','DD/MM/RR HH24:MI:SSXFF'),'Vue','Demande d''envoi pour Voiture avec un stock restant de 2 en date du 2025-07-26.');
Insert into SYSTEM.NOTIFICATIONS (ID,USER_ID,AGENCE_ID,FOURNITURE_ID,BIEN_ID,TITRE,DATE_DEMANDE,STATUT,CORPS) values ('123','22','2','161',null,'Demande de Ankatso par Utilisateur',to_timestamp('04/08/25 06:17:50,998823000','DD/MM/RR HH24:MI:SSXFF'),'Vue','Demande d''envoi pour Sac avec un stock restant de 7 en date du 2025-08-04.');
Insert into SYSTEM.NOTIFICATIONS (ID,USER_ID,AGENCE_ID,FOURNITURE_ID,BIEN_ID,TITRE,DATE_DEMANDE,STATUT,CORPS) values ('107','82','102','65',null,'Demande de Ankadimbaoka par Utilisateur',to_timestamp('29/07/25 09:02:10,371166000','DD/MM/RR HH24:MI:SSXFF'),'Vue','Demande d''envoi pour Tableau avec un stock restant de 8 en date du 2025-07-29.');
REM INSERTING into SYSTEM.OL$
SET DEFINE OFF;
REM INSERTING into SYSTEM.OL$HINTS
SET DEFINE OFF;
REM INSERTING into SYSTEM.OL$NODES
SET DEFINE OFF;
REM INSERTING into SYSTEM.REDO_DB
SET DEFINE OFF;
Insert into SYSTEM.REDO_DB (DBID,GLOBAL_DBNAME,DBUNAME,VERSION,THREAD#,RESETLOGS_SCN_BAS,RESETLOGS_SCN_WRP,RESETLOGS_TIME,PRESETLOGS_SCN_BAS,PRESETLOGS_SCN_WRP,PRESETLOGS_TIME,SEQNO_RCV_CUR,SEQNO_RCV_LO,SEQNO_RCV_HI,SEQNO_DONE_CUR,SEQNO_DONE_LO,SEQNO_DONE_HI,GAP_SEQNO,GAP_RET,GAP_DONE,APPLY_SEQNO,APPLY_DONE,PURGE_DONE,HAS_CHILD,ERROR1,STATUS,CREATE_DATE,TS1,TS2,GAP_NEXT_SCN,GAP_NEXT_TIME,CURSCN_TIME,RESETLOGS_SCN,PRESETLOGS_SCN,GAP_RET2,CURLOG,ENDIAN,ENQIDX,SPARE4,SPARE5,SPARE6,SPARE7,TS3,CURBLKNO,SPARE8,SPARE9,SPARE10,SPARE11,SPARE12,TENANT_KEY) values ('0',null,null,null,'0','0','0','2','0','0','2','0','0','0','0','0','0','0','0','0','0','0','0','0','0','0',null,'0','0','0','0','0','0','0','0','0','0','0','0',null,null,null,'0','0','0','0','0','0','0','0');
REM INSERTING into SYSTEM.REDO_LOG
SET DEFINE OFF;
REM INSERTING into SYSTEM.SCHEDULER_JOB_ARGS_TBL
SET DEFINE OFF;
REM INSERTING into SYSTEM.SCHEDULER_PROGRAM_ARGS_TBL
SET DEFINE OFF;
REM INSERTING into SYSTEM.SQLPLUS_PRODUCT_PROFILE
SET DEFINE OFF;
REM INSERTING into SYSTEM.USER_AGENCE
SET DEFINE OFF;
Insert into SYSTEM.USER_AGENCE (ID,USER_ID,AGENCE_ID,DATE_ASSOCIATION) values ('14','82','102',to_timestamp('29/07/25 11:56:52,422093000','DD/MM/RR HH24:MI:SSXFF'));
Insert into SYSTEM.USER_AGENCE (ID,USER_ID,AGENCE_ID,DATE_ASSOCIATION) values ('9','22','2',to_timestamp('25/07/25 11:17:03,802539000','DD/MM/RR HH24:MI:SSXFF'));
Insert into SYSTEM.USER_AGENCE (ID,USER_ID,AGENCE_ID,DATE_ASSOCIATION) values ('3','89','82',to_timestamp('29/05/25 21:59:00,990013000','DD/MM/RR HH24:MI:SSXFF'));
Insert into SYSTEM.USER_AGENCE (ID,USER_ID,AGENCE_ID,DATE_ASSOCIATION) values ('5','142','82',to_timestamp('20/06/25 06:31:22,064000000','DD/MM/RR HH24:MI:SSXFF'));
Insert into SYSTEM.USER_AGENCE (ID,USER_ID,AGENCE_ID,DATE_ASSOCIATION) values ('6','1','83',to_timestamp('24/07/25 11:13:44,597577000','DD/MM/RR HH24:MI:SSXFF'));
Insert into SYSTEM.USER_AGENCE (ID,USER_ID,AGENCE_ID,DATE_ASSOCIATION) values ('7','2','101',to_timestamp('24/07/25 08:27:45,255000000','DD/MM/RR HH24:MI:SSXFF'));
REM INSERTING into SYSTEM.USER_FOURNITURE
SET DEFINE OFF;
REM INSERTING into SYSTEM.USERS
SET DEFINE OFF;
Insert into SYSTEM.USERS (ID,NOM,PRENOM,EMAIL,MOT_DE_PASSE,FONCTION) values ('82','Lucie','ANNAH','an@gmail.com','6939edbcc4fe23aa0161bfb87cc777b999f286d3f8d122c17ce352f513508819','utilisateur');
Insert into SYSTEM.USERS (ID,NOM,PRENOM,EMAIL,MOT_DE_PASSE,FONCTION) values ('142','Raso','Tyanah','tia@gmail.com','f722dcdeb9945a3e171c8e92d3675c19f49cf8e793c91399093c6cfaf1083737','utilisateur');
Insert into SYSTEM.USERS (ID,NOM,PRENOM,EMAIL,MOT_DE_PASSE,FONCTION) values ('22','Rasoa','Ravao','ras@gmail.com','95ec624e6bf434ffab330ab660c5ce949713896c6a7b11fe4feab158fb834e26','utilisateur');
Insert into SYSTEM.USERS (ID,NOM,PRENOM,EMAIL,MOT_DE_PASSE,FONCTION) values ('89','aina','fan','fan@gmail.com','96121eed0844d7f2f3a28f5472aff7bbdbe490ed947ca97d92428700057e568b','admin');
Insert into SYSTEM.USERS (ID,NOM,PRENOM,EMAIL,MOT_DE_PASSE,FONCTION) values ('1','Faneva','Princia','pri@gmail.com','858b471cf84bfa2fe27695b25525cb4c1418f7b5b3ceced7ddc3c1708c94a5de','utilisateur');
Insert into SYSTEM.USERS (ID,NOM,PRENOM,EMAIL,MOT_DE_PASSE,FONCTION) values ('2','Safidy','Rabe','saf@gmail.com','9c71251c2dcf5b31d591cd213ec399e7dd8590b80cb52ba70c445b8c651b2236','utilisateur');
REM INSERTING into SYSTEM.MVIEW_EVALUATIONS
SET DEFINE OFF;
REM INSERTING into SYSTEM.MVIEW_EXCEPTIONS
SET DEFINE OFF;
REM INSERTING into SYSTEM.MVIEW_FILTER
SET DEFINE OFF;
REM INSERTING into SYSTEM.MVIEW_FILTERINSTANCE
SET DEFINE OFF;
REM INSERTING into SYSTEM.MVIEW_LOG
SET DEFINE OFF;
REM INSERTING into SYSTEM.MVIEW_RECOMMENDATIONS
SET DEFINE OFF;
REM INSERTING into SYSTEM.MVIEW_WORKLOAD
SET DEFINE OFF;
REM INSERTING into SYSTEM.PRODUCT_PRIVS
SET DEFINE OFF;
REM INSERTING into SYSTEM.SCHEDULER_JOB_ARGS
SET DEFINE OFF;
REM INSERTING into SYSTEM.SCHEDULER_PROGRAM_ARGS
SET DEFINE OFF;
--------------------------------------------------------
--  DDL for Index AQ$_SCHEDULES_CHECK
--------------------------------------------------------

  CREATE UNIQUE INDEX "SYSTEM"."AQ$_SCHEDULES_CHECK" ON "SYSTEM"."AQ$_SCHEDULES" ("JOBNO") 
  PCTFREE 10 INITRANS 2 MAXTRANS 255 COMPUTE STATISTICS 
  STORAGE(INITIAL 65536 NEXT 1048576 MINEXTENTS 1 MAXEXTENTS 2147483645
  PCTINCREASE 0 FREELISTS 1 FREELIST GROUPS 1
  BUFFER_POOL DEFAULT FLASH_CACHE DEFAULT CELL_FLASH_CACHE DEFAULT)
  TABLESPACE "SYSTEM" ;
--------------------------------------------------------
--  DDL for Index AQ$_SCHEDULES_PRIMARY
--------------------------------------------------------

  CREATE UNIQUE INDEX "SYSTEM"."AQ$_SCHEDULES_PRIMARY" ON "SYSTEM"."AQ$_SCHEDULES" ("OID", "DESTINATION") 
  PCTFREE 10 INITRANS 2 MAXTRANS 255 COMPUTE STATISTICS 
  STORAGE(INITIAL 65536 NEXT 1048576 MINEXTENTS 1 MAXEXTENTS 2147483645
  PCTINCREASE 0 FREELISTS 1 FREELIST GROUPS 1
  BUFFER_POOL DEFAULT FLASH_CACHE DEFAULT CELL_FLASH_CACHE DEFAULT)
  TABLESPACE "SYSTEM" ;
--------------------------------------------------------
--  DDL for Index HELP_TOPIC_SEQ
--------------------------------------------------------

  CREATE UNIQUE INDEX "SYSTEM"."HELP_TOPIC_SEQ" ON "SYSTEM"."HELP" ("TOPIC", "SEQ") 
  PCTFREE 10 INITRANS 2 MAXTRANS 255 COMPUTE STATISTICS 
  STORAGE(INITIAL 16384 NEXT 1048576 MINEXTENTS 1 MAXEXTENTS 2147483645
  PCTINCREASE 0 FREELISTS 1 FREELIST GROUPS 1
  BUFFER_POOL DEFAULT FLASH_CACHE DEFAULT CELL_FLASH_CACHE DEFAULT)
  TABLESPACE "SYSTEM" ;
--------------------------------------------------------
--  DDL for Index IX_AGENCE_FOURNITURE_FOURNITURE_ID
--------------------------------------------------------

  CREATE INDEX "SYSTEM"."IX_AGENCE_FOURNITURE_FOURNITURE_ID" ON "SYSTEM"."AGENCE_FOURNITURE" ("FOURNITURE_ID") 
  PCTFREE 10 INITRANS 2 MAXTRANS 255 COMPUTE STATISTICS 
  STORAGE(INITIAL 65536 NEXT 1048576 MINEXTENTS 1 MAXEXTENTS 2147483645
  PCTINCREASE 0 FREELISTS 1 FREELIST GROUPS 1
  BUFFER_POOL DEFAULT FLASH_CACHE DEFAULT CELL_FLASH_CACHE DEFAULT)
  TABLESPACE "SYSTEM" ;
--------------------------------------------------------
--  DDL for Index IX_AGENCES_NUMERO
--------------------------------------------------------

  CREATE UNIQUE INDEX "SYSTEM"."IX_AGENCES_NUMERO" ON "SYSTEM"."AGENCES" ("NUMERO") 
  PCTFREE 10 INITRANS 2 MAXTRANS 255 COMPUTE STATISTICS 
  STORAGE(INITIAL 65536 NEXT 1048576 MINEXTENTS 1 MAXEXTENTS 2147483645
  PCTINCREASE 0 FREELISTS 1 FREELIST GROUPS 1
  BUFFER_POOL DEFAULT FLASH_CACHE DEFAULT CELL_FLASH_CACHE DEFAULT)
  TABLESPACE "SYSTEM" ;
--------------------------------------------------------
--  DDL for Index IX_BIEN_AGENCE_AGENCE
--------------------------------------------------------

  CREATE INDEX "SYSTEM"."IX_BIEN_AGENCE_AGENCE" ON "SYSTEM"."BIEN_AGENCE" ("ID_AGENCE") 
  PCTFREE 10 INITRANS 2 MAXTRANS 255 COMPUTE STATISTICS 
  STORAGE(INITIAL 65536 NEXT 1048576 MINEXTENTS 1 MAXEXTENTS 2147483645
  PCTINCREASE 0 FREELISTS 1 FREELIST GROUPS 1
  BUFFER_POOL DEFAULT FLASH_CACHE DEFAULT CELL_FLASH_CACHE DEFAULT)
  TABLESPACE "SYSTEM" ;
--------------------------------------------------------
--  DDL for Index IX_BIEN_AGENCE_BIEN
--------------------------------------------------------

  CREATE INDEX "SYSTEM"."IX_BIEN_AGENCE_BIEN" ON "SYSTEM"."BIEN_AGENCE" ("ID_BIEN") 
  PCTFREE 10 INITRANS 2 MAXTRANS 255 COMPUTE STATISTICS 
  STORAGE(INITIAL 65536 NEXT 1048576 MINEXTENTS 1 MAXEXTENTS 2147483645
  PCTINCREASE 0 FREELISTS 1 FREELIST GROUPS 1
  BUFFER_POOL DEFAULT FLASH_CACHE DEFAULT CELL_FLASH_CACHE DEFAULT)
  TABLESPACE "SYSTEM" ;
--------------------------------------------------------
--  DDL for Index IX_USER_AGENCE_AGENCE_ID
--------------------------------------------------------

  CREATE INDEX "SYSTEM"."IX_USER_AGENCE_AGENCE_ID" ON "SYSTEM"."USER_AGENCE" ("AGENCE_ID") 
  PCTFREE 10 INITRANS 2 MAXTRANS 255 COMPUTE STATISTICS 
  STORAGE(INITIAL 65536 NEXT 1048576 MINEXTENTS 1 MAXEXTENTS 2147483645
  PCTINCREASE 0 FREELISTS 1 FREELIST GROUPS 1
  BUFFER_POOL DEFAULT FLASH_CACHE DEFAULT CELL_FLASH_CACHE DEFAULT)
  TABLESPACE "SYSTEM" ;
--------------------------------------------------------
--  DDL for Index IX_USER_FOURNITURE_FOURNITURE_ID
--------------------------------------------------------

  CREATE INDEX "SYSTEM"."IX_USER_FOURNITURE_FOURNITURE_ID" ON "SYSTEM"."USER_FOURNITURE" ("FOURNITURE_ID") 
  PCTFREE 10 INITRANS 2 MAXTRANS 255 COMPUTE STATISTICS 
  STORAGE(INITIAL 65536 NEXT 1048576 MINEXTENTS 1 MAXEXTENTS 2147483645
  PCTINCREASE 0 FREELISTS 1 FREELIST GROUPS 1
  BUFFER_POOL DEFAULT FLASH_CACHE DEFAULT CELL_FLASH_CACHE DEFAULT)
  TABLESPACE "SYSTEM" ;
--------------------------------------------------------
--  DDL for Index IX_USER_FOURNITURE_USER_ID
--------------------------------------------------------

  CREATE INDEX "SYSTEM"."IX_USER_FOURNITURE_USER_ID" ON "SYSTEM"."USER_FOURNITURE" ("USER_ID") 
  PCTFREE 10 INITRANS 2 MAXTRANS 255 COMPUTE STATISTICS 
  STORAGE(INITIAL 65536 NEXT 1048576 MINEXTENTS 1 MAXEXTENTS 2147483645
  PCTINCREASE 0 FREELISTS 1 FREELIST GROUPS 1
  BUFFER_POOL DEFAULT FLASH_CACHE DEFAULT CELL_FLASH_CACHE DEFAULT)
  TABLESPACE "SYSTEM" ;
--------------------------------------------------------
--  DDL for Index IX_USERS_EMAIL
--------------------------------------------------------

  CREATE UNIQUE INDEX "SYSTEM"."IX_USERS_EMAIL" ON "SYSTEM"."USERS" ("EMAIL") 
  PCTFREE 10 INITRANS 2 MAXTRANS 255 COMPUTE STATISTICS 
  STORAGE(INITIAL 65536 NEXT 1048576 MINEXTENTS 1 MAXEXTENTS 2147483645
  PCTINCREASE 0 FREELISTS 1 FREELIST GROUPS 1
  BUFFER_POOL DEFAULT FLASH_CACHE DEFAULT CELL_FLASH_CACHE DEFAULT)
  TABLESPACE "SYSTEM" ;
--------------------------------------------------------
--  DDL for Index MVIEW$_ADV_AJG_PK
--------------------------------------------------------

  CREATE UNIQUE INDEX "SYSTEM"."MVIEW$_ADV_AJG_PK" ON "SYSTEM"."MVIEW$_ADV_AJG" ("AJGID#") 
  PCTFREE 10 INITRANS 2 MAXTRANS 255 COMPUTE STATISTICS 
  STORAGE(INITIAL 65536 NEXT 1048576 MINEXTENTS 1 MAXEXTENTS 2147483645
  PCTINCREASE 0 FREELISTS 1 FREELIST GROUPS 1
  BUFFER_POOL DEFAULT FLASH_CACHE DEFAULT CELL_FLASH_CACHE DEFAULT)
  TABLESPACE "SYSTEM" ;
--------------------------------------------------------
--  DDL for Index MVIEW$_ADV_BASETABLE_IDX_01
--------------------------------------------------------

  CREATE INDEX "SYSTEM"."MVIEW$_ADV_BASETABLE_IDX_01" ON "SYSTEM"."MVIEW$_ADV_BASETABLE" ("QUERYID#") 
  PCTFREE 10 INITRANS 2 MAXTRANS 255 COMPUTE STATISTICS 
  STORAGE(INITIAL 65536 NEXT 1048576 MINEXTENTS 1 MAXEXTENTS 2147483645
  PCTINCREASE 0 FREELISTS 1 FREELIST GROUPS 1
  BUFFER_POOL DEFAULT FLASH_CACHE DEFAULT CELL_FLASH_CACHE DEFAULT)
  TABLESPACE "SYSTEM" ;
--------------------------------------------------------
--  DDL for Index MVIEW$_ADV_CLIQUE_PK
--------------------------------------------------------

  CREATE UNIQUE INDEX "SYSTEM"."MVIEW$_ADV_CLIQUE_PK" ON "SYSTEM"."MVIEW$_ADV_CLIQUE" ("CLIQUEID#") 
  PCTFREE 10 INITRANS 2 MAXTRANS 255 COMPUTE STATISTICS 
  STORAGE(INITIAL 65536 NEXT 1048576 MINEXTENTS 1 MAXEXTENTS 2147483645
  PCTINCREASE 0 FREELISTS 1 FREELIST GROUPS 1
  BUFFER_POOL DEFAULT FLASH_CACHE DEFAULT CELL_FLASH_CACHE DEFAULT)
  TABLESPACE "SYSTEM" ;
--------------------------------------------------------
--  DDL for Index MVIEW$_ADV_ELIGIBLE_PK
--------------------------------------------------------

  CREATE UNIQUE INDEX "SYSTEM"."MVIEW$_ADV_ELIGIBLE_PK" ON "SYSTEM"."MVIEW$_ADV_ELIGIBLE" ("SUMOBJN#", "RUNID#") 
  PCTFREE 10 INITRANS 2 MAXTRANS 255 COMPUTE STATISTICS 
  STORAGE(INITIAL 65536 NEXT 1048576 MINEXTENTS 1 MAXEXTENTS 2147483645
  PCTINCREASE 0 FREELISTS 1 FREELIST GROUPS 1
  BUFFER_POOL DEFAULT FLASH_CACHE DEFAULT CELL_FLASH_CACHE DEFAULT)
  TABLESPACE "SYSTEM" ;
--------------------------------------------------------
--  DDL for Index MVIEW$_ADV_FILTER_PK
--------------------------------------------------------

  CREATE UNIQUE INDEX "SYSTEM"."MVIEW$_ADV_FILTER_PK" ON "SYSTEM"."MVIEW$_ADV_FILTER" ("FILTERID#", "SUBFILTERNUM#") 
  PCTFREE 10 INITRANS 2 MAXTRANS 255 COMPUTE STATISTICS 
  STORAGE(INITIAL 65536 NEXT 1048576 MINEXTENTS 1 MAXEXTENTS 2147483645
  PCTINCREASE 0 FREELISTS 1 FREELIST GROUPS 1
  BUFFER_POOL DEFAULT FLASH_CACHE DEFAULT CELL_FLASH_CACHE DEFAULT)
  TABLESPACE "SYSTEM" ;
--------------------------------------------------------
--  DDL for Index MVIEW$_ADV_FJG_PK
--------------------------------------------------------

  CREATE UNIQUE INDEX "SYSTEM"."MVIEW$_ADV_FJG_PK" ON "SYSTEM"."MVIEW$_ADV_FJG" ("FJGID#") 
  PCTFREE 10 INITRANS 2 MAXTRANS 255 COMPUTE STATISTICS 
  STORAGE(INITIAL 65536 NEXT 1048576 MINEXTENTS 1 MAXEXTENTS 2147483645
  PCTINCREASE 0 FREELISTS 1 FREELIST GROUPS 1
  BUFFER_POOL DEFAULT FLASH_CACHE DEFAULT CELL_FLASH_CACHE DEFAULT)
  TABLESPACE "SYSTEM" ;
--------------------------------------------------------
--  DDL for Index MVIEW$_ADV_GC_PK
--------------------------------------------------------

  CREATE UNIQUE INDEX "SYSTEM"."MVIEW$_ADV_GC_PK" ON "SYSTEM"."MVIEW$_ADV_GC" ("GCID#") 
  PCTFREE 10 INITRANS 2 MAXTRANS 255 COMPUTE STATISTICS 
  STORAGE(INITIAL 65536 NEXT 1048576 MINEXTENTS 1 MAXEXTENTS 2147483645
  PCTINCREASE 0 FREELISTS 1 FREELIST GROUPS 1
  BUFFER_POOL DEFAULT FLASH_CACHE DEFAULT CELL_FLASH_CACHE DEFAULT)
  TABLESPACE "SYSTEM" ;
--------------------------------------------------------
--  DDL for Index MVIEW$_ADV_INFO_PK
--------------------------------------------------------

  CREATE UNIQUE INDEX "SYSTEM"."MVIEW$_ADV_INFO_PK" ON "SYSTEM"."MVIEW$_ADV_INFO" ("RUNID#", "SEQ#") 
  PCTFREE 10 INITRANS 2 MAXTRANS 255 COMPUTE STATISTICS 
  STORAGE(INITIAL 65536 NEXT 1048576 MINEXTENTS 1 MAXEXTENTS 2147483645
  PCTINCREASE 0 FREELISTS 1 FREELIST GROUPS 1
  BUFFER_POOL DEFAULT FLASH_CACHE DEFAULT CELL_FLASH_CACHE DEFAULT)
  TABLESPACE "SYSTEM" ;
--------------------------------------------------------
--  DDL for Index MVIEW$_ADV_JOURNAL_PK
--------------------------------------------------------

  CREATE UNIQUE INDEX "SYSTEM"."MVIEW$_ADV_JOURNAL_PK" ON "SYSTEM"."MVIEW$_ADV_JOURNAL" ("RUNID#", "SEQ#") 
  PCTFREE 10 INITRANS 2 MAXTRANS 255 COMPUTE STATISTICS 
  STORAGE(INITIAL 65536 NEXT 1048576 MINEXTENTS 1 MAXEXTENTS 2147483645
  PCTINCREASE 0 FREELISTS 1 FREELIST GROUPS 1
  BUFFER_POOL DEFAULT FLASH_CACHE DEFAULT CELL_FLASH_CACHE DEFAULT)
  TABLESPACE "SYSTEM" ;
--------------------------------------------------------
--  DDL for Index MVIEW$_ADV_LEVEL_PK
--------------------------------------------------------

  CREATE UNIQUE INDEX "SYSTEM"."MVIEW$_ADV_LEVEL_PK" ON "SYSTEM"."MVIEW$_ADV_LEVEL" ("RUNID#", "LEVELID#") 
  PCTFREE 10 INITRANS 2 MAXTRANS 255 COMPUTE STATISTICS 
  STORAGE(INITIAL 65536 NEXT 1048576 MINEXTENTS 1 MAXEXTENTS 2147483645
  PCTINCREASE 0 FREELISTS 1 FREELIST GROUPS 1
  BUFFER_POOL DEFAULT FLASH_CACHE DEFAULT CELL_FLASH_CACHE DEFAULT)
  TABLESPACE "SYSTEM" ;
--------------------------------------------------------
--  DDL for Index MVIEW$_ADV_LOG_PK
--------------------------------------------------------

  CREATE UNIQUE INDEX "SYSTEM"."MVIEW$_ADV_LOG_PK" ON "SYSTEM"."MVIEW$_ADV_LOG" ("RUNID#") 
  PCTFREE 10 INITRANS 2 MAXTRANS 255 COMPUTE STATISTICS 
  STORAGE(INITIAL 65536 NEXT 1048576 MINEXTENTS 1 MAXEXTENTS 2147483645
  PCTINCREASE 0 FREELISTS 1 FREELIST GROUPS 1
  BUFFER_POOL DEFAULT FLASH_CACHE DEFAULT CELL_FLASH_CACHE DEFAULT)
  TABLESPACE "SYSTEM" ;
--------------------------------------------------------
--  DDL for Index MVIEW$_ADV_OUTPUT_PK
--------------------------------------------------------

  CREATE UNIQUE INDEX "SYSTEM"."MVIEW$_ADV_OUTPUT_PK" ON "SYSTEM"."MVIEW$_ADV_OUTPUT" ("RUNID#", "RANK#") 
  PCTFREE 10 INITRANS 2 MAXTRANS 255 COMPUTE STATISTICS 
  STORAGE(INITIAL 65536 NEXT 1048576 MINEXTENTS 1 MAXEXTENTS 2147483645
  PCTINCREASE 0 FREELISTS 1 FREELIST GROUPS 1
  BUFFER_POOL DEFAULT FLASH_CACHE DEFAULT CELL_FLASH_CACHE DEFAULT)
  TABLESPACE "SYSTEM" ;
--------------------------------------------------------
--  DDL for Index MVIEW$_ADV_PARAMETERS_PK
--------------------------------------------------------

  CREATE UNIQUE INDEX "SYSTEM"."MVIEW$_ADV_PARAMETERS_PK" ON "SYSTEM"."MVIEW$_ADV_PARAMETERS" ("PARAMETER_NAME") 
  PCTFREE 10 INITRANS 2 MAXTRANS 255 COMPUTE STATISTICS 
  STORAGE(INITIAL 65536 NEXT 1048576 MINEXTENTS 1 MAXEXTENTS 2147483645
  PCTINCREASE 0 FREELISTS 1 FREELIST GROUPS 1
  BUFFER_POOL DEFAULT FLASH_CACHE DEFAULT CELL_FLASH_CACHE DEFAULT)
  TABLESPACE "SYSTEM" ;
--------------------------------------------------------
--  DDL for Index MVIEW$_ADV_PRETTY_IDX_01
--------------------------------------------------------

  CREATE INDEX "SYSTEM"."MVIEW$_ADV_PRETTY_IDX_01" ON "SYSTEM"."MVIEW$_ADV_PRETTY" ("QUERYID#") 
  PCTFREE 10 INITRANS 2 MAXTRANS 255 COMPUTE STATISTICS 
  STORAGE(INITIAL 65536 NEXT 1048576 MINEXTENTS 1 MAXEXTENTS 2147483645
  PCTINCREASE 0 FREELISTS 1 FREELIST GROUPS 1
  BUFFER_POOL DEFAULT FLASH_CACHE DEFAULT CELL_FLASH_CACHE DEFAULT)
  TABLESPACE "SYSTEM" ;
--------------------------------------------------------
--  DDL for Index MVIEW$_ADV_ROLLUP_PK
--------------------------------------------------------

  CREATE UNIQUE INDEX "SYSTEM"."MVIEW$_ADV_ROLLUP_PK" ON "SYSTEM"."MVIEW$_ADV_ROLLUP" ("RUNID#", "CLEVELID#", "PLEVELID#") 
  PCTFREE 10 INITRANS 2 MAXTRANS 255 COMPUTE STATISTICS 
  STORAGE(INITIAL 65536 NEXT 1048576 MINEXTENTS 1 MAXEXTENTS 2147483645
  PCTINCREASE 0 FREELISTS 1 FREELIST GROUPS 1
  BUFFER_POOL DEFAULT FLASH_CACHE DEFAULT CELL_FLASH_CACHE DEFAULT)
  TABLESPACE "SYSTEM" ;
--------------------------------------------------------
--  DDL for Index MVIEW$_ADV_SQLDEPEND_IDX_01
--------------------------------------------------------

  CREATE INDEX "SYSTEM"."MVIEW$_ADV_SQLDEPEND_IDX_01" ON "SYSTEM"."MVIEW$_ADV_SQLDEPEND" ("COLLECTIONID#", "FROM_ADDRESS", "FROM_HASH", "INST_ID") 
  PCTFREE 10 INITRANS 2 MAXTRANS 255 COMPUTE STATISTICS 
  STORAGE(INITIAL 65536 NEXT 1048576 MINEXTENTS 1 MAXEXTENTS 2147483645
  PCTINCREASE 0 FREELISTS 1 FREELIST GROUPS 1
  BUFFER_POOL DEFAULT FLASH_CACHE DEFAULT CELL_FLASH_CACHE DEFAULT)
  TABLESPACE "SYSTEM" ;
--------------------------------------------------------
--  DDL for Index MVIEW$_ADV_TEMP_IDX_01
--------------------------------------------------------

  CREATE INDEX "SYSTEM"."MVIEW$_ADV_TEMP_IDX_01" ON "SYSTEM"."MVIEW$_ADV_TEMP" ("ID#", "SEQ#") 
  PCTFREE 10 INITRANS 2 MAXTRANS 255 COMPUTE STATISTICS 
  STORAGE(INITIAL 65536 NEXT 1048576 MINEXTENTS 1 MAXEXTENTS 2147483645
  PCTINCREASE 0 FREELISTS 1 FREELIST GROUPS 1
  BUFFER_POOL DEFAULT FLASH_CACHE DEFAULT CELL_FLASH_CACHE DEFAULT)
  TABLESPACE "SYSTEM" ;
--------------------------------------------------------
--  DDL for Index MVIEW$_ADV_WORKLOAD_IDX_01
--------------------------------------------------------

  CREATE INDEX "SYSTEM"."MVIEW$_ADV_WORKLOAD_IDX_01" ON "SYSTEM"."MVIEW$_ADV_WORKLOAD" ("COLLECTIONID#", "QUERYID#") 
  PCTFREE 10 INITRANS 2 MAXTRANS 255 COMPUTE STATISTICS 
  STORAGE(INITIAL 65536 NEXT 1048576 MINEXTENTS 1 MAXEXTENTS 2147483645
  PCTINCREASE 0 FREELISTS 1 FREELIST GROUPS 1
  BUFFER_POOL DEFAULT FLASH_CACHE DEFAULT CELL_FLASH_CACHE DEFAULT)
  TABLESPACE "SYSTEM" ;
--------------------------------------------------------
--  DDL for Index MVIEW$_ADV_WORKLOAD_PK
--------------------------------------------------------

  CREATE UNIQUE INDEX "SYSTEM"."MVIEW$_ADV_WORKLOAD_PK" ON "SYSTEM"."MVIEW$_ADV_WORKLOAD" ("QUERYID#") 
  PCTFREE 10 INITRANS 2 MAXTRANS 255 COMPUTE STATISTICS 
  STORAGE(INITIAL 65536 NEXT 1048576 MINEXTENTS 1 MAXEXTENTS 2147483645
  PCTINCREASE 0 FREELISTS 1 FREELIST GROUPS 1
  BUFFER_POOL DEFAULT FLASH_CACHE DEFAULT CELL_FLASH_CACHE DEFAULT)
  TABLESPACE "SYSTEM" ;
--------------------------------------------------------
--  DDL for Index OL$HNT_NUM
--------------------------------------------------------

  CREATE UNIQUE INDEX "SYSTEM"."OL$HNT_NUM" ON "SYSTEM"."OL$HINTS" ("OL_NAME", "HINT#") ;
--------------------------------------------------------
--  DDL for Index OL$NAME
--------------------------------------------------------

  CREATE UNIQUE INDEX "SYSTEM"."OL$NAME" ON "SYSTEM"."OL$" ("OL_NAME") ;
--------------------------------------------------------
--  DDL for Index OL$SIGNATURE
--------------------------------------------------------

  CREATE UNIQUE INDEX "SYSTEM"."OL$SIGNATURE" ON "SYSTEM"."OL$" ("SIGNATURE", "CATEGORY") ;
--------------------------------------------------------
--  DDL for Index PK_AGENCE_FOURNITURE
--------------------------------------------------------

  CREATE UNIQUE INDEX "SYSTEM"."PK_AGENCE_FOURNITURE" ON "SYSTEM"."AGENCE_FOURNITURE" ("ID") 
  PCTFREE 10 INITRANS 2 MAXTRANS 255 COMPUTE STATISTICS 
  STORAGE(INITIAL 65536 NEXT 1048576 MINEXTENTS 1 MAXEXTENTS 2147483645
  PCTINCREASE 0 FREELISTS 1 FREELIST GROUPS 1
  BUFFER_POOL DEFAULT FLASH_CACHE DEFAULT CELL_FLASH_CACHE DEFAULT)
  TABLESPACE "SYSTEM" ;
--------------------------------------------------------
--  DDL for Index PK_AGENCES
--------------------------------------------------------

  CREATE UNIQUE INDEX "SYSTEM"."PK_AGENCES" ON "SYSTEM"."AGENCES" ("ID") 
  PCTFREE 10 INITRANS 2 MAXTRANS 255 COMPUTE STATISTICS 
  STORAGE(INITIAL 65536 NEXT 1048576 MINEXTENTS 1 MAXEXTENTS 2147483645
  PCTINCREASE 0 FREELISTS 1 FREELIST GROUPS 1
  BUFFER_POOL DEFAULT FLASH_CACHE DEFAULT CELL_FLASH_CACHE DEFAULT)
  TABLESPACE "SYSTEM" ;
--------------------------------------------------------
--  DDL for Index PK_AMORTISSEMENTS
--------------------------------------------------------

  CREATE UNIQUE INDEX "SYSTEM"."PK_AMORTISSEMENTS" ON "SYSTEM"."AMORTISSEMENTS" ("ID_AMORTISSEMENT") 
  PCTFREE 10 INITRANS 2 MAXTRANS 255 COMPUTE STATISTICS 
  STORAGE(INITIAL 65536 NEXT 1048576 MINEXTENTS 1 MAXEXTENTS 2147483645
  PCTINCREASE 0 FREELISTS 1 FREELIST GROUPS 1
  BUFFER_POOL DEFAULT FLASH_CACHE DEFAULT CELL_FLASH_CACHE DEFAULT)
  TABLESPACE "SYSTEM" ;
--------------------------------------------------------
--  DDL for Index PK_BIEN_AGENCE
--------------------------------------------------------

  CREATE UNIQUE INDEX "SYSTEM"."PK_BIEN_AGENCE" ON "SYSTEM"."BIEN_AGENCE" ("ID_BIEN", "ID_AGENCE", "DATE_AFFECTATION") 
  PCTFREE 10 INITRANS 2 MAXTRANS 255 COMPUTE STATISTICS 
  STORAGE(INITIAL 65536 NEXT 1048576 MINEXTENTS 1 MAXEXTENTS 2147483645
  PCTINCREASE 0 FREELISTS 1 FREELIST GROUPS 1
  BUFFER_POOL DEFAULT FLASH_CACHE DEFAULT CELL_FLASH_CACHE DEFAULT)
  TABLESPACE "SYSTEM" ;
--------------------------------------------------------
--  DDL for Index PK_CATEGORIES
--------------------------------------------------------

  CREATE UNIQUE INDEX "SYSTEM"."PK_CATEGORIES" ON "SYSTEM"."CATEGORIES" ("ID_CATEGORIE") 
  PCTFREE 10 INITRANS 2 MAXTRANS 255 COMPUTE STATISTICS 
  STORAGE(INITIAL 65536 NEXT 1048576 MINEXTENTS 1 MAXEXTENTS 2147483645
  PCTINCREASE 0 FREELISTS 1 FREELIST GROUPS 1
  BUFFER_POOL DEFAULT FLASH_CACHE DEFAULT CELL_FLASH_CACHE DEFAULT)
  TABLESPACE "SYSTEM" ;
--------------------------------------------------------
--  DDL for Index PK_ENTREE_FOURNITURES
--------------------------------------------------------

  CREATE UNIQUE INDEX "SYSTEM"."PK_ENTREE_FOURNITURES" ON "SYSTEM"."ENTREE_FOURNITURES" ("ID") 
  PCTFREE 10 INITRANS 2 MAXTRANS 255 COMPUTE STATISTICS 
  STORAGE(INITIAL 65536 NEXT 1048576 MINEXTENTS 1 MAXEXTENTS 2147483645
  PCTINCREASE 0 FREELISTS 1 FREELIST GROUPS 1
  BUFFER_POOL DEFAULT FLASH_CACHE DEFAULT CELL_FLASH_CACHE DEFAULT)
  TABLESPACE "SYSTEM" ;
--------------------------------------------------------
--  DDL for Index PK_FOURNITURES
--------------------------------------------------------

  CREATE UNIQUE INDEX "SYSTEM"."PK_FOURNITURES" ON "SYSTEM"."FOURNITURES" ("ID") 
  PCTFREE 10 INITRANS 2 MAXTRANS 255 COMPUTE STATISTICS 
  STORAGE(INITIAL 65536 NEXT 1048576 MINEXTENTS 1 MAXEXTENTS 2147483645
  PCTINCREASE 0 FREELISTS 1 FREELIST GROUPS 1
  BUFFER_POOL DEFAULT FLASH_CACHE DEFAULT CELL_FLASH_CACHE DEFAULT)
  TABLESPACE "SYSTEM" ;
--------------------------------------------------------
--  DDL for Index PK_IMMOBILISATIONS
--------------------------------------------------------

  CREATE UNIQUE INDEX "SYSTEM"."PK_IMMOBILISATIONS" ON "SYSTEM"."IMMOBILISATIONS" ("ID_BIEN") 
  PCTFREE 10 INITRANS 2 MAXTRANS 255 COMPUTE STATISTICS 
  STORAGE(INITIAL 65536 NEXT 1048576 MINEXTENTS 1 MAXEXTENTS 2147483645
  PCTINCREASE 0 FREELISTS 1 FREELIST GROUPS 1
  BUFFER_POOL DEFAULT FLASH_CACHE DEFAULT CELL_FLASH_CACHE DEFAULT)
  TABLESPACE "SYSTEM" ;
--------------------------------------------------------
--  DDL for Index PK_LOCALISATIONS
--------------------------------------------------------

  CREATE UNIQUE INDEX "SYSTEM"."PK_LOCALISATIONS" ON "SYSTEM"."LOCALISATIONS" ("ID") 
  PCTFREE 10 INITRANS 2 MAXTRANS 255 
  STORAGE(INITIAL 65536 NEXT 1048576 MINEXTENTS 1 MAXEXTENTS 2147483645
  PCTINCREASE 0 FREELISTS 1 FREELIST GROUPS 1
  BUFFER_POOL DEFAULT FLASH_CACHE DEFAULT CELL_FLASH_CACHE DEFAULT)
  TABLESPACE "SYSTEM" ;
--------------------------------------------------------
--  DDL for Index PK_NOTIFICATIONS
--------------------------------------------------------

  CREATE UNIQUE INDEX "SYSTEM"."PK_NOTIFICATIONS" ON "SYSTEM"."NOTIFICATIONS" ("ID") 
  PCTFREE 10 INITRANS 2 MAXTRANS 255 COMPUTE STATISTICS 
  STORAGE(INITIAL 65536 NEXT 1048576 MINEXTENTS 1 MAXEXTENTS 2147483645
  PCTINCREASE 0 FREELISTS 1 FREELIST GROUPS 1
  BUFFER_POOL DEFAULT FLASH_CACHE DEFAULT CELL_FLASH_CACHE DEFAULT)
  TABLESPACE "SYSTEM" ;
--------------------------------------------------------
--  DDL for Index PK_USER_AGENCE
--------------------------------------------------------

  CREATE UNIQUE INDEX "SYSTEM"."PK_USER_AGENCE" ON "SYSTEM"."USER_AGENCE" ("ID") 
  PCTFREE 10 INITRANS 2 MAXTRANS 255 COMPUTE STATISTICS 
  STORAGE(INITIAL 65536 NEXT 1048576 MINEXTENTS 1 MAXEXTENTS 2147483645
  PCTINCREASE 0 FREELISTS 1 FREELIST GROUPS 1
  BUFFER_POOL DEFAULT FLASH_CACHE DEFAULT CELL_FLASH_CACHE DEFAULT)
  TABLESPACE "SYSTEM" ;
--------------------------------------------------------
--  DDL for Index PK_USER_FOURNITURE
--------------------------------------------------------

  CREATE UNIQUE INDEX "SYSTEM"."PK_USER_FOURNITURE" ON "SYSTEM"."USER_FOURNITURE" ("ID") 
  PCTFREE 10 INITRANS 2 MAXTRANS 255 COMPUTE STATISTICS 
  STORAGE(INITIAL 65536 NEXT 1048576 MINEXTENTS 1 MAXEXTENTS 2147483645
  PCTINCREASE 0 FREELISTS 1 FREELIST GROUPS 1
  BUFFER_POOL DEFAULT FLASH_CACHE DEFAULT CELL_FLASH_CACHE DEFAULT)
  TABLESPACE "SYSTEM" ;
--------------------------------------------------------
--  DDL for Index PK_USERS
--------------------------------------------------------

  CREATE UNIQUE INDEX "SYSTEM"."PK_USERS" ON "SYSTEM"."USERS" ("ID") 
  PCTFREE 10 INITRANS 2 MAXTRANS 255 COMPUTE STATISTICS 
  STORAGE(INITIAL 65536 NEXT 1048576 MINEXTENTS 1 MAXEXTENTS 2147483645
  PCTINCREASE 0 FREELISTS 1 FREELIST GROUPS 1
  BUFFER_POOL DEFAULT FLASH_CACHE DEFAULT CELL_FLASH_CACHE DEFAULT)
  TABLESPACE "SYSTEM" ;
--------------------------------------------------------
--  DDL for Index REDO_DB_IDX
--------------------------------------------------------

  CREATE INDEX "SYSTEM"."REDO_DB_IDX" ON "SYSTEM"."REDO_DB" ("TENANT_KEY", "DBID", "THREAD#", "RESETLOGS_SCN", "RESETLOGS_TIME") 
  PCTFREE 10 INITRANS 2 MAXTRANS 255 COMPUTE STATISTICS 
  STORAGE(INITIAL 65536 NEXT 1048576 MINEXTENTS 1 MAXEXTENTS 2147483645
  PCTINCREASE 0 FREELISTS 1 FREELIST GROUPS 1
  BUFFER_POOL DEFAULT FLASH_CACHE DEFAULT CELL_FLASH_CACHE DEFAULT)
  TABLESPACE "SYSAUX" ;
--------------------------------------------------------
--  DDL for Index REDO_LOG_IDX
--------------------------------------------------------

  CREATE INDEX "SYSTEM"."REDO_LOG_IDX" ON "SYSTEM"."REDO_LOG" ("TENANT_KEY", "DBID", "THREAD#", "RESETLOGS_SCN", "RESETLOGS_TIME") 
  PCTFREE 10 INITRANS 2 MAXTRANS 255 COMPUTE STATISTICS 
  STORAGE(INITIAL 65536 NEXT 1048576 MINEXTENTS 1 MAXEXTENTS 2147483645
  PCTINCREASE 0 FREELISTS 1 FREELIST GROUPS 1
  BUFFER_POOL DEFAULT FLASH_CACHE DEFAULT CELL_FLASH_CACHE DEFAULT)
  TABLESPACE "SYSAUX" ;
--------------------------------------------------------
--  DDL for Index SYS_IL0000011006C00021$$
--------------------------------------------------------

  CREATE UNIQUE INDEX "SYSTEM"."SYS_IL0000011006C00021$$" ON "SYSTEM"."OL$HINTS" ;
--------------------------------------------------------
--  DDL for Index SYS_IL0000017017C00008$$
--------------------------------------------------------

  CREATE UNIQUE INDEX "SYSTEM"."SYS_IL0000017017C00008$$" ON "SYSTEM"."SCHEDULER_PROGRAM_ARGS_TBL" 
  PCTFREE 10 INITRANS 2 MAXTRANS 255 
  STORAGE(INITIAL 65536 NEXT 1048576 MINEXTENTS 1 MAXEXTENTS 2147483645
  PCTINCREASE 0 FREELISTS 1 FREELIST GROUPS 1
  BUFFER_POOL DEFAULT FLASH_CACHE DEFAULT CELL_FLASH_CACHE DEFAULT)
  TABLESPACE "SYSTEM" 
  PARALLEL (DEGREE 0 INSTANCES 0) ;
--------------------------------------------------------
--  DDL for Index SYS_IL0000017020C00007$$
--------------------------------------------------------

  CREATE UNIQUE INDEX "SYSTEM"."SYS_IL0000017020C00007$$" ON "SYSTEM"."SCHEDULER_JOB_ARGS_TBL" 
  PCTFREE 10 INITRANS 2 MAXTRANS 255 
  STORAGE(INITIAL 65536 NEXT 1048576 MINEXTENTS 1 MAXEXTENTS 2147483645
  PCTINCREASE 0 FREELISTS 1 FREELIST GROUPS 1
  BUFFER_POOL DEFAULT FLASH_CACHE DEFAULT CELL_FLASH_CACHE DEFAULT)
  TABLESPACE "SYSTEM" 
  PARALLEL (DEGREE 0 INSTANCES 0) ;
--------------------------------------------------------
--  DDL for Index UC_BIEN_ANNEE
--------------------------------------------------------

  CREATE UNIQUE INDEX "SYSTEM"."UC_BIEN_ANNEE" ON "SYSTEM"."AMORTISSEMENTS" ("ID_BIEN", "ANNEE") 
  PCTFREE 10 INITRANS 2 MAXTRANS 255 COMPUTE STATISTICS 
  STORAGE(INITIAL 65536 NEXT 1048576 MINEXTENTS 1 MAXEXTENTS 2147483645
  PCTINCREASE 0 FREELISTS 1 FREELIST GROUPS 1
  BUFFER_POOL DEFAULT FLASH_CACHE DEFAULT CELL_FLASH_CACHE DEFAULT)
  TABLESPACE "SYSTEM" ;
--------------------------------------------------------
--  DDL for Index UK_BIEN_AGENCE
--------------------------------------------------------

  CREATE UNIQUE INDEX "SYSTEM"."UK_BIEN_AGENCE" ON "SYSTEM"."BIEN_AGENCE" ("ID_BIEN", "ID_AGENCE", "FONCTION") 
  PCTFREE 10 INITRANS 2 MAXTRANS 255 COMPUTE STATISTICS 
  STORAGE(INITIAL 65536 NEXT 1048576 MINEXTENTS 1 MAXEXTENTS 2147483645
  PCTINCREASE 0 FREELISTS 1 FREELIST GROUPS 1
  BUFFER_POOL DEFAULT FLASH_CACHE DEFAULT CELL_FLASH_CACHE DEFAULT)
  TABLESPACE "SYSTEM" ;
--------------------------------------------------------
--  DDL for Index UQ_USER_AGENCE_USER_ID
--------------------------------------------------------

  CREATE UNIQUE INDEX "SYSTEM"."UQ_USER_AGENCE_USER_ID" ON "SYSTEM"."USER_AGENCE" ("USER_ID") 
  PCTFREE 10 INITRANS 2 MAXTRANS 255 COMPUTE STATISTICS 
  STORAGE(INITIAL 65536 NEXT 1048576 MINEXTENTS 1 MAXEXTENTS 2147483645
  PCTINCREASE 0 FREELISTS 1 FREELIST GROUPS 1
  BUFFER_POOL DEFAULT FLASH_CACHE DEFAULT CELL_FLASH_CACHE DEFAULT)
  TABLESPACE "SYSTEM" ;
--------------------------------------------------------
--  DDL for Index PK_AGENCE_FOURNITURE
--------------------------------------------------------

  CREATE UNIQUE INDEX "SYSTEM"."PK_AGENCE_FOURNITURE" ON "SYSTEM"."AGENCE_FOURNITURE" ("ID") 
  PCTFREE 10 INITRANS 2 MAXTRANS 255 COMPUTE STATISTICS 
  STORAGE(INITIAL 65536 NEXT 1048576 MINEXTENTS 1 MAXEXTENTS 2147483645
  PCTINCREASE 0 FREELISTS 1 FREELIST GROUPS 1
  BUFFER_POOL DEFAULT FLASH_CACHE DEFAULT CELL_FLASH_CACHE DEFAULT)
  TABLESPACE "SYSTEM" ;
--------------------------------------------------------
--  DDL for Index IX_AGENCE_FOURNITURE_FOURNITURE_ID
--------------------------------------------------------

  CREATE INDEX "SYSTEM"."IX_AGENCE_FOURNITURE_FOURNITURE_ID" ON "SYSTEM"."AGENCE_FOURNITURE" ("FOURNITURE_ID") 
  PCTFREE 10 INITRANS 2 MAXTRANS 255 COMPUTE STATISTICS 
  STORAGE(INITIAL 65536 NEXT 1048576 MINEXTENTS 1 MAXEXTENTS 2147483645
  PCTINCREASE 0 FREELISTS 1 FREELIST GROUPS 1
  BUFFER_POOL DEFAULT FLASH_CACHE DEFAULT CELL_FLASH_CACHE DEFAULT)
  TABLESPACE "SYSTEM" ;
--------------------------------------------------------
--  DDL for Index PK_AGENCES
--------------------------------------------------------

  CREATE UNIQUE INDEX "SYSTEM"."PK_AGENCES" ON "SYSTEM"."AGENCES" ("ID") 
  PCTFREE 10 INITRANS 2 MAXTRANS 255 COMPUTE STATISTICS 
  STORAGE(INITIAL 65536 NEXT 1048576 MINEXTENTS 1 MAXEXTENTS 2147483645
  PCTINCREASE 0 FREELISTS 1 FREELIST GROUPS 1
  BUFFER_POOL DEFAULT FLASH_CACHE DEFAULT CELL_FLASH_CACHE DEFAULT)
  TABLESPACE "SYSTEM" ;
--------------------------------------------------------
--  DDL for Index IX_AGENCES_NUMERO
--------------------------------------------------------

  CREATE UNIQUE INDEX "SYSTEM"."IX_AGENCES_NUMERO" ON "SYSTEM"."AGENCES" ("NUMERO") 
  PCTFREE 10 INITRANS 2 MAXTRANS 255 COMPUTE STATISTICS 
  STORAGE(INITIAL 65536 NEXT 1048576 MINEXTENTS 1 MAXEXTENTS 2147483645
  PCTINCREASE 0 FREELISTS 1 FREELIST GROUPS 1
  BUFFER_POOL DEFAULT FLASH_CACHE DEFAULT CELL_FLASH_CACHE DEFAULT)
  TABLESPACE "SYSTEM" ;
--------------------------------------------------------
--  DDL for Index UC_BIEN_ANNEE
--------------------------------------------------------

  CREATE UNIQUE INDEX "SYSTEM"."UC_BIEN_ANNEE" ON "SYSTEM"."AMORTISSEMENTS" ("ID_BIEN", "ANNEE") 
  PCTFREE 10 INITRANS 2 MAXTRANS 255 COMPUTE STATISTICS 
  STORAGE(INITIAL 65536 NEXT 1048576 MINEXTENTS 1 MAXEXTENTS 2147483645
  PCTINCREASE 0 FREELISTS 1 FREELIST GROUPS 1
  BUFFER_POOL DEFAULT FLASH_CACHE DEFAULT CELL_FLASH_CACHE DEFAULT)
  TABLESPACE "SYSTEM" ;
--------------------------------------------------------
--  DDL for Index PK_AMORTISSEMENTS
--------------------------------------------------------

  CREATE UNIQUE INDEX "SYSTEM"."PK_AMORTISSEMENTS" ON "SYSTEM"."AMORTISSEMENTS" ("ID_AMORTISSEMENT") 
  PCTFREE 10 INITRANS 2 MAXTRANS 255 COMPUTE STATISTICS 
  STORAGE(INITIAL 65536 NEXT 1048576 MINEXTENTS 1 MAXEXTENTS 2147483645
  PCTINCREASE 0 FREELISTS 1 FREELIST GROUPS 1
  BUFFER_POOL DEFAULT FLASH_CACHE DEFAULT CELL_FLASH_CACHE DEFAULT)
  TABLESPACE "SYSTEM" ;
--------------------------------------------------------
--  DDL for Index AQ$_SCHEDULES_PRIMARY
--------------------------------------------------------

  CREATE UNIQUE INDEX "SYSTEM"."AQ$_SCHEDULES_PRIMARY" ON "SYSTEM"."AQ$_SCHEDULES" ("OID", "DESTINATION") 
  PCTFREE 10 INITRANS 2 MAXTRANS 255 COMPUTE STATISTICS 
  STORAGE(INITIAL 65536 NEXT 1048576 MINEXTENTS 1 MAXEXTENTS 2147483645
  PCTINCREASE 0 FREELISTS 1 FREELIST GROUPS 1
  BUFFER_POOL DEFAULT FLASH_CACHE DEFAULT CELL_FLASH_CACHE DEFAULT)
  TABLESPACE "SYSTEM" ;
--------------------------------------------------------
--  DDL for Index AQ$_SCHEDULES_CHECK
--------------------------------------------------------

  CREATE UNIQUE INDEX "SYSTEM"."AQ$_SCHEDULES_CHECK" ON "SYSTEM"."AQ$_SCHEDULES" ("JOBNO") 
  PCTFREE 10 INITRANS 2 MAXTRANS 255 COMPUTE STATISTICS 
  STORAGE(INITIAL 65536 NEXT 1048576 MINEXTENTS 1 MAXEXTENTS 2147483645
  PCTINCREASE 0 FREELISTS 1 FREELIST GROUPS 1
  BUFFER_POOL DEFAULT FLASH_CACHE DEFAULT CELL_FLASH_CACHE DEFAULT)
  TABLESPACE "SYSTEM" ;
--------------------------------------------------------
--  DDL for Index IX_BIEN_AGENCE_AGENCE
--------------------------------------------------------

  CREATE INDEX "SYSTEM"."IX_BIEN_AGENCE_AGENCE" ON "SYSTEM"."BIEN_AGENCE" ("ID_AGENCE") 
  PCTFREE 10 INITRANS 2 MAXTRANS 255 COMPUTE STATISTICS 
  STORAGE(INITIAL 65536 NEXT 1048576 MINEXTENTS 1 MAXEXTENTS 2147483645
  PCTINCREASE 0 FREELISTS 1 FREELIST GROUPS 1
  BUFFER_POOL DEFAULT FLASH_CACHE DEFAULT CELL_FLASH_CACHE DEFAULT)
  TABLESPACE "SYSTEM" ;
--------------------------------------------------------
--  DDL for Index IX_BIEN_AGENCE_BIEN
--------------------------------------------------------

  CREATE INDEX "SYSTEM"."IX_BIEN_AGENCE_BIEN" ON "SYSTEM"."BIEN_AGENCE" ("ID_BIEN") 
  PCTFREE 10 INITRANS 2 MAXTRANS 255 COMPUTE STATISTICS 
  STORAGE(INITIAL 65536 NEXT 1048576 MINEXTENTS 1 MAXEXTENTS 2147483645
  PCTINCREASE 0 FREELISTS 1 FREELIST GROUPS 1
  BUFFER_POOL DEFAULT FLASH_CACHE DEFAULT CELL_FLASH_CACHE DEFAULT)
  TABLESPACE "SYSTEM" ;
--------------------------------------------------------
--  DDL for Index UK_BIEN_AGENCE
--------------------------------------------------------

  CREATE UNIQUE INDEX "SYSTEM"."UK_BIEN_AGENCE" ON "SYSTEM"."BIEN_AGENCE" ("ID_BIEN", "ID_AGENCE", "FONCTION") 
  PCTFREE 10 INITRANS 2 MAXTRANS 255 COMPUTE STATISTICS 
  STORAGE(INITIAL 65536 NEXT 1048576 MINEXTENTS 1 MAXEXTENTS 2147483645
  PCTINCREASE 0 FREELISTS 1 FREELIST GROUPS 1
  BUFFER_POOL DEFAULT FLASH_CACHE DEFAULT CELL_FLASH_CACHE DEFAULT)
  TABLESPACE "SYSTEM" ;
--------------------------------------------------------
--  DDL for Index PK_BIEN_AGENCE
--------------------------------------------------------

  CREATE UNIQUE INDEX "SYSTEM"."PK_BIEN_AGENCE" ON "SYSTEM"."BIEN_AGENCE" ("ID_BIEN", "ID_AGENCE", "DATE_AFFECTATION") 
  PCTFREE 10 INITRANS 2 MAXTRANS 255 COMPUTE STATISTICS 
  STORAGE(INITIAL 65536 NEXT 1048576 MINEXTENTS 1 MAXEXTENTS 2147483645
  PCTINCREASE 0 FREELISTS 1 FREELIST GROUPS 1
  BUFFER_POOL DEFAULT FLASH_CACHE DEFAULT CELL_FLASH_CACHE DEFAULT)
  TABLESPACE "SYSTEM" ;
--------------------------------------------------------
--  DDL for Index PK_CATEGORIES
--------------------------------------------------------

  CREATE UNIQUE INDEX "SYSTEM"."PK_CATEGORIES" ON "SYSTEM"."CATEGORIES" ("ID_CATEGORIE") 
  PCTFREE 10 INITRANS 2 MAXTRANS 255 COMPUTE STATISTICS 
  STORAGE(INITIAL 65536 NEXT 1048576 MINEXTENTS 1 MAXEXTENTS 2147483645
  PCTINCREASE 0 FREELISTS 1 FREELIST GROUPS 1
  BUFFER_POOL DEFAULT FLASH_CACHE DEFAULT CELL_FLASH_CACHE DEFAULT)
  TABLESPACE "SYSTEM" ;
--------------------------------------------------------
--  DDL for Index PK_ENTREE_FOURNITURES
--------------------------------------------------------

  CREATE UNIQUE INDEX "SYSTEM"."PK_ENTREE_FOURNITURES" ON "SYSTEM"."ENTREE_FOURNITURES" ("ID") 
  PCTFREE 10 INITRANS 2 MAXTRANS 255 COMPUTE STATISTICS 
  STORAGE(INITIAL 65536 NEXT 1048576 MINEXTENTS 1 MAXEXTENTS 2147483645
  PCTINCREASE 0 FREELISTS 1 FREELIST GROUPS 1
  BUFFER_POOL DEFAULT FLASH_CACHE DEFAULT CELL_FLASH_CACHE DEFAULT)
  TABLESPACE "SYSTEM" ;
--------------------------------------------------------
--  DDL for Index PK_FOURNITURES
--------------------------------------------------------

  CREATE UNIQUE INDEX "SYSTEM"."PK_FOURNITURES" ON "SYSTEM"."FOURNITURES" ("ID") 
  PCTFREE 10 INITRANS 2 MAXTRANS 255 COMPUTE STATISTICS 
  STORAGE(INITIAL 65536 NEXT 1048576 MINEXTENTS 1 MAXEXTENTS 2147483645
  PCTINCREASE 0 FREELISTS 1 FREELIST GROUPS 1
  BUFFER_POOL DEFAULT FLASH_CACHE DEFAULT CELL_FLASH_CACHE DEFAULT)
  TABLESPACE "SYSTEM" ;
--------------------------------------------------------
--  DDL for Index HELP_TOPIC_SEQ
--------------------------------------------------------

  CREATE UNIQUE INDEX "SYSTEM"."HELP_TOPIC_SEQ" ON "SYSTEM"."HELP" ("TOPIC", "SEQ") 
  PCTFREE 10 INITRANS 2 MAXTRANS 255 COMPUTE STATISTICS 
  STORAGE(INITIAL 16384 NEXT 1048576 MINEXTENTS 1 MAXEXTENTS 2147483645
  PCTINCREASE 0 FREELISTS 1 FREELIST GROUPS 1
  BUFFER_POOL DEFAULT FLASH_CACHE DEFAULT CELL_FLASH_CACHE DEFAULT)
  TABLESPACE "SYSTEM" ;
--------------------------------------------------------
--  DDL for Index PK_IMMOBILISATIONS
--------------------------------------------------------

  CREATE UNIQUE INDEX "SYSTEM"."PK_IMMOBILISATIONS" ON "SYSTEM"."IMMOBILISATIONS" ("ID_BIEN") 
  PCTFREE 10 INITRANS 2 MAXTRANS 255 COMPUTE STATISTICS 
  STORAGE(INITIAL 65536 NEXT 1048576 MINEXTENTS 1 MAXEXTENTS 2147483645
  PCTINCREASE 0 FREELISTS 1 FREELIST GROUPS 1
  BUFFER_POOL DEFAULT FLASH_CACHE DEFAULT CELL_FLASH_CACHE DEFAULT)
  TABLESPACE "SYSTEM" ;
--------------------------------------------------------
--  DDL for Index PK_LOCALISATIONS
--------------------------------------------------------

  CREATE UNIQUE INDEX "SYSTEM"."PK_LOCALISATIONS" ON "SYSTEM"."LOCALISATIONS" ("ID") 
  PCTFREE 10 INITRANS 2 MAXTRANS 255 
  STORAGE(INITIAL 65536 NEXT 1048576 MINEXTENTS 1 MAXEXTENTS 2147483645
  PCTINCREASE 0 FREELISTS 1 FREELIST GROUPS 1
  BUFFER_POOL DEFAULT FLASH_CACHE DEFAULT CELL_FLASH_CACHE DEFAULT)
  TABLESPACE "SYSTEM" ;
--------------------------------------------------------
--  DDL for Index MVIEW$_ADV_AJG_PK
--------------------------------------------------------

  CREATE UNIQUE INDEX "SYSTEM"."MVIEW$_ADV_AJG_PK" ON "SYSTEM"."MVIEW$_ADV_AJG" ("AJGID#") 
  PCTFREE 10 INITRANS 2 MAXTRANS 255 COMPUTE STATISTICS 
  STORAGE(INITIAL 65536 NEXT 1048576 MINEXTENTS 1 MAXEXTENTS 2147483645
  PCTINCREASE 0 FREELISTS 1 FREELIST GROUPS 1
  BUFFER_POOL DEFAULT FLASH_CACHE DEFAULT CELL_FLASH_CACHE DEFAULT)
  TABLESPACE "SYSTEM" ;
--------------------------------------------------------
--  DDL for Index MVIEW$_ADV_BASETABLE_IDX_01
--------------------------------------------------------

  CREATE INDEX "SYSTEM"."MVIEW$_ADV_BASETABLE_IDX_01" ON "SYSTEM"."MVIEW$_ADV_BASETABLE" ("QUERYID#") 
  PCTFREE 10 INITRANS 2 MAXTRANS 255 COMPUTE STATISTICS 
  STORAGE(INITIAL 65536 NEXT 1048576 MINEXTENTS 1 MAXEXTENTS 2147483645
  PCTINCREASE 0 FREELISTS 1 FREELIST GROUPS 1
  BUFFER_POOL DEFAULT FLASH_CACHE DEFAULT CELL_FLASH_CACHE DEFAULT)
  TABLESPACE "SYSTEM" ;
--------------------------------------------------------
--  DDL for Index MVIEW$_ADV_CLIQUE_PK
--------------------------------------------------------

  CREATE UNIQUE INDEX "SYSTEM"."MVIEW$_ADV_CLIQUE_PK" ON "SYSTEM"."MVIEW$_ADV_CLIQUE" ("CLIQUEID#") 
  PCTFREE 10 INITRANS 2 MAXTRANS 255 COMPUTE STATISTICS 
  STORAGE(INITIAL 65536 NEXT 1048576 MINEXTENTS 1 MAXEXTENTS 2147483645
  PCTINCREASE 0 FREELISTS 1 FREELIST GROUPS 1
  BUFFER_POOL DEFAULT FLASH_CACHE DEFAULT CELL_FLASH_CACHE DEFAULT)
  TABLESPACE "SYSTEM" ;
--------------------------------------------------------
--  DDL for Index MVIEW$_ADV_ELIGIBLE_PK
--------------------------------------------------------

  CREATE UNIQUE INDEX "SYSTEM"."MVIEW$_ADV_ELIGIBLE_PK" ON "SYSTEM"."MVIEW$_ADV_ELIGIBLE" ("SUMOBJN#", "RUNID#") 
  PCTFREE 10 INITRANS 2 MAXTRANS 255 COMPUTE STATISTICS 
  STORAGE(INITIAL 65536 NEXT 1048576 MINEXTENTS 1 MAXEXTENTS 2147483645
  PCTINCREASE 0 FREELISTS 1 FREELIST GROUPS 1
  BUFFER_POOL DEFAULT FLASH_CACHE DEFAULT CELL_FLASH_CACHE DEFAULT)
  TABLESPACE "SYSTEM" ;
--------------------------------------------------------
--  DDL for Index MVIEW$_ADV_FILTER_PK
--------------------------------------------------------

  CREATE UNIQUE INDEX "SYSTEM"."MVIEW$_ADV_FILTER_PK" ON "SYSTEM"."MVIEW$_ADV_FILTER" ("FILTERID#", "SUBFILTERNUM#") 
  PCTFREE 10 INITRANS 2 MAXTRANS 255 COMPUTE STATISTICS 
  STORAGE(INITIAL 65536 NEXT 1048576 MINEXTENTS 1 MAXEXTENTS 2147483645
  PCTINCREASE 0 FREELISTS 1 FREELIST GROUPS 1
  BUFFER_POOL DEFAULT FLASH_CACHE DEFAULT CELL_FLASH_CACHE DEFAULT)
  TABLESPACE "SYSTEM" ;
--------------------------------------------------------
--  DDL for Index MVIEW$_ADV_FJG_PK
--------------------------------------------------------

  CREATE UNIQUE INDEX "SYSTEM"."MVIEW$_ADV_FJG_PK" ON "SYSTEM"."MVIEW$_ADV_FJG" ("FJGID#") 
  PCTFREE 10 INITRANS 2 MAXTRANS 255 COMPUTE STATISTICS 
  STORAGE(INITIAL 65536 NEXT 1048576 MINEXTENTS 1 MAXEXTENTS 2147483645
  PCTINCREASE 0 FREELISTS 1 FREELIST GROUPS 1
  BUFFER_POOL DEFAULT FLASH_CACHE DEFAULT CELL_FLASH_CACHE DEFAULT)
  TABLESPACE "SYSTEM" ;
--------------------------------------------------------
--  DDL for Index MVIEW$_ADV_GC_PK
--------------------------------------------------------

  CREATE UNIQUE INDEX "SYSTEM"."MVIEW$_ADV_GC_PK" ON "SYSTEM"."MVIEW$_ADV_GC" ("GCID#") 
  PCTFREE 10 INITRANS 2 MAXTRANS 255 COMPUTE STATISTICS 
  STORAGE(INITIAL 65536 NEXT 1048576 MINEXTENTS 1 MAXEXTENTS 2147483645
  PCTINCREASE 0 FREELISTS 1 FREELIST GROUPS 1
  BUFFER_POOL DEFAULT FLASH_CACHE DEFAULT CELL_FLASH_CACHE DEFAULT)
  TABLESPACE "SYSTEM" ;
--------------------------------------------------------
--  DDL for Index MVIEW$_ADV_INFO_PK
--------------------------------------------------------

  CREATE UNIQUE INDEX "SYSTEM"."MVIEW$_ADV_INFO_PK" ON "SYSTEM"."MVIEW$_ADV_INFO" ("RUNID#", "SEQ#") 
  PCTFREE 10 INITRANS 2 MAXTRANS 255 COMPUTE STATISTICS 
  STORAGE(INITIAL 65536 NEXT 1048576 MINEXTENTS 1 MAXEXTENTS 2147483645
  PCTINCREASE 0 FREELISTS 1 FREELIST GROUPS 1
  BUFFER_POOL DEFAULT FLASH_CACHE DEFAULT CELL_FLASH_CACHE DEFAULT)
  TABLESPACE "SYSTEM" ;
--------------------------------------------------------
--  DDL for Index MVIEW$_ADV_JOURNAL_PK
--------------------------------------------------------

  CREATE UNIQUE INDEX "SYSTEM"."MVIEW$_ADV_JOURNAL_PK" ON "SYSTEM"."MVIEW$_ADV_JOURNAL" ("RUNID#", "SEQ#") 
  PCTFREE 10 INITRANS 2 MAXTRANS 255 COMPUTE STATISTICS 
  STORAGE(INITIAL 65536 NEXT 1048576 MINEXTENTS 1 MAXEXTENTS 2147483645
  PCTINCREASE 0 FREELISTS 1 FREELIST GROUPS 1
  BUFFER_POOL DEFAULT FLASH_CACHE DEFAULT CELL_FLASH_CACHE DEFAULT)
  TABLESPACE "SYSTEM" ;
--------------------------------------------------------
--  DDL for Index MVIEW$_ADV_LEVEL_PK
--------------------------------------------------------

  CREATE UNIQUE INDEX "SYSTEM"."MVIEW$_ADV_LEVEL_PK" ON "SYSTEM"."MVIEW$_ADV_LEVEL" ("RUNID#", "LEVELID#") 
  PCTFREE 10 INITRANS 2 MAXTRANS 255 COMPUTE STATISTICS 
  STORAGE(INITIAL 65536 NEXT 1048576 MINEXTENTS 1 MAXEXTENTS 2147483645
  PCTINCREASE 0 FREELISTS 1 FREELIST GROUPS 1
  BUFFER_POOL DEFAULT FLASH_CACHE DEFAULT CELL_FLASH_CACHE DEFAULT)
  TABLESPACE "SYSTEM" ;
--------------------------------------------------------
--  DDL for Index MVIEW$_ADV_LOG_PK
--------------------------------------------------------

  CREATE UNIQUE INDEX "SYSTEM"."MVIEW$_ADV_LOG_PK" ON "SYSTEM"."MVIEW$_ADV_LOG" ("RUNID#") 
  PCTFREE 10 INITRANS 2 MAXTRANS 255 COMPUTE STATISTICS 
  STORAGE(INITIAL 65536 NEXT 1048576 MINEXTENTS 1 MAXEXTENTS 2147483645
  PCTINCREASE 0 FREELISTS 1 FREELIST GROUPS 1
  BUFFER_POOL DEFAULT FLASH_CACHE DEFAULT CELL_FLASH_CACHE DEFAULT)
  TABLESPACE "SYSTEM" ;
--------------------------------------------------------
--  DDL for Index MVIEW$_ADV_OUTPUT_PK
--------------------------------------------------------

  CREATE UNIQUE INDEX "SYSTEM"."MVIEW$_ADV_OUTPUT_PK" ON "SYSTEM"."MVIEW$_ADV_OUTPUT" ("RUNID#", "RANK#") 
  PCTFREE 10 INITRANS 2 MAXTRANS 255 COMPUTE STATISTICS 
  STORAGE(INITIAL 65536 NEXT 1048576 MINEXTENTS 1 MAXEXTENTS 2147483645
  PCTINCREASE 0 FREELISTS 1 FREELIST GROUPS 1
  BUFFER_POOL DEFAULT FLASH_CACHE DEFAULT CELL_FLASH_CACHE DEFAULT)
  TABLESPACE "SYSTEM" ;
--------------------------------------------------------
--  DDL for Index MVIEW$_ADV_PARAMETERS_PK
--------------------------------------------------------

  CREATE UNIQUE INDEX "SYSTEM"."MVIEW$_ADV_PARAMETERS_PK" ON "SYSTEM"."MVIEW$_ADV_PARAMETERS" ("PARAMETER_NAME") 
  PCTFREE 10 INITRANS 2 MAXTRANS 255 COMPUTE STATISTICS 
  STORAGE(INITIAL 65536 NEXT 1048576 MINEXTENTS 1 MAXEXTENTS 2147483645
  PCTINCREASE 0 FREELISTS 1 FREELIST GROUPS 1
  BUFFER_POOL DEFAULT FLASH_CACHE DEFAULT CELL_FLASH_CACHE DEFAULT)
  TABLESPACE "SYSTEM" ;
--------------------------------------------------------
--  DDL for Index MVIEW$_ADV_PRETTY_IDX_01
--------------------------------------------------------

  CREATE INDEX "SYSTEM"."MVIEW$_ADV_PRETTY_IDX_01" ON "SYSTEM"."MVIEW$_ADV_PRETTY" ("QUERYID#") 
  PCTFREE 10 INITRANS 2 MAXTRANS 255 COMPUTE STATISTICS 
  STORAGE(INITIAL 65536 NEXT 1048576 MINEXTENTS 1 MAXEXTENTS 2147483645
  PCTINCREASE 0 FREELISTS 1 FREELIST GROUPS 1
  BUFFER_POOL DEFAULT FLASH_CACHE DEFAULT CELL_FLASH_CACHE DEFAULT)
  TABLESPACE "SYSTEM" ;
--------------------------------------------------------
--  DDL for Index MVIEW$_ADV_ROLLUP_PK
--------------------------------------------------------

  CREATE UNIQUE INDEX "SYSTEM"."MVIEW$_ADV_ROLLUP_PK" ON "SYSTEM"."MVIEW$_ADV_ROLLUP" ("RUNID#", "CLEVELID#", "PLEVELID#") 
  PCTFREE 10 INITRANS 2 MAXTRANS 255 COMPUTE STATISTICS 
  STORAGE(INITIAL 65536 NEXT 1048576 MINEXTENTS 1 MAXEXTENTS 2147483645
  PCTINCREASE 0 FREELISTS 1 FREELIST GROUPS 1
  BUFFER_POOL DEFAULT FLASH_CACHE DEFAULT CELL_FLASH_CACHE DEFAULT)
  TABLESPACE "SYSTEM" ;
--------------------------------------------------------
--  DDL for Index MVIEW$_ADV_SQLDEPEND_IDX_01
--------------------------------------------------------

  CREATE INDEX "SYSTEM"."MVIEW$_ADV_SQLDEPEND_IDX_01" ON "SYSTEM"."MVIEW$_ADV_SQLDEPEND" ("COLLECTIONID#", "FROM_ADDRESS", "FROM_HASH", "INST_ID") 
  PCTFREE 10 INITRANS 2 MAXTRANS 255 COMPUTE STATISTICS 
  STORAGE(INITIAL 65536 NEXT 1048576 MINEXTENTS 1 MAXEXTENTS 2147483645
  PCTINCREASE 0 FREELISTS 1 FREELIST GROUPS 1
  BUFFER_POOL DEFAULT FLASH_CACHE DEFAULT CELL_FLASH_CACHE DEFAULT)
  TABLESPACE "SYSTEM" ;
--------------------------------------------------------
--  DDL for Index MVIEW$_ADV_TEMP_IDX_01
--------------------------------------------------------

  CREATE INDEX "SYSTEM"."MVIEW$_ADV_TEMP_IDX_01" ON "SYSTEM"."MVIEW$_ADV_TEMP" ("ID#", "SEQ#") 
  PCTFREE 10 INITRANS 2 MAXTRANS 255 COMPUTE STATISTICS 
  STORAGE(INITIAL 65536 NEXT 1048576 MINEXTENTS 1 MAXEXTENTS 2147483645
  PCTINCREASE 0 FREELISTS 1 FREELIST GROUPS 1
  BUFFER_POOL DEFAULT FLASH_CACHE DEFAULT CELL_FLASH_CACHE DEFAULT)
  TABLESPACE "SYSTEM" ;
--------------------------------------------------------
--  DDL for Index MVIEW$_ADV_WORKLOAD_PK
--------------------------------------------------------

  CREATE UNIQUE INDEX "SYSTEM"."MVIEW$_ADV_WORKLOAD_PK" ON "SYSTEM"."MVIEW$_ADV_WORKLOAD" ("QUERYID#") 
  PCTFREE 10 INITRANS 2 MAXTRANS 255 COMPUTE STATISTICS 
  STORAGE(INITIAL 65536 NEXT 1048576 MINEXTENTS 1 MAXEXTENTS 2147483645
  PCTINCREASE 0 FREELISTS 1 FREELIST GROUPS 1
  BUFFER_POOL DEFAULT FLASH_CACHE DEFAULT CELL_FLASH_CACHE DEFAULT)
  TABLESPACE "SYSTEM" ;
--------------------------------------------------------
--  DDL for Index MVIEW$_ADV_WORKLOAD_IDX_01
--------------------------------------------------------

  CREATE INDEX "SYSTEM"."MVIEW$_ADV_WORKLOAD_IDX_01" ON "SYSTEM"."MVIEW$_ADV_WORKLOAD" ("COLLECTIONID#", "QUERYID#") 
  PCTFREE 10 INITRANS 2 MAXTRANS 255 COMPUTE STATISTICS 
  STORAGE(INITIAL 65536 NEXT 1048576 MINEXTENTS 1 MAXEXTENTS 2147483645
  PCTINCREASE 0 FREELISTS 1 FREELIST GROUPS 1
  BUFFER_POOL DEFAULT FLASH_CACHE DEFAULT CELL_FLASH_CACHE DEFAULT)
  TABLESPACE "SYSTEM" ;
--------------------------------------------------------
--  DDL for Index PK_NOTIFICATIONS
--------------------------------------------------------

  CREATE UNIQUE INDEX "SYSTEM"."PK_NOTIFICATIONS" ON "SYSTEM"."NOTIFICATIONS" ("ID") 
  PCTFREE 10 INITRANS 2 MAXTRANS 255 COMPUTE STATISTICS 
  STORAGE(INITIAL 65536 NEXT 1048576 MINEXTENTS 1 MAXEXTENTS 2147483645
  PCTINCREASE 0 FREELISTS 1 FREELIST GROUPS 1
  BUFFER_POOL DEFAULT FLASH_CACHE DEFAULT CELL_FLASH_CACHE DEFAULT)
  TABLESPACE "SYSTEM" ;
--------------------------------------------------------
--  DDL for Index OL$NAME
--------------------------------------------------------

  CREATE UNIQUE INDEX "SYSTEM"."OL$NAME" ON "SYSTEM"."OL$" ("OL_NAME") ;
--------------------------------------------------------
--  DDL for Index OL$SIGNATURE
--------------------------------------------------------

  CREATE UNIQUE INDEX "SYSTEM"."OL$SIGNATURE" ON "SYSTEM"."OL$" ("SIGNATURE", "CATEGORY") ;
--------------------------------------------------------
--  DDL for Index OL$HNT_NUM
--------------------------------------------------------

  CREATE UNIQUE INDEX "SYSTEM"."OL$HNT_NUM" ON "SYSTEM"."OL$HINTS" ("OL_NAME", "HINT#") ;
--------------------------------------------------------
--  DDL for Index REDO_DB_IDX
--------------------------------------------------------

  CREATE INDEX "SYSTEM"."REDO_DB_IDX" ON "SYSTEM"."REDO_DB" ("TENANT_KEY", "DBID", "THREAD#", "RESETLOGS_SCN", "RESETLOGS_TIME") 
  PCTFREE 10 INITRANS 2 MAXTRANS 255 COMPUTE STATISTICS 
  STORAGE(INITIAL 65536 NEXT 1048576 MINEXTENTS 1 MAXEXTENTS 2147483645
  PCTINCREASE 0 FREELISTS 1 FREELIST GROUPS 1
  BUFFER_POOL DEFAULT FLASH_CACHE DEFAULT CELL_FLASH_CACHE DEFAULT)
  TABLESPACE "SYSAUX" ;
--------------------------------------------------------
--  DDL for Index REDO_LOG_IDX
--------------------------------------------------------

  CREATE INDEX "SYSTEM"."REDO_LOG_IDX" ON "SYSTEM"."REDO_LOG" ("TENANT_KEY", "DBID", "THREAD#", "RESETLOGS_SCN", "RESETLOGS_TIME") 
  PCTFREE 10 INITRANS 2 MAXTRANS 255 COMPUTE STATISTICS 
  STORAGE(INITIAL 65536 NEXT 1048576 MINEXTENTS 1 MAXEXTENTS 2147483645
  PCTINCREASE 0 FREELISTS 1 FREELIST GROUPS 1
  BUFFER_POOL DEFAULT FLASH_CACHE DEFAULT CELL_FLASH_CACHE DEFAULT)
  TABLESPACE "SYSAUX" ;
--------------------------------------------------------
--  DDL for Index UQ_USER_AGENCE_USER_ID
--------------------------------------------------------

  CREATE UNIQUE INDEX "SYSTEM"."UQ_USER_AGENCE_USER_ID" ON "SYSTEM"."USER_AGENCE" ("USER_ID") 
  PCTFREE 10 INITRANS 2 MAXTRANS 255 COMPUTE STATISTICS 
  STORAGE(INITIAL 65536 NEXT 1048576 MINEXTENTS 1 MAXEXTENTS 2147483645
  PCTINCREASE 0 FREELISTS 1 FREELIST GROUPS 1
  BUFFER_POOL DEFAULT FLASH_CACHE DEFAULT CELL_FLASH_CACHE DEFAULT)
  TABLESPACE "SYSTEM" ;
--------------------------------------------------------
--  DDL for Index IX_USER_AGENCE_AGENCE_ID
--------------------------------------------------------

  CREATE INDEX "SYSTEM"."IX_USER_AGENCE_AGENCE_ID" ON "SYSTEM"."USER_AGENCE" ("AGENCE_ID") 
  PCTFREE 10 INITRANS 2 MAXTRANS 255 COMPUTE STATISTICS 
  STORAGE(INITIAL 65536 NEXT 1048576 MINEXTENTS 1 MAXEXTENTS 2147483645
  PCTINCREASE 0 FREELISTS 1 FREELIST GROUPS 1
  BUFFER_POOL DEFAULT FLASH_CACHE DEFAULT CELL_FLASH_CACHE DEFAULT)
  TABLESPACE "SYSTEM" ;
--------------------------------------------------------
--  DDL for Index PK_USER_AGENCE
--------------------------------------------------------

  CREATE UNIQUE INDEX "SYSTEM"."PK_USER_AGENCE" ON "SYSTEM"."USER_AGENCE" ("ID") 
  PCTFREE 10 INITRANS 2 MAXTRANS 255 COMPUTE STATISTICS 
  STORAGE(INITIAL 65536 NEXT 1048576 MINEXTENTS 1 MAXEXTENTS 2147483645
  PCTINCREASE 0 FREELISTS 1 FREELIST GROUPS 1
  BUFFER_POOL DEFAULT FLASH_CACHE DEFAULT CELL_FLASH_CACHE DEFAULT)
  TABLESPACE "SYSTEM" ;
--------------------------------------------------------
--  DDL for Index PK_USER_FOURNITURE
--------------------------------------------------------

  CREATE UNIQUE INDEX "SYSTEM"."PK_USER_FOURNITURE" ON "SYSTEM"."USER_FOURNITURE" ("ID") 
  PCTFREE 10 INITRANS 2 MAXTRANS 255 COMPUTE STATISTICS 
  STORAGE(INITIAL 65536 NEXT 1048576 MINEXTENTS 1 MAXEXTENTS 2147483645
  PCTINCREASE 0 FREELISTS 1 FREELIST GROUPS 1
  BUFFER_POOL DEFAULT FLASH_CACHE DEFAULT CELL_FLASH_CACHE DEFAULT)
  TABLESPACE "SYSTEM" ;
--------------------------------------------------------
--  DDL for Index IX_USER_FOURNITURE_USER_ID
--------------------------------------------------------

  CREATE INDEX "SYSTEM"."IX_USER_FOURNITURE_USER_ID" ON "SYSTEM"."USER_FOURNITURE" ("USER_ID") 
  PCTFREE 10 INITRANS 2 MAXTRANS 255 COMPUTE STATISTICS 
  STORAGE(INITIAL 65536 NEXT 1048576 MINEXTENTS 1 MAXEXTENTS 2147483645
  PCTINCREASE 0 FREELISTS 1 FREELIST GROUPS 1
  BUFFER_POOL DEFAULT FLASH_CACHE DEFAULT CELL_FLASH_CACHE DEFAULT)
  TABLESPACE "SYSTEM" ;
--------------------------------------------------------
--  DDL for Index IX_USER_FOURNITURE_FOURNITURE_ID
--------------------------------------------------------

  CREATE INDEX "SYSTEM"."IX_USER_FOURNITURE_FOURNITURE_ID" ON "SYSTEM"."USER_FOURNITURE" ("FOURNITURE_ID") 
  PCTFREE 10 INITRANS 2 MAXTRANS 255 COMPUTE STATISTICS 
  STORAGE(INITIAL 65536 NEXT 1048576 MINEXTENTS 1 MAXEXTENTS 2147483645
  PCTINCREASE 0 FREELISTS 1 FREELIST GROUPS 1
  BUFFER_POOL DEFAULT FLASH_CACHE DEFAULT CELL_FLASH_CACHE DEFAULT)
  TABLESPACE "SYSTEM" ;
--------------------------------------------------------
--  DDL for Index IX_USERS_EMAIL
--------------------------------------------------------

  CREATE UNIQUE INDEX "SYSTEM"."IX_USERS_EMAIL" ON "SYSTEM"."USERS" ("EMAIL") 
  PCTFREE 10 INITRANS 2 MAXTRANS 255 COMPUTE STATISTICS 
  STORAGE(INITIAL 65536 NEXT 1048576 MINEXTENTS 1 MAXEXTENTS 2147483645
  PCTINCREASE 0 FREELISTS 1 FREELIST GROUPS 1
  BUFFER_POOL DEFAULT FLASH_CACHE DEFAULT CELL_FLASH_CACHE DEFAULT)
  TABLESPACE "SYSTEM" ;
--------------------------------------------------------
--  DDL for Index PK_USERS
--------------------------------------------------------

  CREATE UNIQUE INDEX "SYSTEM"."PK_USERS" ON "SYSTEM"."USERS" ("ID") 
  PCTFREE 10 INITRANS 2 MAXTRANS 255 COMPUTE STATISTICS 
  STORAGE(INITIAL 65536 NEXT 1048576 MINEXTENTS 1 MAXEXTENTS 2147483645
  PCTINCREASE 0 FREELISTS 1 FREELIST GROUPS 1
  BUFFER_POOL DEFAULT FLASH_CACHE DEFAULT CELL_FLASH_CACHE DEFAULT)
  TABLESPACE "SYSTEM" ;
--------------------------------------------------------
--  DDL for Trigger AMORTISSEMENTS_TRG
--------------------------------------------------------

  CREATE OR REPLACE NONEDITIONABLE TRIGGER "SYSTEM"."AMORTISSEMENTS_TRG" 
    BEFORE INSERT ON SYSTEM.AMORTISSEMENTS
    FOR EACH ROW
     WHEN (NEW.ID_AMORTISSEMENT IS NULL) BEGIN
    :NEW.ID_AMORTISSEMENT := SYSTEM.AMORTISSEMENTS_SEQ.NEXTVAL;
END;

/
ALTER TRIGGER "SYSTEM"."AMORTISSEMENTS_TRG" ENABLE;
--------------------------------------------------------
--  DDL for Trigger ENTREE_FOURNITURES_TRG
--------------------------------------------------------

  CREATE OR REPLACE NONEDITIONABLE TRIGGER "SYSTEM"."ENTREE_FOURNITURES_TRG" 
BEFORE INSERT ON SYSTEM.ENTREE_FOURNITURES
FOR EACH ROW
BEGIN
    IF :NEW.ID IS NULL THEN
        SELECT ENTREE_FOURNITURES_SEQ.NEXTVAL INTO :NEW.ID FROM DUAL;
    END IF;
END;

/
ALTER TRIGGER "SYSTEM"."ENTREE_FOURNITURES_TRG" ENABLE;
--------------------------------------------------------
--  DDL for Trigger FOURNITURES_TRG
--------------------------------------------------------

  CREATE OR REPLACE NONEDITIONABLE TRIGGER "SYSTEM"."FOURNITURES_TRG" 
BEFORE INSERT ON SYSTEM.FOURNITURES
FOR EACH ROW
BEGIN
    IF :NEW.ID IS NULL THEN
        SELECT FOURNITURES_SEQ.NEXTVAL INTO :NEW.ID FROM DUAL;
    END IF;
END;

/
ALTER TRIGGER "SYSTEM"."FOURNITURES_TRG" ENABLE;
--------------------------------------------------------
--  DDL for Trigger NOTIFICATIONS_TRG
--------------------------------------------------------

  CREATE OR REPLACE NONEDITIONABLE TRIGGER "SYSTEM"."NOTIFICATIONS_TRG" 
BEFORE INSERT ON "SYSTEM"."NOTIFICATIONS"
FOR EACH ROW
BEGIN
    IF :NEW.ID IS NULL THEN
        SELECT "SYSTEM"."NOTIFICATIONS_CUSTOM_SEQ".NEXTVAL INTO :NEW.ID FROM DUAL;
    END IF;
END;

/
ALTER TRIGGER "SYSTEM"."NOTIFICATIONS_TRG" ENABLE;
--------------------------------------------------------
--  DDL for Trigger TRG_AGENCE_FOURNITURE_ID
--------------------------------------------------------

  CREATE OR REPLACE NONEDITIONABLE TRIGGER "SYSTEM"."TRG_AGENCE_FOURNITURE_ID" 
BEFORE INSERT ON AGENCE_FOURNITURE
FOR EACH ROW
BEGIN
  IF :NEW.ID IS NULL OR :NEW.ID = 0 THEN
    SELECT SEQ_AGENCE_FOURNITURE.NEXTVAL INTO :NEW.ID FROM DUAL;
  END IF;
END;


/
ALTER TRIGGER "SYSTEM"."TRG_AGENCE_FOURNITURE_ID" ENABLE;
--------------------------------------------------------
--  DDL for Trigger TRG_CATEGORIES_ID
--------------------------------------------------------

  CREATE OR REPLACE NONEDITIONABLE TRIGGER "SYSTEM"."TRG_CATEGORIES_ID" 
BEFORE INSERT ON SYSTEM.CATEGORIES
FOR EACH ROW
 WHEN (NEW.ID_CATEGORIE IS NULL) BEGIN
   SELECT CATEGORIES_SEQ.NEXTVAL INTO :NEW.ID_CATEGORIE FROM DUAL;
END;

/
ALTER TRIGGER "SYSTEM"."TRG_CATEGORIES_ID" ENABLE;
--------------------------------------------------------
--  DDL for Trigger TRG_IMMOBILISATIONS_ID
--------------------------------------------------------

  CREATE OR REPLACE NONEDITIONABLE TRIGGER "SYSTEM"."TRG_IMMOBILISATIONS_ID" 
    BEFORE INSERT ON SYSTEM.IMMOBILISATIONS
    FOR EACH ROW
BEGIN
    IF :NEW.ID_BIEN IS NULL THEN
        :NEW.ID_BIEN := SYSTEM.IMMOBILISATIONS_SEQ.NEXTVAL;
    END IF;
END;

/
ALTER TRIGGER "SYSTEM"."TRG_IMMOBILISATIONS_ID" ENABLE;
--------------------------------------------------------
--  DDL for Trigger USER_AGENCE_TRIGGER
--------------------------------------------------------

  CREATE OR REPLACE NONEDITIONABLE TRIGGER "SYSTEM"."USER_AGENCE_TRIGGER" 
BEFORE INSERT ON USER_AGENCE
FOR EACH ROW
BEGIN
    IF :NEW.ID IS NULL THEN
        SELECT user_agence_seq.NEXTVAL INTO :NEW.ID FROM DUAL;
    END IF;
END;


/
ALTER TRIGGER "SYSTEM"."USER_AGENCE_TRIGGER" ENABLE;
--------------------------------------------------------
--  DDL for Trigger TRG_AGENCE_FOURNITURE_ID
--------------------------------------------------------

  CREATE OR REPLACE NONEDITIONABLE TRIGGER "SYSTEM"."TRG_AGENCE_FOURNITURE_ID" 
BEFORE INSERT ON AGENCE_FOURNITURE
FOR EACH ROW
BEGIN
  IF :NEW.ID IS NULL OR :NEW.ID = 0 THEN
    SELECT SEQ_AGENCE_FOURNITURE.NEXTVAL INTO :NEW.ID FROM DUAL;
  END IF;
END;


/
ALTER TRIGGER "SYSTEM"."TRG_AGENCE_FOURNITURE_ID" ENABLE;
--------------------------------------------------------
--  DDL for Trigger AMORTISSEMENTS_TRG
--------------------------------------------------------

  CREATE OR REPLACE NONEDITIONABLE TRIGGER "SYSTEM"."AMORTISSEMENTS_TRG" 
    BEFORE INSERT ON SYSTEM.AMORTISSEMENTS
    FOR EACH ROW
     WHEN (NEW.ID_AMORTISSEMENT IS NULL) BEGIN
    :NEW.ID_AMORTISSEMENT := SYSTEM.AMORTISSEMENTS_SEQ.NEXTVAL;
END;

/
ALTER TRIGGER "SYSTEM"."AMORTISSEMENTS_TRG" ENABLE;
--------------------------------------------------------
--  DDL for Trigger TRG_CATEGORIES_ID
--------------------------------------------------------

  CREATE OR REPLACE NONEDITIONABLE TRIGGER "SYSTEM"."TRG_CATEGORIES_ID" 
BEFORE INSERT ON SYSTEM.CATEGORIES
FOR EACH ROW
 WHEN (NEW.ID_CATEGORIE IS NULL) BEGIN
   SELECT CATEGORIES_SEQ.NEXTVAL INTO :NEW.ID_CATEGORIE FROM DUAL;
END;

/
ALTER TRIGGER "SYSTEM"."TRG_CATEGORIES_ID" ENABLE;
--------------------------------------------------------
--  DDL for Trigger ENTREE_FOURNITURES_TRG
--------------------------------------------------------

  CREATE OR REPLACE NONEDITIONABLE TRIGGER "SYSTEM"."ENTREE_FOURNITURES_TRG" 
BEFORE INSERT ON SYSTEM.ENTREE_FOURNITURES
FOR EACH ROW
BEGIN
    IF :NEW.ID IS NULL THEN
        SELECT ENTREE_FOURNITURES_SEQ.NEXTVAL INTO :NEW.ID FROM DUAL;
    END IF;
END;

/
ALTER TRIGGER "SYSTEM"."ENTREE_FOURNITURES_TRG" ENABLE;
--------------------------------------------------------
--  DDL for Trigger FOURNITURES_TRG
--------------------------------------------------------

  CREATE OR REPLACE NONEDITIONABLE TRIGGER "SYSTEM"."FOURNITURES_TRG" 
BEFORE INSERT ON SYSTEM.FOURNITURES
FOR EACH ROW
BEGIN
    IF :NEW.ID IS NULL THEN
        SELECT FOURNITURES_SEQ.NEXTVAL INTO :NEW.ID FROM DUAL;
    END IF;
END;

/
ALTER TRIGGER "SYSTEM"."FOURNITURES_TRG" ENABLE;
--------------------------------------------------------
--  DDL for Trigger TRG_IMMOBILISATIONS_ID
--------------------------------------------------------

  CREATE OR REPLACE NONEDITIONABLE TRIGGER "SYSTEM"."TRG_IMMOBILISATIONS_ID" 
    BEFORE INSERT ON SYSTEM.IMMOBILISATIONS
    FOR EACH ROW
BEGIN
    IF :NEW.ID_BIEN IS NULL THEN
        :NEW.ID_BIEN := SYSTEM.IMMOBILISATIONS_SEQ.NEXTVAL;
    END IF;
END;

/
ALTER TRIGGER "SYSTEM"."TRG_IMMOBILISATIONS_ID" ENABLE;
--------------------------------------------------------
--  DDL for Trigger NOTIFICATIONS_TRG
--------------------------------------------------------

  CREATE OR REPLACE NONEDITIONABLE TRIGGER "SYSTEM"."NOTIFICATIONS_TRG" 
BEFORE INSERT ON "SYSTEM"."NOTIFICATIONS"
FOR EACH ROW
BEGIN
    IF :NEW.ID IS NULL THEN
        SELECT "SYSTEM"."NOTIFICATIONS_CUSTOM_SEQ".NEXTVAL INTO :NEW.ID FROM DUAL;
    END IF;
END;

/
ALTER TRIGGER "SYSTEM"."NOTIFICATIONS_TRG" ENABLE;
--------------------------------------------------------
--  DDL for Trigger USER_AGENCE_TRIGGER
--------------------------------------------------------

  CREATE OR REPLACE NONEDITIONABLE TRIGGER "SYSTEM"."USER_AGENCE_TRIGGER" 
BEFORE INSERT ON USER_AGENCE
FOR EACH ROW
BEGIN
    IF :NEW.ID IS NULL THEN
        SELECT user_agence_seq.NEXTVAL INTO :NEW.ID FROM DUAL;
    END IF;
END;


/
ALTER TRIGGER "SYSTEM"."USER_AGENCE_TRIGGER" ENABLE;
--------------------------------------------------------
--  DDL for Synonymn AQ$_INTERNET_AGENT_PRIVS
--------------------------------------------------------

  CREATE OR REPLACE NONEDITIONABLE SYNONYM "SYSTEM"."AQ$_INTERNET_AGENT_PRIVS" FOR "SYS"."AQ$_INTERNET_AGENT_PRIVS";
--------------------------------------------------------
--  DDL for Synonymn AQ$_INTERNET_AGENTS
--------------------------------------------------------

  CREATE OR REPLACE NONEDITIONABLE SYNONYM "SYSTEM"."AQ$_INTERNET_AGENTS" FOR "SYS"."AQ$_INTERNET_AGENTS";
--------------------------------------------------------
--  DDL for Synonymn AQ$_KEY_SHARD_MAP
--------------------------------------------------------

  CREATE OR REPLACE NONEDITIONABLE SYNONYM "SYSTEM"."AQ$_KEY_SHARD_MAP" FOR "SYS"."AQ$_KEY_SHARD_MAP";
--------------------------------------------------------
--  DDL for Synonymn AQ$_QUEUES
--------------------------------------------------------

  CREATE OR REPLACE NONEDITIONABLE SYNONYM "SYSTEM"."AQ$_QUEUES" FOR "SYS"."AQ$_QUEUES";
--------------------------------------------------------
--  DDL for Synonymn AQ$_QUEUE_TABLES
--------------------------------------------------------

  CREATE OR REPLACE NONEDITIONABLE SYNONYM "SYSTEM"."AQ$_QUEUE_TABLES" FOR "SYS"."AQ$_QUEUE_TABLES";
--------------------------------------------------------
--  DDL for Synonymn CATALOG
--------------------------------------------------------

  CREATE OR REPLACE NONEDITIONABLE SYNONYM "SYSTEM"."CATALOG" FOR "SYS"."CATALOG";
--------------------------------------------------------
--  DDL for Synonymn COL
--------------------------------------------------------

  CREATE OR REPLACE NONEDITIONABLE SYNONYM "SYSTEM"."COL" FOR "SYS"."COL";
--------------------------------------------------------
--  DDL for Synonymn PRODUCT_USER_PROFILE
--------------------------------------------------------

  CREATE OR REPLACE NONEDITIONABLE SYNONYM "SYSTEM"."PRODUCT_USER_PROFILE" FOR "SYSTEM"."SQLPLUS_PRODUCT_PROFILE";
--------------------------------------------------------
--  DDL for Synonymn PUBLICSYN
--------------------------------------------------------

  CREATE OR REPLACE NONEDITIONABLE SYNONYM "SYSTEM"."PUBLICSYN" FOR "SYS"."PUBLICSYN";
--------------------------------------------------------
--  DDL for Synonymn SYSCATALOG
--------------------------------------------------------

  CREATE OR REPLACE NONEDITIONABLE SYNONYM "SYSTEM"."SYSCATALOG" FOR "SYS"."SYSCATALOG";
--------------------------------------------------------
--  DDL for Synonymn SYSFILES
--------------------------------------------------------

  CREATE OR REPLACE NONEDITIONABLE SYNONYM "SYSTEM"."SYSFILES" FOR "SYS"."SYSFILES";
--------------------------------------------------------
--  DDL for Synonymn TAB
--------------------------------------------------------

  CREATE OR REPLACE NONEDITIONABLE SYNONYM "SYSTEM"."TAB" FOR "SYS"."TAB";
--------------------------------------------------------
--  DDL for Synonymn TABQUOTAS
--------------------------------------------------------

  CREATE OR REPLACE NONEDITIONABLE SYNONYM "SYSTEM"."TABQUOTAS" FOR "SYS"."TABQUOTAS";
--------------------------------------------------------
--  Constraints for Table AGENCE_FOURNITURE
--------------------------------------------------------

  ALTER TABLE "SYSTEM"."AGENCE_FOURNITURE" ADD CONSTRAINT "PK_AGENCE_FOURNITURE" PRIMARY KEY ("ID")
  USING INDEX PCTFREE 10 INITRANS 2 MAXTRANS 255 COMPUTE STATISTICS 
  STORAGE(INITIAL 65536 NEXT 1048576 MINEXTENTS 1 MAXEXTENTS 2147483645
  PCTINCREASE 0 FREELISTS 1 FREELIST GROUPS 1
  BUFFER_POOL DEFAULT FLASH_CACHE DEFAULT CELL_FLASH_CACHE DEFAULT)
  TABLESPACE "SYSTEM"  ENABLE;
  ALTER TABLE "SYSTEM"."AGENCE_FOURNITURE" MODIFY ("ID" NOT NULL ENABLE);
  ALTER TABLE "SYSTEM"."AGENCE_FOURNITURE" MODIFY ("AGENCE_ID" NOT NULL ENABLE);
  ALTER TABLE "SYSTEM"."AGENCE_FOURNITURE" MODIFY ("FOURNITURE_ID" NOT NULL ENABLE);
  ALTER TABLE "SYSTEM"."AGENCE_FOURNITURE" MODIFY ("DATE_ASSOCIATION" NOT NULL ENABLE);
--------------------------------------------------------
--  Constraints for Table AGENCES
--------------------------------------------------------

  ALTER TABLE "SYSTEM"."AGENCES" MODIFY ("ID" NOT NULL ENABLE);
  ALTER TABLE "SYSTEM"."AGENCES" ADD CONSTRAINT "PK_AGENCES" PRIMARY KEY ("ID")
  USING INDEX PCTFREE 10 INITRANS 2 MAXTRANS 255 COMPUTE STATISTICS 
  STORAGE(INITIAL 65536 NEXT 1048576 MINEXTENTS 1 MAXEXTENTS 2147483645
  PCTINCREASE 0 FREELISTS 1 FREELIST GROUPS 1
  BUFFER_POOL DEFAULT FLASH_CACHE DEFAULT CELL_FLASH_CACHE DEFAULT)
  TABLESPACE "SYSTEM"  ENABLE;
  ALTER TABLE "SYSTEM"."AGENCES" MODIFY ("NUMERO" NOT NULL ENABLE);
  ALTER TABLE "SYSTEM"."AGENCES" MODIFY ("NOM" NOT NULL ENABLE);
--------------------------------------------------------
--  Constraints for Table AMORTISSEMENTS
--------------------------------------------------------

  ALTER TABLE "SYSTEM"."AMORTISSEMENTS" MODIFY ("ID_AMORTISSEMENT" NOT NULL ENABLE);
  ALTER TABLE "SYSTEM"."AMORTISSEMENTS" ADD CONSTRAINT "PK_AMORTISSEMENTS" PRIMARY KEY ("ID_AMORTISSEMENT")
  USING INDEX PCTFREE 10 INITRANS 2 MAXTRANS 255 COMPUTE STATISTICS 
  STORAGE(INITIAL 65536 NEXT 1048576 MINEXTENTS 1 MAXEXTENTS 2147483645
  PCTINCREASE 0 FREELISTS 1 FREELIST GROUPS 1
  BUFFER_POOL DEFAULT FLASH_CACHE DEFAULT CELL_FLASH_CACHE DEFAULT)
  TABLESPACE "SYSTEM"  ENABLE;
  ALTER TABLE "SYSTEM"."AMORTISSEMENTS" MODIFY ("ID_BIEN" NOT NULL ENABLE);
  ALTER TABLE "SYSTEM"."AMORTISSEMENTS" MODIFY ("ANNEE" NOT NULL ENABLE);
  ALTER TABLE "SYSTEM"."AMORTISSEMENTS" MODIFY ("MONTANT" NOT NULL ENABLE);
  ALTER TABLE "SYSTEM"."AMORTISSEMENTS" MODIFY ("VALEUR_RESIDUELLE" NOT NULL ENABLE);
  ALTER TABLE "SYSTEM"."AMORTISSEMENTS" MODIFY ("DATE_CALCUL" NOT NULL ENABLE);
  ALTER TABLE "SYSTEM"."AMORTISSEMENTS" ADD CHECK (montant >= 0) ENABLE;
  ALTER TABLE "SYSTEM"."AMORTISSEMENTS" ADD CHECK (valeur_residuelle >= 0) ENABLE;
  ALTER TABLE "SYSTEM"."AMORTISSEMENTS" ADD CONSTRAINT "UC_BIEN_ANNEE" UNIQUE ("ID_BIEN", "ANNEE")
  USING INDEX "SYSTEM"."UC_BIEN_ANNEE"  ENABLE;
  ALTER TABLE "SYSTEM"."AMORTISSEMENTS" ADD CHECK (montant >= 0) ENABLE;
  ALTER TABLE "SYSTEM"."AMORTISSEMENTS" ADD CHECK (valeur_residuelle >= 0) ENABLE;
--------------------------------------------------------
--  Constraints for Table AQ$_SCHEDULES
--------------------------------------------------------

  ALTER TABLE "SYSTEM"."AQ$_SCHEDULES" MODIFY ("DESTINATION" NOT NULL ENABLE);
  ALTER TABLE "SYSTEM"."AQ$_SCHEDULES" ADD CONSTRAINT "AQ$_SCHEDULES_PRIMARY" PRIMARY KEY ("OID", "DESTINATION")
  USING INDEX PCTFREE 10 INITRANS 2 MAXTRANS 255 COMPUTE STATISTICS 
  STORAGE(INITIAL 65536 NEXT 1048576 MINEXTENTS 1 MAXEXTENTS 2147483645
  PCTINCREASE 0 FREELISTS 1 FREELIST GROUPS 1
  BUFFER_POOL DEFAULT FLASH_CACHE DEFAULT CELL_FLASH_CACHE DEFAULT)
  TABLESPACE "SYSTEM"  ENABLE;
  ALTER TABLE "SYSTEM"."AQ$_SCHEDULES" ADD CONSTRAINT "AQ$_SCHEDULES_CHECK" UNIQUE ("JOBNO")
  USING INDEX PCTFREE 10 INITRANS 2 MAXTRANS 255 COMPUTE STATISTICS 
  STORAGE(INITIAL 65536 NEXT 1048576 MINEXTENTS 1 MAXEXTENTS 2147483645
  PCTINCREASE 0 FREELISTS 1 FREELIST GROUPS 1
  BUFFER_POOL DEFAULT FLASH_CACHE DEFAULT CELL_FLASH_CACHE DEFAULT)
  TABLESPACE "SYSTEM"  ENABLE;
--------------------------------------------------------
--  Constraints for Table BIEN_AGENCE
--------------------------------------------------------

  ALTER TABLE "SYSTEM"."BIEN_AGENCE" ADD CONSTRAINT "PK_BIEN_AGENCE" PRIMARY KEY ("ID_BIEN", "ID_AGENCE", "DATE_AFFECTATION")
  USING INDEX PCTFREE 10 INITRANS 2 MAXTRANS 255 COMPUTE STATISTICS 
  STORAGE(INITIAL 65536 NEXT 1048576 MINEXTENTS 1 MAXEXTENTS 2147483645
  PCTINCREASE 0 FREELISTS 1 FREELIST GROUPS 1
  BUFFER_POOL DEFAULT FLASH_CACHE DEFAULT CELL_FLASH_CACHE DEFAULT)
  TABLESPACE "SYSTEM"  ENABLE;
  ALTER TABLE "SYSTEM"."BIEN_AGENCE" MODIFY ("ID_BIEN" NOT NULL ENABLE);
  ALTER TABLE "SYSTEM"."BIEN_AGENCE" MODIFY ("ID_AGENCE" NOT NULL ENABLE);
  ALTER TABLE "SYSTEM"."BIEN_AGENCE" MODIFY ("DATE_AFFECTATION" NOT NULL ENABLE);
  ALTER TABLE "SYSTEM"."BIEN_AGENCE" ADD CONSTRAINT "UK_BIEN_AGENCE" UNIQUE ("ID_BIEN", "ID_AGENCE", "FONCTION")
  USING INDEX PCTFREE 10 INITRANS 2 MAXTRANS 255 COMPUTE STATISTICS 
  STORAGE(INITIAL 65536 NEXT 1048576 MINEXTENTS 1 MAXEXTENTS 2147483645
  PCTINCREASE 0 FREELISTS 1 FREELIST GROUPS 1
  BUFFER_POOL DEFAULT FLASH_CACHE DEFAULT CELL_FLASH_CACHE DEFAULT)
  TABLESPACE "SYSTEM"  ENABLE;
--------------------------------------------------------
--  Constraints for Table CATEGORIES
--------------------------------------------------------

  ALTER TABLE "SYSTEM"."CATEGORIES" MODIFY ("ID_CATEGORIE" NOT NULL ENABLE);
  ALTER TABLE "SYSTEM"."CATEGORIES" ADD CONSTRAINT "PK_CATEGORIES" PRIMARY KEY ("ID_CATEGORIE")
  USING INDEX PCTFREE 10 INITRANS 2 MAXTRANS 255 COMPUTE STATISTICS 
  STORAGE(INITIAL 65536 NEXT 1048576 MINEXTENTS 1 MAXEXTENTS 2147483645
  PCTINCREASE 0 FREELISTS 1 FREELIST GROUPS 1
  BUFFER_POOL DEFAULT FLASH_CACHE DEFAULT CELL_FLASH_CACHE DEFAULT)
  TABLESPACE "SYSTEM"  ENABLE;
  ALTER TABLE "SYSTEM"."CATEGORIES" MODIFY ("NOM_CATEGORIE" NOT NULL ENABLE);
  ALTER TABLE "SYSTEM"."CATEGORIES" MODIFY ("DUREE_AMORTISSEMENT" NOT NULL ENABLE);
  ALTER TABLE "SYSTEM"."CATEGORIES" ADD CHECK (duree_amortissement > 0) ENABLE;
  ALTER TABLE "SYSTEM"."CATEGORIES" ADD CHECK (duree_amortissement > 0) ENABLE;
--------------------------------------------------------
--  Constraints for Table ENTREE_FOURNITURES
--------------------------------------------------------

  ALTER TABLE "SYSTEM"."ENTREE_FOURNITURES" MODIFY ("ID" NOT NULL ENABLE);
  ALTER TABLE "SYSTEM"."ENTREE_FOURNITURES" ADD CONSTRAINT "PK_ENTREE_FOURNITURES" PRIMARY KEY ("ID")
  USING INDEX PCTFREE 10 INITRANS 2 MAXTRANS 255 COMPUTE STATISTICS 
  STORAGE(INITIAL 65536 NEXT 1048576 MINEXTENTS 1 MAXEXTENTS 2147483645
  PCTINCREASE 0 FREELISTS 1 FREELIST GROUPS 1
  BUFFER_POOL DEFAULT FLASH_CACHE DEFAULT CELL_FLASH_CACHE DEFAULT)
  TABLESPACE "SYSTEM"  ENABLE;
  ALTER TABLE "SYSTEM"."ENTREE_FOURNITURES" MODIFY ("FOURNITURE_ID" NOT NULL ENABLE);
  ALTER TABLE "SYSTEM"."ENTREE_FOURNITURES" MODIFY ("QUANTITE_ENTREE" NOT NULL ENABLE);
  ALTER TABLE "SYSTEM"."ENTREE_FOURNITURES" MODIFY ("DATE_ENTREE" NOT NULL ENABLE);
  ALTER TABLE "SYSTEM"."ENTREE_FOURNITURES" MODIFY ("PRIX_UNITAIRE" NOT NULL ENABLE);
  ALTER TABLE "SYSTEM"."ENTREE_FOURNITURES" MODIFY ("MONTANT" NOT NULL ENABLE);
--------------------------------------------------------
--  Constraints for Table FOURNITURES
--------------------------------------------------------

  ALTER TABLE "SYSTEM"."FOURNITURES" MODIFY ("ID" NOT NULL ENABLE);
  ALTER TABLE "SYSTEM"."FOURNITURES" ADD CONSTRAINT "PK_FOURNITURES" PRIMARY KEY ("ID")
  USING INDEX PCTFREE 10 INITRANS 2 MAXTRANS 255 COMPUTE STATISTICS 
  STORAGE(INITIAL 65536 NEXT 1048576 MINEXTENTS 1 MAXEXTENTS 2147483645
  PCTINCREASE 0 FREELISTS 1 FREELIST GROUPS 1
  BUFFER_POOL DEFAULT FLASH_CACHE DEFAULT CELL_FLASH_CACHE DEFAULT)
  TABLESPACE "SYSTEM"  ENABLE;
  ALTER TABLE "SYSTEM"."FOURNITURES" MODIFY ("NOM" NOT NULL ENABLE);
  ALTER TABLE "SYSTEM"."FOURNITURES" MODIFY ("PRIX_UNITAIRE" NOT NULL ENABLE);
  ALTER TABLE "SYSTEM"."FOURNITURES" MODIFY ("QUANTITE_RESTANTE" NOT NULL ENABLE);
  ALTER TABLE "SYSTEM"."FOURNITURES" MODIFY ("CATEGORIE" NOT NULL ENABLE);
--------------------------------------------------------
--  Constraints for Table HELP
--------------------------------------------------------

  ALTER TABLE "SYSTEM"."HELP" MODIFY ("TOPIC" NOT NULL ENABLE);
  ALTER TABLE "SYSTEM"."HELP" MODIFY ("SEQ" NOT NULL ENABLE);
  ALTER TABLE "SYSTEM"."HELP" ADD CONSTRAINT "HELP_TOPIC_SEQ" PRIMARY KEY ("TOPIC", "SEQ")
  USING INDEX PCTFREE 10 INITRANS 2 MAXTRANS 255 COMPUTE STATISTICS 
  STORAGE(INITIAL 16384 NEXT 1048576 MINEXTENTS 1 MAXEXTENTS 2147483645
  PCTINCREASE 0 FREELISTS 1 FREELIST GROUPS 1
  BUFFER_POOL DEFAULT FLASH_CACHE DEFAULT CELL_FLASH_CACHE DEFAULT)
  TABLESPACE "SYSTEM"  ENABLE;
--------------------------------------------------------
--  Constraints for Table IMMOBILISATIONS
--------------------------------------------------------

  ALTER TABLE "SYSTEM"."IMMOBILISATIONS" MODIFY ("ID_BIEN" NOT NULL ENABLE);
  ALTER TABLE "SYSTEM"."IMMOBILISATIONS" ADD CONSTRAINT "PK_IMMOBILISATIONS" PRIMARY KEY ("ID_BIEN")
  USING INDEX PCTFREE 10 INITRANS 2 MAXTRANS 255 COMPUTE STATISTICS 
  STORAGE(INITIAL 65536 NEXT 1048576 MINEXTENTS 1 MAXEXTENTS 2147483645
  PCTINCREASE 0 FREELISTS 1 FREELIST GROUPS 1
  BUFFER_POOL DEFAULT FLASH_CACHE DEFAULT CELL_FLASH_CACHE DEFAULT)
  TABLESPACE "SYSTEM"  ENABLE;
  ALTER TABLE "SYSTEM"."IMMOBILISATIONS" MODIFY ("NOM_BIEN" NOT NULL ENABLE);
  ALTER TABLE "SYSTEM"."IMMOBILISATIONS" MODIFY ("DATE_ACQUISITION" NOT NULL ENABLE);
  ALTER TABLE "SYSTEM"."IMMOBILISATIONS" MODIFY ("VALEUR_ACQUISITION" NOT NULL ENABLE);
  ALTER TABLE "SYSTEM"."IMMOBILISATIONS" MODIFY ("ID_CATEGORIE" NOT NULL ENABLE);
  ALTER TABLE "SYSTEM"."IMMOBILISATIONS" ADD CHECK (valeur_acquisition > 0) ENABLE;
  ALTER TABLE "SYSTEM"."IMMOBILISATIONS" ADD CHECK (statut IN ('actif', 'amorti', 'vendu', 'hors service')) ENABLE;
  ALTER TABLE "SYSTEM"."IMMOBILISATIONS" ADD CHECK (valeur_acquisition > 0) ENABLE;
  ALTER TABLE "SYSTEM"."IMMOBILISATIONS" ADD CHECK (statut IN ('actif', 'amorti', 'vendu', 'hors service')) ENABLE;
--------------------------------------------------------
--  Constraints for Table LOCALISATIONS
--------------------------------------------------------

  ALTER TABLE "SYSTEM"."LOCALISATIONS" MODIFY ("ID" NOT NULL ENABLE);
  ALTER TABLE "SYSTEM"."LOCALISATIONS" ADD CONSTRAINT "PK_LOCALISATIONS" PRIMARY KEY ("ID")
  USING INDEX PCTFREE 10 INITRANS 2 MAXTRANS 255 
  STORAGE(INITIAL 65536 NEXT 1048576 MINEXTENTS 1 MAXEXTENTS 2147483645
  PCTINCREASE 0 FREELISTS 1 FREELIST GROUPS 1
  BUFFER_POOL DEFAULT FLASH_CACHE DEFAULT CELL_FLASH_CACHE DEFAULT)
  TABLESPACE "SYSTEM"  ENABLE;
--------------------------------------------------------
--  Constraints for Table MVIEW$_ADV_AJG
--------------------------------------------------------

  ALTER TABLE "SYSTEM"."MVIEW$_ADV_AJG" MODIFY ("AJGID#" NOT NULL ENABLE);
  ALTER TABLE "SYSTEM"."MVIEW$_ADV_AJG" MODIFY ("RUNID#" NOT NULL ENABLE);
  ALTER TABLE "SYSTEM"."MVIEW$_ADV_AJG" MODIFY ("AJGDESLEN" NOT NULL ENABLE);
  ALTER TABLE "SYSTEM"."MVIEW$_ADV_AJG" MODIFY ("AJGDES" NOT NULL ENABLE);
  ALTER TABLE "SYSTEM"."MVIEW$_ADV_AJG" MODIFY ("HASHVALUE" NOT NULL ENABLE);
  ALTER TABLE "SYSTEM"."MVIEW$_ADV_AJG" ADD CONSTRAINT "MVIEW$_ADV_AJG_PK" PRIMARY KEY ("AJGID#")
  USING INDEX PCTFREE 10 INITRANS 2 MAXTRANS 255 COMPUTE STATISTICS 
  STORAGE(INITIAL 65536 NEXT 1048576 MINEXTENTS 1 MAXEXTENTS 2147483645
  PCTINCREASE 0 FREELISTS 1 FREELIST GROUPS 1
  BUFFER_POOL DEFAULT FLASH_CACHE DEFAULT CELL_FLASH_CACHE DEFAULT)
  TABLESPACE "SYSTEM"  ENABLE;
--------------------------------------------------------
--  Constraints for Table MVIEW$_ADV_BASETABLE
--------------------------------------------------------

  ALTER TABLE "SYSTEM"."MVIEW$_ADV_BASETABLE" MODIFY ("COLLECTIONID#" NOT NULL ENABLE);
  ALTER TABLE "SYSTEM"."MVIEW$_ADV_BASETABLE" MODIFY ("QUERYID#" NOT NULL ENABLE);
--------------------------------------------------------
--  Constraints for Table MVIEW$_ADV_CLIQUE
--------------------------------------------------------

  ALTER TABLE "SYSTEM"."MVIEW$_ADV_CLIQUE" MODIFY ("CLIQUEID#" NOT NULL ENABLE);
  ALTER TABLE "SYSTEM"."MVIEW$_ADV_CLIQUE" MODIFY ("RUNID#" NOT NULL ENABLE);
  ALTER TABLE "SYSTEM"."MVIEW$_ADV_CLIQUE" MODIFY ("CLIQUEDESLEN" NOT NULL ENABLE);
  ALTER TABLE "SYSTEM"."MVIEW$_ADV_CLIQUE" MODIFY ("CLIQUEDES" NOT NULL ENABLE);
  ALTER TABLE "SYSTEM"."MVIEW$_ADV_CLIQUE" MODIFY ("HASHVALUE" NOT NULL ENABLE);
  ALTER TABLE "SYSTEM"."MVIEW$_ADV_CLIQUE" MODIFY ("FREQUENCY" NOT NULL ENABLE);
  ALTER TABLE "SYSTEM"."MVIEW$_ADV_CLIQUE" MODIFY ("BYTECOST" NOT NULL ENABLE);
  ALTER TABLE "SYSTEM"."MVIEW$_ADV_CLIQUE" MODIFY ("ROWSIZE" NOT NULL ENABLE);
  ALTER TABLE "SYSTEM"."MVIEW$_ADV_CLIQUE" MODIFY ("NUMROWS" NOT NULL ENABLE);
  ALTER TABLE "SYSTEM"."MVIEW$_ADV_CLIQUE" ADD CONSTRAINT "MVIEW$_ADV_CLIQUE_PK" PRIMARY KEY ("CLIQUEID#")
  USING INDEX PCTFREE 10 INITRANS 2 MAXTRANS 255 COMPUTE STATISTICS 
  STORAGE(INITIAL 65536 NEXT 1048576 MINEXTENTS 1 MAXEXTENTS 2147483645
  PCTINCREASE 0 FREELISTS 1 FREELIST GROUPS 1
  BUFFER_POOL DEFAULT FLASH_CACHE DEFAULT CELL_FLASH_CACHE DEFAULT)
  TABLESPACE "SYSTEM"  ENABLE;
--------------------------------------------------------
--  Constraints for Table MVIEW$_ADV_ELIGIBLE
--------------------------------------------------------

  ALTER TABLE "SYSTEM"."MVIEW$_ADV_ELIGIBLE" MODIFY ("SUMOBJN#" NOT NULL ENABLE);
  ALTER TABLE "SYSTEM"."MVIEW$_ADV_ELIGIBLE" MODIFY ("RUNID#" NOT NULL ENABLE);
  ALTER TABLE "SYSTEM"."MVIEW$_ADV_ELIGIBLE" MODIFY ("BYTECOST" NOT NULL ENABLE);
  ALTER TABLE "SYSTEM"."MVIEW$_ADV_ELIGIBLE" MODIFY ("FLAGS" NOT NULL ENABLE);
  ALTER TABLE "SYSTEM"."MVIEW$_ADV_ELIGIBLE" MODIFY ("FREQUENCY" NOT NULL ENABLE);
  ALTER TABLE "SYSTEM"."MVIEW$_ADV_ELIGIBLE" ADD CONSTRAINT "MVIEW$_ADV_ELIGIBLE_PK" PRIMARY KEY ("SUMOBJN#", "RUNID#")
  USING INDEX PCTFREE 10 INITRANS 2 MAXTRANS 255 COMPUTE STATISTICS 
  STORAGE(INITIAL 65536 NEXT 1048576 MINEXTENTS 1 MAXEXTENTS 2147483645
  PCTINCREASE 0 FREELISTS 1 FREELIST GROUPS 1
  BUFFER_POOL DEFAULT FLASH_CACHE DEFAULT CELL_FLASH_CACHE DEFAULT)
  TABLESPACE "SYSTEM"  ENABLE;
--------------------------------------------------------
--  Constraints for Table MVIEW$_ADV_FILTER
--------------------------------------------------------

  ALTER TABLE "SYSTEM"."MVIEW$_ADV_FILTER" MODIFY ("FILTERID#" NOT NULL ENABLE);
  ALTER TABLE "SYSTEM"."MVIEW$_ADV_FILTER" MODIFY ("SUBFILTERNUM#" NOT NULL ENABLE);
  ALTER TABLE "SYSTEM"."MVIEW$_ADV_FILTER" MODIFY ("SUBFILTERTYPE" NOT NULL ENABLE);
  ALTER TABLE "SYSTEM"."MVIEW$_ADV_FILTER" ADD CONSTRAINT "MVIEW$_ADV_FILTER_PK" PRIMARY KEY ("FILTERID#", "SUBFILTERNUM#")
  USING INDEX PCTFREE 10 INITRANS 2 MAXTRANS 255 COMPUTE STATISTICS 
  STORAGE(INITIAL 65536 NEXT 1048576 MINEXTENTS 1 MAXEXTENTS 2147483645
  PCTINCREASE 0 FREELISTS 1 FREELIST GROUPS 1
  BUFFER_POOL DEFAULT FLASH_CACHE DEFAULT CELL_FLASH_CACHE DEFAULT)
  TABLESPACE "SYSTEM"  ENABLE;
--------------------------------------------------------
--  Constraints for Table MVIEW$_ADV_FILTERINSTANCE
--------------------------------------------------------

  ALTER TABLE "SYSTEM"."MVIEW$_ADV_FILTERINSTANCE" MODIFY ("RUNID#" NOT NULL ENABLE);
--------------------------------------------------------
--  Constraints for Table MVIEW$_ADV_FJG
--------------------------------------------------------

  ALTER TABLE "SYSTEM"."MVIEW$_ADV_FJG" MODIFY ("FJGID#" NOT NULL ENABLE);
  ALTER TABLE "SYSTEM"."MVIEW$_ADV_FJG" MODIFY ("AJGID#" NOT NULL ENABLE);
  ALTER TABLE "SYSTEM"."MVIEW$_ADV_FJG" MODIFY ("FJGDESLEN" NOT NULL ENABLE);
  ALTER TABLE "SYSTEM"."MVIEW$_ADV_FJG" MODIFY ("FJGDES" NOT NULL ENABLE);
  ALTER TABLE "SYSTEM"."MVIEW$_ADV_FJG" MODIFY ("HASHVALUE" NOT NULL ENABLE);
  ALTER TABLE "SYSTEM"."MVIEW$_ADV_FJG" ADD CONSTRAINT "MVIEW$_ADV_FJG_PK" PRIMARY KEY ("FJGID#")
  USING INDEX PCTFREE 10 INITRANS 2 MAXTRANS 255 COMPUTE STATISTICS 
  STORAGE(INITIAL 65536 NEXT 1048576 MINEXTENTS 1 MAXEXTENTS 2147483645
  PCTINCREASE 0 FREELISTS 1 FREELIST GROUPS 1
  BUFFER_POOL DEFAULT FLASH_CACHE DEFAULT CELL_FLASH_CACHE DEFAULT)
  TABLESPACE "SYSTEM"  ENABLE;
--------------------------------------------------------
--  Constraints for Table MVIEW$_ADV_GC
--------------------------------------------------------

  ALTER TABLE "SYSTEM"."MVIEW$_ADV_GC" MODIFY ("GCID#" NOT NULL ENABLE);
  ALTER TABLE "SYSTEM"."MVIEW$_ADV_GC" MODIFY ("FJGID#" NOT NULL ENABLE);
  ALTER TABLE "SYSTEM"."MVIEW$_ADV_GC" MODIFY ("GCDESLEN" NOT NULL ENABLE);
  ALTER TABLE "SYSTEM"."MVIEW$_ADV_GC" MODIFY ("GCDES" NOT NULL ENABLE);
  ALTER TABLE "SYSTEM"."MVIEW$_ADV_GC" MODIFY ("HASHVALUE" NOT NULL ENABLE);
  ALTER TABLE "SYSTEM"."MVIEW$_ADV_GC" ADD CONSTRAINT "MVIEW$_ADV_GC_PK" PRIMARY KEY ("GCID#")
  USING INDEX PCTFREE 10 INITRANS 2 MAXTRANS 255 COMPUTE STATISTICS 
  STORAGE(INITIAL 65536 NEXT 1048576 MINEXTENTS 1 MAXEXTENTS 2147483645
  PCTINCREASE 0 FREELISTS 1 FREELIST GROUPS 1
  BUFFER_POOL DEFAULT FLASH_CACHE DEFAULT CELL_FLASH_CACHE DEFAULT)
  TABLESPACE "SYSTEM"  ENABLE;
--------------------------------------------------------
--  Constraints for Table MVIEW$_ADV_INFO
--------------------------------------------------------

  ALTER TABLE "SYSTEM"."MVIEW$_ADV_INFO" MODIFY ("RUNID#" NOT NULL ENABLE);
  ALTER TABLE "SYSTEM"."MVIEW$_ADV_INFO" MODIFY ("SEQ#" NOT NULL ENABLE);
  ALTER TABLE "SYSTEM"."MVIEW$_ADV_INFO" MODIFY ("TYPE" NOT NULL ENABLE);
  ALTER TABLE "SYSTEM"."MVIEW$_ADV_INFO" MODIFY ("INFOLEN" NOT NULL ENABLE);
  ALTER TABLE "SYSTEM"."MVIEW$_ADV_INFO" ADD CONSTRAINT "MVIEW$_ADV_INFO_PK" PRIMARY KEY ("RUNID#", "SEQ#")
  USING INDEX PCTFREE 10 INITRANS 2 MAXTRANS 255 COMPUTE STATISTICS 
  STORAGE(INITIAL 65536 NEXT 1048576 MINEXTENTS 1 MAXEXTENTS 2147483645
  PCTINCREASE 0 FREELISTS 1 FREELIST GROUPS 1
  BUFFER_POOL DEFAULT FLASH_CACHE DEFAULT CELL_FLASH_CACHE DEFAULT)
  TABLESPACE "SYSTEM"  ENABLE;
--------------------------------------------------------
--  Constraints for Table MVIEW$_ADV_JOURNAL
--------------------------------------------------------

  ALTER TABLE "SYSTEM"."MVIEW$_ADV_JOURNAL" MODIFY ("RUNID#" NOT NULL ENABLE);
  ALTER TABLE "SYSTEM"."MVIEW$_ADV_JOURNAL" MODIFY ("SEQ#" NOT NULL ENABLE);
  ALTER TABLE "SYSTEM"."MVIEW$_ADV_JOURNAL" MODIFY ("TIMESTAMP" NOT NULL ENABLE);
  ALTER TABLE "SYSTEM"."MVIEW$_ADV_JOURNAL" MODIFY ("FLAGS" NOT NULL ENABLE);
  ALTER TABLE "SYSTEM"."MVIEW$_ADV_JOURNAL" ADD CONSTRAINT "MVIEW$_ADV_JOURNAL_PK" PRIMARY KEY ("RUNID#", "SEQ#")
  USING INDEX PCTFREE 10 INITRANS 2 MAXTRANS 255 COMPUTE STATISTICS 
  STORAGE(INITIAL 65536 NEXT 1048576 MINEXTENTS 1 MAXEXTENTS 2147483645
  PCTINCREASE 0 FREELISTS 1 FREELIST GROUPS 1
  BUFFER_POOL DEFAULT FLASH_CACHE DEFAULT CELL_FLASH_CACHE DEFAULT)
  TABLESPACE "SYSTEM"  ENABLE;
--------------------------------------------------------
--  Constraints for Table MVIEW$_ADV_LEVEL
--------------------------------------------------------

  ALTER TABLE "SYSTEM"."MVIEW$_ADV_LEVEL" MODIFY ("RUNID#" NOT NULL ENABLE);
  ALTER TABLE "SYSTEM"."MVIEW$_ADV_LEVEL" MODIFY ("LEVELID#" NOT NULL ENABLE);
  ALTER TABLE "SYSTEM"."MVIEW$_ADV_LEVEL" MODIFY ("FLAGS" NOT NULL ENABLE);
  ALTER TABLE "SYSTEM"."MVIEW$_ADV_LEVEL" MODIFY ("TBLOBJ#" NOT NULL ENABLE);
  ALTER TABLE "SYSTEM"."MVIEW$_ADV_LEVEL" MODIFY ("COLUMNLIST" NOT NULL ENABLE);
  ALTER TABLE "SYSTEM"."MVIEW$_ADV_LEVEL" ADD CONSTRAINT "MVIEW$_ADV_LEVEL_PK" PRIMARY KEY ("RUNID#", "LEVELID#")
  USING INDEX PCTFREE 10 INITRANS 2 MAXTRANS 255 COMPUTE STATISTICS 
  STORAGE(INITIAL 65536 NEXT 1048576 MINEXTENTS 1 MAXEXTENTS 2147483645
  PCTINCREASE 0 FREELISTS 1 FREELIST GROUPS 1
  BUFFER_POOL DEFAULT FLASH_CACHE DEFAULT CELL_FLASH_CACHE DEFAULT)
  TABLESPACE "SYSTEM"  ENABLE;
--------------------------------------------------------
--  Constraints for Table MVIEW$_ADV_LOG
--------------------------------------------------------

  ALTER TABLE "SYSTEM"."MVIEW$_ADV_LOG" MODIFY ("STATUS" NOT NULL ENABLE);
  ALTER TABLE "SYSTEM"."MVIEW$_ADV_LOG" ADD CONSTRAINT "MVIEW$_ADV_LOG_PK" PRIMARY KEY ("RUNID#")
  USING INDEX PCTFREE 10 INITRANS 2 MAXTRANS 255 COMPUTE STATISTICS 
  STORAGE(INITIAL 65536 NEXT 1048576 MINEXTENTS 1 MAXEXTENTS 2147483645
  PCTINCREASE 0 FREELISTS 1 FREELIST GROUPS 1
  BUFFER_POOL DEFAULT FLASH_CACHE DEFAULT CELL_FLASH_CACHE DEFAULT)
  TABLESPACE "SYSTEM"  ENABLE;
--------------------------------------------------------
--  Constraints for Table MVIEW$_ADV_OUTPUT
--------------------------------------------------------

  ALTER TABLE "SYSTEM"."MVIEW$_ADV_OUTPUT" MODIFY ("RUNID#" NOT NULL ENABLE);
  ALTER TABLE "SYSTEM"."MVIEW$_ADV_OUTPUT" MODIFY ("OUTPUT_TYPE" NOT NULL ENABLE);
  ALTER TABLE "SYSTEM"."MVIEW$_ADV_OUTPUT" MODIFY ("BENEFIT_TO_COST_RATIO" NOT NULL ENABLE);
  ALTER TABLE "SYSTEM"."MVIEW$_ADV_OUTPUT" ADD CONSTRAINT "MVIEW$_ADV_OUTPUT_PK" PRIMARY KEY ("RUNID#", "RANK#")
  USING INDEX PCTFREE 10 INITRANS 2 MAXTRANS 255 COMPUTE STATISTICS 
  STORAGE(INITIAL 65536 NEXT 1048576 MINEXTENTS 1 MAXEXTENTS 2147483645
  PCTINCREASE 0 FREELISTS 1 FREELIST GROUPS 1
  BUFFER_POOL DEFAULT FLASH_CACHE DEFAULT CELL_FLASH_CACHE DEFAULT)
  TABLESPACE "SYSTEM"  ENABLE;
--------------------------------------------------------
--  Constraints for Table MVIEW$_ADV_PARAMETERS
--------------------------------------------------------

  ALTER TABLE "SYSTEM"."MVIEW$_ADV_PARAMETERS" MODIFY ("PARAMETER_TYPE" NOT NULL ENABLE);
  ALTER TABLE "SYSTEM"."MVIEW$_ADV_PARAMETERS" ADD CONSTRAINT "MVIEW$_ADV_PARAMETERS_PK" PRIMARY KEY ("PARAMETER_NAME")
  USING INDEX PCTFREE 10 INITRANS 2 MAXTRANS 255 COMPUTE STATISTICS 
  STORAGE(INITIAL 65536 NEXT 1048576 MINEXTENTS 1 MAXEXTENTS 2147483645
  PCTINCREASE 0 FREELISTS 1 FREELIST GROUPS 1
  BUFFER_POOL DEFAULT FLASH_CACHE DEFAULT CELL_FLASH_CACHE DEFAULT)
  TABLESPACE "SYSTEM"  ENABLE;
--------------------------------------------------------
--  Constraints for Table MVIEW$_ADV_ROLLUP
--------------------------------------------------------

  ALTER TABLE "SYSTEM"."MVIEW$_ADV_ROLLUP" MODIFY ("RUNID#" NOT NULL ENABLE);
  ALTER TABLE "SYSTEM"."MVIEW$_ADV_ROLLUP" MODIFY ("CLEVELID#" NOT NULL ENABLE);
  ALTER TABLE "SYSTEM"."MVIEW$_ADV_ROLLUP" MODIFY ("PLEVELID#" NOT NULL ENABLE);
  ALTER TABLE "SYSTEM"."MVIEW$_ADV_ROLLUP" MODIFY ("FLAGS" NOT NULL ENABLE);
  ALTER TABLE "SYSTEM"."MVIEW$_ADV_ROLLUP" ADD CONSTRAINT "MVIEW$_ADV_ROLLUP_PK" PRIMARY KEY ("RUNID#", "CLEVELID#", "PLEVELID#")
  USING INDEX PCTFREE 10 INITRANS 2 MAXTRANS 255 COMPUTE STATISTICS 
  STORAGE(INITIAL 65536 NEXT 1048576 MINEXTENTS 1 MAXEXTENTS 2147483645
  PCTINCREASE 0 FREELISTS 1 FREELIST GROUPS 1
  BUFFER_POOL DEFAULT FLASH_CACHE DEFAULT CELL_FLASH_CACHE DEFAULT)
  TABLESPACE "SYSTEM"  ENABLE;
--------------------------------------------------------
--  Constraints for Table MVIEW$_ADV_WORKLOAD
--------------------------------------------------------

  ALTER TABLE "SYSTEM"."MVIEW$_ADV_WORKLOAD" MODIFY ("QUERYID#" NOT NULL ENABLE);
  ALTER TABLE "SYSTEM"."MVIEW$_ADV_WORKLOAD" MODIFY ("COLLECTIONID#" NOT NULL ENABLE);
  ALTER TABLE "SYSTEM"."MVIEW$_ADV_WORKLOAD" MODIFY ("COLLECTTIME" NOT NULL ENABLE);
  ALTER TABLE "SYSTEM"."MVIEW$_ADV_WORKLOAD" MODIFY ("UNAME" NOT NULL ENABLE);
  ALTER TABLE "SYSTEM"."MVIEW$_ADV_WORKLOAD" MODIFY ("SQL_TEXT" NOT NULL ENABLE);
  ALTER TABLE "SYSTEM"."MVIEW$_ADV_WORKLOAD" MODIFY ("SQL_TEXTLEN" NOT NULL ENABLE);
  ALTER TABLE "SYSTEM"."MVIEW$_ADV_WORKLOAD" ADD CONSTRAINT "MVIEW$_ADV_WORKLOAD_PK" PRIMARY KEY ("QUERYID#")
  USING INDEX PCTFREE 10 INITRANS 2 MAXTRANS 255 COMPUTE STATISTICS 
  STORAGE(INITIAL 65536 NEXT 1048576 MINEXTENTS 1 MAXEXTENTS 2147483645
  PCTINCREASE 0 FREELISTS 1 FREELIST GROUPS 1
  BUFFER_POOL DEFAULT FLASH_CACHE DEFAULT CELL_FLASH_CACHE DEFAULT)
  TABLESPACE "SYSTEM"  ENABLE;
--------------------------------------------------------
--  Constraints for Table NOTIFICATIONS
--------------------------------------------------------

  ALTER TABLE "SYSTEM"."NOTIFICATIONS" MODIFY ("ID" NOT NULL ENABLE);
  ALTER TABLE "SYSTEM"."NOTIFICATIONS" ADD CONSTRAINT "PK_NOTIFICATIONS" PRIMARY KEY ("ID")
  USING INDEX PCTFREE 10 INITRANS 2 MAXTRANS 255 COMPUTE STATISTICS 
  STORAGE(INITIAL 65536 NEXT 1048576 MINEXTENTS 1 MAXEXTENTS 2147483645
  PCTINCREASE 0 FREELISTS 1 FREELIST GROUPS 1
  BUFFER_POOL DEFAULT FLASH_CACHE DEFAULT CELL_FLASH_CACHE DEFAULT)
  TABLESPACE "SYSTEM"  ENABLE;
  ALTER TABLE "SYSTEM"."NOTIFICATIONS" MODIFY ("USER_ID" NOT NULL ENABLE);
  ALTER TABLE "SYSTEM"."NOTIFICATIONS" MODIFY ("AGENCE_ID" NOT NULL ENABLE);
  ALTER TABLE "SYSTEM"."NOTIFICATIONS" MODIFY ("TITRE" NOT NULL ENABLE);
  ALTER TABLE "SYSTEM"."NOTIFICATIONS" MODIFY ("DATE_DEMANDE" NOT NULL ENABLE);
  ALTER TABLE "SYSTEM"."NOTIFICATIONS" MODIFY ("STATUT" NOT NULL ENABLE);
--------------------------------------------------------
--  Constraints for Table REDO_DB
--------------------------------------------------------

  ALTER TABLE "SYSTEM"."REDO_DB" MODIFY ("DBID" NOT NULL ENABLE);
  ALTER TABLE "SYSTEM"."REDO_DB" MODIFY ("THREAD#" NOT NULL ENABLE);
  ALTER TABLE "SYSTEM"."REDO_DB" MODIFY ("RESETLOGS_TIME" NOT NULL ENABLE);
  ALTER TABLE "SYSTEM"."REDO_DB" MODIFY ("PRESETLOGS_TIME" NOT NULL ENABLE);
  ALTER TABLE "SYSTEM"."REDO_DB" MODIFY ("RESETLOGS_SCN" NOT NULL ENABLE);
  ALTER TABLE "SYSTEM"."REDO_DB" MODIFY ("PRESETLOGS_SCN" NOT NULL ENABLE);
  ALTER TABLE "SYSTEM"."REDO_DB" MODIFY ("TENANT_KEY" NOT NULL ENABLE);
--------------------------------------------------------
--  Constraints for Table REDO_LOG
--------------------------------------------------------

  ALTER TABLE "SYSTEM"."REDO_LOG" MODIFY ("DBID" NOT NULL ENABLE);
  ALTER TABLE "SYSTEM"."REDO_LOG" MODIFY ("THREAD#" NOT NULL ENABLE);
  ALTER TABLE "SYSTEM"."REDO_LOG" MODIFY ("RESETLOGS_TIME" NOT NULL ENABLE);
  ALTER TABLE "SYSTEM"."REDO_LOG" MODIFY ("PRESETLOGS_TIME" NOT NULL ENABLE);
  ALTER TABLE "SYSTEM"."REDO_LOG" MODIFY ("SEQUENCE#" NOT NULL ENABLE);
  ALTER TABLE "SYSTEM"."REDO_LOG" MODIFY ("RESETLOGS_SCN" NOT NULL ENABLE);
  ALTER TABLE "SYSTEM"."REDO_LOG" MODIFY ("PRESETLOGS_SCN" NOT NULL ENABLE);
  ALTER TABLE "SYSTEM"."REDO_LOG" MODIFY ("TENANT_KEY" NOT NULL ENABLE);
--------------------------------------------------------
--  Constraints for Table SCHEDULER_PROGRAM_ARGS_TBL
--------------------------------------------------------

  ALTER TABLE "SYSTEM"."SCHEDULER_PROGRAM_ARGS_TBL" MODIFY ("OWNER" NOT NULL ENABLE);
  ALTER TABLE "SYSTEM"."SCHEDULER_PROGRAM_ARGS_TBL" MODIFY ("PROGRAM_NAME" NOT NULL ENABLE);
  ALTER TABLE "SYSTEM"."SCHEDULER_PROGRAM_ARGS_TBL" MODIFY ("ARGUMENT_POSITION" NOT NULL ENABLE);
--------------------------------------------------------
--  Constraints for Table SQLPLUS_PRODUCT_PROFILE
--------------------------------------------------------

  ALTER TABLE "SYSTEM"."SQLPLUS_PRODUCT_PROFILE" MODIFY ("PRODUCT" NOT NULL ENABLE);
--------------------------------------------------------
--  Constraints for Table USER_AGENCE
--------------------------------------------------------

  ALTER TABLE "SYSTEM"."USER_AGENCE" ADD CONSTRAINT "PK_USER_AGENCE" PRIMARY KEY ("ID")
  USING INDEX PCTFREE 10 INITRANS 2 MAXTRANS 255 COMPUTE STATISTICS 
  STORAGE(INITIAL 65536 NEXT 1048576 MINEXTENTS 1 MAXEXTENTS 2147483645
  PCTINCREASE 0 FREELISTS 1 FREELIST GROUPS 1
  BUFFER_POOL DEFAULT FLASH_CACHE DEFAULT CELL_FLASH_CACHE DEFAULT)
  TABLESPACE "SYSTEM"  ENABLE;
  ALTER TABLE "SYSTEM"."USER_AGENCE" MODIFY ("ID" NOT NULL ENABLE);
  ALTER TABLE "SYSTEM"."USER_AGENCE" MODIFY ("USER_ID" NOT NULL ENABLE);
  ALTER TABLE "SYSTEM"."USER_AGENCE" MODIFY ("AGENCE_ID" NOT NULL ENABLE);
  ALTER TABLE "SYSTEM"."USER_AGENCE" MODIFY ("DATE_ASSOCIATION" NOT NULL ENABLE);
  ALTER TABLE "SYSTEM"."USER_AGENCE" ADD CONSTRAINT "UQ_USER_AGENCE_USER_ID" UNIQUE ("USER_ID")
  USING INDEX "SYSTEM"."UQ_USER_AGENCE_USER_ID"  ENABLE;
--------------------------------------------------------
--  Constraints for Table USER_FOURNITURE
--------------------------------------------------------

  ALTER TABLE "SYSTEM"."USER_FOURNITURE" MODIFY ("ID" NOT NULL ENABLE);
  ALTER TABLE "SYSTEM"."USER_FOURNITURE" ADD CONSTRAINT "PK_USER_FOURNITURE" PRIMARY KEY ("ID")
  USING INDEX PCTFREE 10 INITRANS 2 MAXTRANS 255 COMPUTE STATISTICS 
  STORAGE(INITIAL 65536 NEXT 1048576 MINEXTENTS 1 MAXEXTENTS 2147483645
  PCTINCREASE 0 FREELISTS 1 FREELIST GROUPS 1
  BUFFER_POOL DEFAULT FLASH_CACHE DEFAULT CELL_FLASH_CACHE DEFAULT)
  TABLESPACE "SYSTEM"  ENABLE;
  ALTER TABLE "SYSTEM"."USER_FOURNITURE" MODIFY ("USER_ID" NOT NULL ENABLE);
  ALTER TABLE "SYSTEM"."USER_FOURNITURE" MODIFY ("FOURNITURE_ID" NOT NULL ENABLE);
--------------------------------------------------------
--  Constraints for Table USERS
--------------------------------------------------------

  ALTER TABLE "SYSTEM"."USERS" MODIFY ("ID" NOT NULL ENABLE);
  ALTER TABLE "SYSTEM"."USERS" ADD CONSTRAINT "PK_USERS" PRIMARY KEY ("ID")
  USING INDEX PCTFREE 10 INITRANS 2 MAXTRANS 255 COMPUTE STATISTICS 
  STORAGE(INITIAL 65536 NEXT 1048576 MINEXTENTS 1 MAXEXTENTS 2147483645
  PCTINCREASE 0 FREELISTS 1 FREELIST GROUPS 1
  BUFFER_POOL DEFAULT FLASH_CACHE DEFAULT CELL_FLASH_CACHE DEFAULT)
  TABLESPACE "SYSTEM"  ENABLE;
  ALTER TABLE "SYSTEM"."USERS" MODIFY ("NOM" NOT NULL ENABLE);
  ALTER TABLE "SYSTEM"."USERS" MODIFY ("PRENOM" NOT NULL ENABLE);
  ALTER TABLE "SYSTEM"."USERS" MODIFY ("EMAIL" NOT NULL ENABLE);
  ALTER TABLE "SYSTEM"."USERS" MODIFY ("MOT_DE_PASSE" NOT NULL ENABLE);
  ALTER TABLE "SYSTEM"."USERS" MODIFY ("FONCTION" NOT NULL ENABLE);
--------------------------------------------------------
--  Ref Constraints for Table AGENCE_FOURNITURE
--------------------------------------------------------

  ALTER TABLE "SYSTEM"."AGENCE_FOURNITURE" ADD CONSTRAINT "FK_AGENCE_FOURNITURE_AGENCES" FOREIGN KEY ("AGENCE_ID")
	  REFERENCES "SYSTEM"."AGENCES" ("ID") ON DELETE CASCADE ENABLE;
  ALTER TABLE "SYSTEM"."AGENCE_FOURNITURE" ADD CONSTRAINT "FK_AGENCE_FOURNITURE_FOURNITURES" FOREIGN KEY ("FOURNITURE_ID")
	  REFERENCES "SYSTEM"."FOURNITURES" ("ID") ON DELETE CASCADE ENABLE;
--------------------------------------------------------
--  Ref Constraints for Table AMORTISSEMENTS
--------------------------------------------------------

  ALTER TABLE "SYSTEM"."AMORTISSEMENTS" ADD CONSTRAINT "FK_AMORTISSEMENTS_IMMOBILISATIONS" FOREIGN KEY ("ID_BIEN")
	  REFERENCES "SYSTEM"."IMMOBILISATIONS" ("ID_BIEN") ON DELETE CASCADE ENABLE;
--------------------------------------------------------
--  Ref Constraints for Table BIEN_AGENCE
--------------------------------------------------------

  ALTER TABLE "SYSTEM"."BIEN_AGENCE" ADD CONSTRAINT "FK_BIEN_AGENCE_IMMOBILISATIONS" FOREIGN KEY ("ID_BIEN")
	  REFERENCES "SYSTEM"."IMMOBILISATIONS" ("ID_BIEN") ON DELETE CASCADE ENABLE;
  ALTER TABLE "SYSTEM"."BIEN_AGENCE" ADD CONSTRAINT "FK_BIEN_AGENCE_AGENCES" FOREIGN KEY ("ID_AGENCE")
	  REFERENCES "SYSTEM"."AGENCES" ("ID") ON DELETE CASCADE ENABLE;
--------------------------------------------------------
--  Ref Constraints for Table CATEGORIES
--------------------------------------------------------

  ALTER TABLE "SYSTEM"."CATEGORIES" ADD CONSTRAINT "FK_CATEGORIE_PARENT" FOREIGN KEY ("ID_PARENT")
	  REFERENCES "SYSTEM"."CATEGORIES" ("ID_CATEGORIE") ENABLE;
--------------------------------------------------------
--  Ref Constraints for Table ENTREE_FOURNITURES
--------------------------------------------------------

  ALTER TABLE "SYSTEM"."ENTREE_FOURNITURES" ADD CONSTRAINT "FK_ENTREE_FOURNITURES_FOURNITURES" FOREIGN KEY ("FOURNITURE_ID")
	  REFERENCES "SYSTEM"."FOURNITURES" ("ID") ON DELETE CASCADE ENABLE;
--------------------------------------------------------
--  Ref Constraints for Table IMMOBILISATIONS
--------------------------------------------------------

  ALTER TABLE "SYSTEM"."IMMOBILISATIONS" ADD CONSTRAINT "FK_IMMOBILISATIONS_CATEGORIES" FOREIGN KEY ("ID_CATEGORIE")
	  REFERENCES "SYSTEM"."CATEGORIES" ("ID_CATEGORIE") ON DELETE CASCADE ENABLE;
--------------------------------------------------------
--  Ref Constraints for Table LOCALISATIONS
--------------------------------------------------------

  ALTER TABLE "SYSTEM"."LOCALISATIONS" ADD CONSTRAINT "FK_LOCALISATIONS_AGENCES" FOREIGN KEY ("AGENCE_ID")
	  REFERENCES "SYSTEM"."AGENCES" ("ID") ON DELETE CASCADE ENABLE;
--------------------------------------------------------
--  Ref Constraints for Table MVIEW$_ADV_AJG
--------------------------------------------------------

  ALTER TABLE "SYSTEM"."MVIEW$_ADV_AJG" ADD CONSTRAINT "MVIEW$_ADV_AJG_FK" FOREIGN KEY ("RUNID#")
	  REFERENCES "SYSTEM"."MVIEW$_ADV_LOG" ("RUNID#") ENABLE;
--------------------------------------------------------
--  Ref Constraints for Table MVIEW$_ADV_BASETABLE
--------------------------------------------------------

  ALTER TABLE "SYSTEM"."MVIEW$_ADV_BASETABLE" ADD CONSTRAINT "MVIEW$_ADV_BASETABLE_FK" FOREIGN KEY ("QUERYID#")
	  REFERENCES "SYSTEM"."MVIEW$_ADV_WORKLOAD" ("QUERYID#") ENABLE;
--------------------------------------------------------
--  Ref Constraints for Table MVIEW$_ADV_CLIQUE
--------------------------------------------------------

  ALTER TABLE "SYSTEM"."MVIEW$_ADV_CLIQUE" ADD CONSTRAINT "MVIEW$_ADV_CLIQUE_FK" FOREIGN KEY ("RUNID#")
	  REFERENCES "SYSTEM"."MVIEW$_ADV_LOG" ("RUNID#") ENABLE;
--------------------------------------------------------
--  Ref Constraints for Table MVIEW$_ADV_ELIGIBLE
--------------------------------------------------------

  ALTER TABLE "SYSTEM"."MVIEW$_ADV_ELIGIBLE" ADD CONSTRAINT "MVIEW$_ADV_ELIGIBLE_FK" FOREIGN KEY ("RUNID#")
	  REFERENCES "SYSTEM"."MVIEW$_ADV_LOG" ("RUNID#") ENABLE;
--------------------------------------------------------
--  Ref Constraints for Table MVIEW$_ADV_EXCEPTIONS
--------------------------------------------------------

  ALTER TABLE "SYSTEM"."MVIEW$_ADV_EXCEPTIONS" ADD CONSTRAINT "MVIEW$_ADV_EXCEPTION_FK" FOREIGN KEY ("RUNID#")
	  REFERENCES "SYSTEM"."MVIEW$_ADV_LOG" ("RUNID#") ENABLE;
--------------------------------------------------------
--  Ref Constraints for Table MVIEW$_ADV_FILTERINSTANCE
--------------------------------------------------------

  ALTER TABLE "SYSTEM"."MVIEW$_ADV_FILTERINSTANCE" ADD CONSTRAINT "MVIEW$_ADV_FILTERINSTANCE_FK" FOREIGN KEY ("RUNID#")
	  REFERENCES "SYSTEM"."MVIEW$_ADV_LOG" ("RUNID#") ENABLE;
--------------------------------------------------------
--  Ref Constraints for Table MVIEW$_ADV_FJG
--------------------------------------------------------

  ALTER TABLE "SYSTEM"."MVIEW$_ADV_FJG" ADD CONSTRAINT "MVIEW$_ADV_FJG_FK" FOREIGN KEY ("AJGID#")
	  REFERENCES "SYSTEM"."MVIEW$_ADV_AJG" ("AJGID#") ENABLE;
--------------------------------------------------------
--  Ref Constraints for Table MVIEW$_ADV_GC
--------------------------------------------------------

  ALTER TABLE "SYSTEM"."MVIEW$_ADV_GC" ADD CONSTRAINT "MVIEW$_ADV_GC_FK" FOREIGN KEY ("FJGID#")
	  REFERENCES "SYSTEM"."MVIEW$_ADV_FJG" ("FJGID#") ENABLE;
--------------------------------------------------------
--  Ref Constraints for Table MVIEW$_ADV_INFO
--------------------------------------------------------

  ALTER TABLE "SYSTEM"."MVIEW$_ADV_INFO" ADD CONSTRAINT "MVIEW$_ADV_INFO_FK" FOREIGN KEY ("RUNID#")
	  REFERENCES "SYSTEM"."MVIEW$_ADV_LOG" ("RUNID#") ENABLE;
--------------------------------------------------------
--  Ref Constraints for Table MVIEW$_ADV_JOURNAL
--------------------------------------------------------

  ALTER TABLE "SYSTEM"."MVIEW$_ADV_JOURNAL" ADD CONSTRAINT "MVIEW$_ADV_JOURNAL_FK" FOREIGN KEY ("RUNID#")
	  REFERENCES "SYSTEM"."MVIEW$_ADV_LOG" ("RUNID#") ENABLE;
--------------------------------------------------------
--  Ref Constraints for Table MVIEW$_ADV_LEVEL
--------------------------------------------------------

  ALTER TABLE "SYSTEM"."MVIEW$_ADV_LEVEL" ADD CONSTRAINT "MVIEW$_ADV_LEVEL_FK" FOREIGN KEY ("RUNID#")
	  REFERENCES "SYSTEM"."MVIEW$_ADV_LOG" ("RUNID#") ENABLE;
--------------------------------------------------------
--  Ref Constraints for Table MVIEW$_ADV_OUTPUT
--------------------------------------------------------

  ALTER TABLE "SYSTEM"."MVIEW$_ADV_OUTPUT" ADD CONSTRAINT "MVIEW$_ADV_OUTPUT_FK" FOREIGN KEY ("RUNID#")
	  REFERENCES "SYSTEM"."MVIEW$_ADV_LOG" ("RUNID#") ENABLE;
--------------------------------------------------------
--  Ref Constraints for Table MVIEW$_ADV_ROLLUP
--------------------------------------------------------

  ALTER TABLE "SYSTEM"."MVIEW$_ADV_ROLLUP" ADD CONSTRAINT "MVIEW$_ADV_ROLLUP_FK" FOREIGN KEY ("RUNID#")
	  REFERENCES "SYSTEM"."MVIEW$_ADV_LOG" ("RUNID#") ENABLE;
  ALTER TABLE "SYSTEM"."MVIEW$_ADV_ROLLUP" ADD CONSTRAINT "MVIEW$_ADV_ROLLUP_CFK" FOREIGN KEY ("RUNID#", "CLEVELID#")
	  REFERENCES "SYSTEM"."MVIEW$_ADV_LEVEL" ("RUNID#", "LEVELID#") ENABLE;
  ALTER TABLE "SYSTEM"."MVIEW$_ADV_ROLLUP" ADD CONSTRAINT "MVIEW$_ADV_ROLLUP_PFK" FOREIGN KEY ("RUNID#", "PLEVELID#")
	  REFERENCES "SYSTEM"."MVIEW$_ADV_LEVEL" ("RUNID#", "LEVELID#") ENABLE;
--------------------------------------------------------
--  Ref Constraints for Table NOTIFICATIONS
--------------------------------------------------------

  ALTER TABLE "SYSTEM"."NOTIFICATIONS" ADD CONSTRAINT "FK_NOTIFICATIONS_USERS" FOREIGN KEY ("USER_ID")
	  REFERENCES "SYSTEM"."USERS" ("ID") ON DELETE CASCADE ENABLE;
  ALTER TABLE "SYSTEM"."NOTIFICATIONS" ADD CONSTRAINT "FK_NOTIFICATIONS_AGENCES" FOREIGN KEY ("AGENCE_ID")
	  REFERENCES "SYSTEM"."AGENCES" ("ID") ON DELETE CASCADE ENABLE;
  ALTER TABLE "SYSTEM"."NOTIFICATIONS" ADD CONSTRAINT "FK_NOTIFICATIONS_FOURNITURES" FOREIGN KEY ("FOURNITURE_ID")
	  REFERENCES "SYSTEM"."FOURNITURES" ("ID") ON DELETE CASCADE ENABLE;
  ALTER TABLE "SYSTEM"."NOTIFICATIONS" ADD CONSTRAINT "FK_NOTIFICATIONS_IMMOBILISATIONS" FOREIGN KEY ("BIEN_ID")
	  REFERENCES "SYSTEM"."IMMOBILISATIONS" ("ID_BIEN") ON DELETE CASCADE ENABLE;
--------------------------------------------------------
--  Ref Constraints for Table USER_AGENCE
--------------------------------------------------------

  ALTER TABLE "SYSTEM"."USER_AGENCE" ADD CONSTRAINT "FK_USER_AGENCE_USERS" FOREIGN KEY ("USER_ID")
	  REFERENCES "SYSTEM"."USERS" ("ID") ON DELETE CASCADE ENABLE;
  ALTER TABLE "SYSTEM"."USER_AGENCE" ADD CONSTRAINT "FK_USER_AGENCE_AGENCES" FOREIGN KEY ("AGENCE_ID")
	  REFERENCES "SYSTEM"."AGENCES" ("ID") ON DELETE CASCADE ENABLE;
--------------------------------------------------------
--  Ref Constraints for Table USER_FOURNITURE
--------------------------------------------------------

  ALTER TABLE "SYSTEM"."USER_FOURNITURE" ADD CONSTRAINT "FK_USER_FOURNITURE_USERS" FOREIGN KEY ("USER_ID")
	  REFERENCES "SYSTEM"."USERS" ("ID") ON DELETE CASCADE ENABLE;
  ALTER TABLE "SYSTEM"."USER_FOURNITURE" ADD CONSTRAINT "FK_USER_FOURNITURE_FOURNITURES" FOREIGN KEY ("FOURNITURE_ID")
	  REFERENCES "SYSTEM"."FOURNITURES" ("ID") ON DELETE CASCADE ENABLE;
