--------------------------------------------------------
--  Fichier créé - jeudi-juin-12-2025   
--------------------------------------------------------
--------------------------------------------------------
--  DDL for Sequence MVIEW$_ADVSEQ_GENERIC
--------------------------------------------------------

   CREATE SEQUENCE  "SYSTEM"."MVIEW$_ADVSEQ_GENERIC"  MINVALUE 1 MAXVALUE 4294967295 INCREMENT BY 1 START WITH 1 CACHE 50 NOORDER  NOCYCLE  NOKEEP  NOSCALE  GLOBAL ;
--------------------------------------------------------
--  DDL for Sequence MVIEW$_ADVSEQ_ID
--------------------------------------------------------

   CREATE SEQUENCE  "SYSTEM"."MVIEW$_ADVSEQ_ID"  MINVALUE 1 MAXVALUE 4294967295 INCREMENT BY 1 START WITH 1 CACHE 20 NOORDER  NOCYCLE  NOKEEP  NOSCALE  GLOBAL ;
--------------------------------------------------------
--  DDL for Sequence SEQ_AGENCE_FOURNITURE
--------------------------------------------------------

   CREATE SEQUENCE  "SYSTEM"."SEQ_AGENCE_FOURNITURE"  MINVALUE 1 MAXVALUE 9999999999999999999999999999 INCREMENT BY 1 START WITH 141 CACHE 20 NOORDER  NOCYCLE  NOKEEP  NOSCALE  GLOBAL ;
--------------------------------------------------------
--  DDL for Sequence USER_AGENCE_SEQ
--------------------------------------------------------

   CREATE SEQUENCE  "SYSTEM"."USER_AGENCE_SEQ"  MINVALUE 1 MAXVALUE 9999999999999999999999999999 INCREMENT BY 1 START WITH 1 CACHE 20 NOORDER  NOCYCLE  NOKEEP  NOSCALE  GLOBAL ;
--------------------------------------------------------
--  DDL for Table AGENCE_FOURNITURE
--------------------------------------------------------

  CREATE TABLE "SYSTEM"."AGENCE_FOURNITURE" 
   (	"ID" NUMBER(10,0) GENERATED BY DEFAULT ON NULL AS IDENTITY MINVALUE 1 MAXVALUE 9999999999999999999999999999 INCREMENT BY 1 START WITH 1 CACHE 20 NOORDER  NOCYCLE  NOKEEP  NOSCALE , 
	"AGENCE_ID" NUMBER(10,0), 
	"FOURNITURE_ID" NUMBER(10,0), 
	"DATE_ASSOCIATION" TIMESTAMP (7), 
	"QUANTITE" NUMBER(10,0), 
	"CONSO_MM" NUMBER(10,2)
   ) PCTFREE 10 PCTUSED 40 INITRANS 1 MAXTRANS 255 
 NOCOMPRESS LOGGING
  STORAGE(INITIAL 65536 NEXT 1048576 MINEXTENTS 1 MAXEXTENTS 2147483645
  PCTINCREASE 0 FREELISTS 1 FREELIST GROUPS 1
  BUFFER_POOL DEFAULT FLASH_CACHE DEFAULT CELL_FLASH_CACHE DEFAULT)
  TABLESPACE "SYSTEM" ;
--------------------------------------------------------
--  DDL for Table AGENCES
--------------------------------------------------------

  CREATE TABLE "SYSTEM"."AGENCES" 
   (	"ID" NUMBER(10,0) GENERATED BY DEFAULT ON NULL AS IDENTITY MINVALUE 1 MAXVALUE 9999999999999999999999999999 INCREMENT BY 1 START WITH 1 CACHE 20 NOORDER  NOCYCLE  NOKEEP  NOSCALE , 
	"NUMERO" NVARCHAR2(50), 
	"NOM" NVARCHAR2(100)
   ) PCTFREE 10 PCTUSED 40 INITRANS 1 MAXTRANS 255 
 NOCOMPRESS LOGGING
  STORAGE(INITIAL 65536 NEXT 1048576 MINEXTENTS 1 MAXEXTENTS 2147483645
  PCTINCREASE 0 FREELISTS 1 FREELIST GROUPS 1
  BUFFER_POOL DEFAULT FLASH_CACHE DEFAULT CELL_FLASH_CACHE DEFAULT)
  TABLESPACE "SYSTEM" ;
--------------------------------------------------------
--  DDL for Table AMORTISSEMENTS
--------------------------------------------------------

  CREATE TABLE "SYSTEM"."AMORTISSEMENTS" 
   (	"ID_AMORTISSEMENT" NUMBER GENERATED BY DEFAULT ON NULL AS IDENTITY MINVALUE 1 MAXVALUE 9999999999999999999999999999 INCREMENT BY 1 START WITH 1 CACHE 20 NOORDER  NOCYCLE  NOKEEP  NOSCALE , 
	"ID_BIEN" NUMBER, 
	"ANNEE" NUMBER(4,0), 
	"MONTANT" NUMBER(12,2), 
	"VALEUR_RESIDUELLE" NUMBER(12,2), 
	"DATE_CALCUL" DATE DEFAULT SYSDATE
   ) PCTFREE 10 PCTUSED 40 INITRANS 1 MAXTRANS 255 
 NOCOMPRESS LOGGING
  STORAGE(INITIAL 65536 NEXT 1048576 MINEXTENTS 1 MAXEXTENTS 2147483645
  PCTINCREASE 0 FREELISTS 1 FREELIST GROUPS 1
  BUFFER_POOL DEFAULT FLASH_CACHE DEFAULT CELL_FLASH_CACHE DEFAULT)
  TABLESPACE "SYSTEM" ;
--------------------------------------------------------
--  DDL for Table BIEN_AGENCE
--------------------------------------------------------

  CREATE TABLE "SYSTEM"."BIEN_AGENCE" 
   (	"ID_BIEN" NUMBER, 
	"ID_AGENCE" NUMBER, 
	"DATE_AFFECTATION" DATE, 
	"QUANTITE" NUMBER(10,0), 
	"QUANTITE_CONSO" NUMBER(10,2)
   ) PCTFREE 10 PCTUSED 40 INITRANS 1 MAXTRANS 255 
 NOCOMPRESS LOGGING
  STORAGE(INITIAL 65536 NEXT 1048576 MINEXTENTS 1 MAXEXTENTS 2147483645
  PCTINCREASE 0 FREELISTS 1 FREELIST GROUPS 1
  BUFFER_POOL DEFAULT FLASH_CACHE DEFAULT CELL_FLASH_CACHE DEFAULT)
  TABLESPACE "SYSTEM" ;
--------------------------------------------------------
--  DDL for Table CATEGORIES
--------------------------------------------------------

  CREATE TABLE "SYSTEM"."CATEGORIES" 
   (	"ID_CATEGORIE" NUMBER GENERATED BY DEFAULT ON NULL AS IDENTITY MINVALUE 1 MAXVALUE 9999999999999999999999999999 INCREMENT BY 1 START WITH 1 CACHE 20 NOORDER  NOCYCLE  NOKEEP  NOSCALE , 
	"NOM_CATEGORIE" VARCHAR2(100 BYTE), 
	"DUREE_AMORTISSEMENT" NUMBER(2,0)
   ) PCTFREE 10 PCTUSED 40 INITRANS 1 MAXTRANS 255 
 NOCOMPRESS LOGGING
  STORAGE(INITIAL 65536 NEXT 1048576 MINEXTENTS 1 MAXEXTENTS 2147483645
  PCTINCREASE 0 FREELISTS 1 FREELIST GROUPS 1
  BUFFER_POOL DEFAULT FLASH_CACHE DEFAULT CELL_FLASH_CACHE DEFAULT)
  TABLESPACE "SYSTEM" ;
--------------------------------------------------------
--  DDL for Table __EFMigrationsHistory
--------------------------------------------------------

  CREATE TABLE "SYSTEM"."__EFMigrationsHistory" 
   (	"MigrationId" NVARCHAR2(150), 
	"ProductVersion" NVARCHAR2(32)
   ) PCTFREE 10 PCTUSED 40 INITRANS 1 MAXTRANS 255 
 NOCOMPRESS LOGGING
  STORAGE(INITIAL 65536 NEXT 1048576 MINEXTENTS 1 MAXEXTENTS 2147483645
  PCTINCREASE 0 FREELISTS 1 FREELIST GROUPS 1
  BUFFER_POOL DEFAULT FLASH_CACHE DEFAULT CELL_FLASH_CACHE DEFAULT)
  TABLESPACE "SYSTEM" ;
--------------------------------------------------------
--  DDL for Table ENTREE_FOURNITURES
--------------------------------------------------------

  CREATE TABLE "SYSTEM"."ENTREE_FOURNITURES" 
   (	"ID" NUMBER GENERATED ALWAYS AS IDENTITY MINVALUE 1 MAXVALUE 9999999999999999999999999999 INCREMENT BY 1 START WITH 1 CACHE 20 NOORDER  NOCYCLE  NOKEEP  NOSCALE , 
	"FOURNITURE_ID" NUMBER, 
	"QUANTITE_ENTREE" NUMBER, 
	"DATE_ENTREE" DATE, 
	"PRIX_UNITAIRE" NUMBER(18,2), 
	"MONTANT" NUMBER(18,2)
   ) PCTFREE 10 PCTUSED 40 INITRANS 1 MAXTRANS 255 
 NOCOMPRESS LOGGING
  STORAGE(INITIAL 65536 NEXT 1048576 MINEXTENTS 1 MAXEXTENTS 2147483645
  PCTINCREASE 0 FREELISTS 1 FREELIST GROUPS 1
  BUFFER_POOL DEFAULT FLASH_CACHE DEFAULT CELL_FLASH_CACHE DEFAULT)
  TABLESPACE "SYSTEM" ;
--------------------------------------------------------
--  DDL for Table FOURNITURES
--------------------------------------------------------

  CREATE TABLE "SYSTEM"."FOURNITURES" 
   (	"ID" NUMBER(10,0) GENERATED BY DEFAULT ON NULL AS IDENTITY MINVALUE 1 MAXVALUE 9999999999999999999999999999 INCREMENT BY 1 START WITH 1 CACHE 20 NOORDER  NOCYCLE  NOKEEP  NOSCALE , 
	"NOM" NVARCHAR2(100), 
	"PRIX_UNITAIRE" NUMBER(18,2), 
	"QUANTITE_RESTANTE" NUMBER(10,0), 
	"CATEGORIE" NVARCHAR2(100)
   ) PCTFREE 10 PCTUSED 40 INITRANS 1 MAXTRANS 255 
 NOCOMPRESS LOGGING
  STORAGE(INITIAL 65536 NEXT 1048576 MINEXTENTS 1 MAXEXTENTS 2147483645
  PCTINCREASE 0 FREELISTS 1 FREELIST GROUPS 1
  BUFFER_POOL DEFAULT FLASH_CACHE DEFAULT CELL_FLASH_CACHE DEFAULT)
  TABLESPACE "SYSTEM" ;
--------------------------------------------------------
--  DDL for Table HELP
--------------------------------------------------------

  CREATE TABLE "SYSTEM"."HELP" SHARING=METADATA 
   (	"TOPIC" VARCHAR2(50 BYTE), 
	"SEQ" NUMBER, 
	"INFO" VARCHAR2(80 BYTE)
   ) PCTFREE 0 PCTUSED 40 INITRANS 1 MAXTRANS 255 
 NOCOMPRESS LOGGING
  STORAGE(INITIAL 49152 NEXT 1048576 MINEXTENTS 1 MAXEXTENTS 2147483645
  PCTINCREASE 0 FREELISTS 1 FREELIST GROUPS 1
  BUFFER_POOL DEFAULT FLASH_CACHE DEFAULT CELL_FLASH_CACHE DEFAULT)
  TABLESPACE "SYSTEM" ;
  GRANT SELECT ON "SYSTEM"."HELP" TO PUBLIC;
--------------------------------------------------------
--  DDL for Table IMMOBILISATIONS
--------------------------------------------------------

  CREATE TABLE "SYSTEM"."IMMOBILISATIONS" 
   (	"ID_BIEN" NUMBER GENERATED BY DEFAULT ON NULL AS IDENTITY MINVALUE 1 MAXVALUE 9999999999999999999999999999 INCREMENT BY 1 START WITH 1 CACHE 20 NOORDER  NOCYCLE  NOKEEP  NOSCALE , 
	"NOM_BIEN" VARCHAR2(100 BYTE), 
	"DATE_ACQUISITION" DATE, 
	"VALEUR_ACQUISITION" NUMBER(12,2), 
	"ID_CATEGORIE" NUMBER, 
	"DUREE_PERSONNALISEE" NUMBER(2,0), 
	"STATUT" VARCHAR2(50 BYTE) DEFAULT 'actif', 
	"QUANTITE" NUMBER(10,0), 
	"CODE_BARRE" VARCHAR2(50 BYTE)
   ) PCTFREE 10 PCTUSED 40 INITRANS 1 MAXTRANS 255 
 NOCOMPRESS LOGGING
  STORAGE(INITIAL 65536 NEXT 1048576 MINEXTENTS 1 MAXEXTENTS 2147483645
  PCTINCREASE 0 FREELISTS 1 FREELIST GROUPS 1
  BUFFER_POOL DEFAULT FLASH_CACHE DEFAULT CELL_FLASH_CACHE DEFAULT)
  TABLESPACE "SYSTEM" ;
--------------------------------------------------------
--  DDL for Table LOCALISATIONS
--------------------------------------------------------

  CREATE TABLE "SYSTEM"."LOCALISATIONS" 
   (	"ID_LOCALISATION" NUMBER GENERATED BY DEFAULT ON NULL AS IDENTITY MINVALUE 1 MAXVALUE 9999999999999999999999999999 INCREMENT BY 1 START WITH 1 CACHE 20 NOORDER  NOCYCLE  NOKEEP  NOSCALE , 
	"NOM_LOCALISATION" VARCHAR2(100 BYTE), 
	"RESPONSABLE" VARCHAR2(100 BYTE)
   ) PCTFREE 10 PCTUSED 40 INITRANS 1 MAXTRANS 255 
 NOCOMPRESS LOGGING
  STORAGE(INITIAL 65536 NEXT 1048576 MINEXTENTS 1 MAXEXTENTS 2147483645
  PCTINCREASE 0 FREELISTS 1 FREELIST GROUPS 1
  BUFFER_POOL DEFAULT FLASH_CACHE DEFAULT CELL_FLASH_CACHE DEFAULT)
  TABLESPACE "SYSTEM" ;
--------------------------------------------------------
--  DDL for Table REDO_DB
--------------------------------------------------------

  CREATE TABLE "SYSTEM"."REDO_DB" SHARING=METADATA 
   (	"DBID" NUMBER, 
	"GLOBAL_DBNAME" VARCHAR2(129 BYTE), 
	"DBUNAME" VARCHAR2(32 BYTE), 
	"VERSION" VARCHAR2(32 BYTE), 
	"THREAD#" NUMBER, 
	"RESETLOGS_SCN_BAS" NUMBER, 
	"RESETLOGS_SCN_WRP" NUMBER, 
	"RESETLOGS_TIME" NUMBER, 
	"PRESETLOGS_SCN_BAS" NUMBER, 
	"PRESETLOGS_SCN_WRP" NUMBER, 
	"PRESETLOGS_TIME" NUMBER, 
	"SEQNO_RCV_CUR" NUMBER, 
	"SEQNO_RCV_LO" NUMBER, 
	"SEQNO_RCV_HI" NUMBER, 
	"SEQNO_DONE_CUR" NUMBER, 
	"SEQNO_DONE_LO" NUMBER, 
	"SEQNO_DONE_HI" NUMBER, 
	"GAP_SEQNO" NUMBER, 
	"GAP_RET" NUMBER, 
	"GAP_DONE" NUMBER, 
	"APPLY_SEQNO" NUMBER, 
	"APPLY_DONE" NUMBER, 
	"PURGE_DONE" NUMBER, 
	"HAS_CHILD" NUMBER, 
	"ERROR1" NUMBER, 
	"STATUS" NUMBER, 
	"CREATE_DATE" DATE, 
	"TS1" NUMBER, 
	"TS2" NUMBER, 
	"GAP_NEXT_SCN" NUMBER, 
	"GAP_NEXT_TIME" NUMBER, 
	"CURSCN_TIME" NUMBER, 
	"RESETLOGS_SCN" NUMBER, 
	"PRESETLOGS_SCN" NUMBER, 
	"GAP_RET2" NUMBER, 
	"CURLOG" NUMBER, 
	"ENDIAN" NUMBER, 
	"ENQIDX" NUMBER, 
	"SPARE4" NUMBER, 
	"SPARE5" DATE, 
	"SPARE6" VARCHAR2(65 BYTE), 
	"SPARE7" VARCHAR2(129 BYTE), 
	"TS3" NUMBER, 
	"CURBLKNO" NUMBER, 
	"SPARE8" NUMBER, 
	"SPARE9" NUMBER, 
	"SPARE10" NUMBER, 
	"SPARE11" NUMBER, 
	"SPARE12" NUMBER, 
	"TENANT_KEY" NUMBER
   ) PCTFREE 10 PCTUSED 40 INITRANS 1 MAXTRANS 255 
 NOCOMPRESS LOGGING
  STORAGE(INITIAL 65536 NEXT 1048576 MINEXTENTS 1 MAXEXTENTS 2147483645
  PCTINCREASE 0 FREELISTS 1 FREELIST GROUPS 1
  BUFFER_POOL DEFAULT FLASH_CACHE DEFAULT CELL_FLASH_CACHE DEFAULT)
  TABLESPACE "SYSAUX" ;
--------------------------------------------------------
--  DDL for Table REDO_LOG
--------------------------------------------------------

  CREATE TABLE "SYSTEM"."REDO_LOG" SHARING=METADATA 
   (	"DBID" NUMBER, 
	"GLOBAL_DBNAME" VARCHAR2(129 BYTE), 
	"DBUNAME" VARCHAR2(32 BYTE), 
	"VERSION" VARCHAR2(32 BYTE), 
	"THREAD#" NUMBER, 
	"RESETLOGS_SCN_BAS" NUMBER, 
	"RESETLOGS_SCN_WRP" NUMBER, 
	"RESETLOGS_TIME" NUMBER, 
	"PRESETLOGS_SCN_BAS" NUMBER, 
	"PRESETLOGS_SCN_WRP" NUMBER, 
	"PRESETLOGS_TIME" NUMBER, 
	"SEQUENCE#" NUMBER, 
	"DUPID" NUMBER, 
	"STATUS1" NUMBER, 
	"STATUS2" NUMBER, 
	"CREATE_TIME" VARCHAR2(32 BYTE), 
	"CLOSE_TIME" VARCHAR2(32 BYTE), 
	"DONE_TIME" VARCHAR2(32 BYTE), 
	"FIRST_SCN_BAS" NUMBER, 
	"FIRST_SCN_WRP" NUMBER, 
	"FIRST_TIME" NUMBER, 
	"NEXT_SCN_BAS" NUMBER, 
	"NEXT_SCN_WRP" NUMBER, 
	"NEXT_TIME" NUMBER, 
	"FIRST_SCN" NUMBER, 
	"NEXT_SCN" NUMBER, 
	"RESETLOGS_SCN" NUMBER, 
	"BLOCKS" NUMBER, 
	"BLOCK_SIZE" NUMBER, 
	"OLD_BLOCKS" NUMBER, 
	"CREATE_DATE" DATE, 
	"ERROR1" NUMBER, 
	"ERROR2" NUMBER, 
	"FILENAME" VARCHAR2(513 BYTE), 
	"TS1" NUMBER, 
	"TS2" NUMBER, 
	"ENDIAN" NUMBER, 
	"SPARE2" NUMBER, 
	"SPARE3" NUMBER, 
	"SPARE4" NUMBER, 
	"SPARE5" DATE, 
	"SPARE6" VARCHAR2(65 BYTE), 
	"SPARE7" VARCHAR2(129 BYTE), 
	"TS3" NUMBER, 
	"PRESETLOGS_SCN" NUMBER, 
	"SPARE8" NUMBER, 
	"SPARE9" NUMBER, 
	"SPARE10" NUMBER, 
	"OLD_STATUS1" NUMBER, 
	"OLD_STATUS2" NUMBER, 
	"OLD_FILENAME" VARCHAR2(513 BYTE), 
	"TENANT_KEY" NUMBER
   ) PCTFREE 10 PCTUSED 40 INITRANS 1 MAXTRANS 255 
 NOCOMPRESS LOGGING
  STORAGE(INITIAL 65536 NEXT 1048576 MINEXTENTS 1 MAXEXTENTS 2147483645
  PCTINCREASE 0 FREELISTS 1 FREELIST GROUPS 1
  BUFFER_POOL DEFAULT FLASH_CACHE DEFAULT CELL_FLASH_CACHE DEFAULT)
  TABLESPACE "SYSAUX" ;
--------------------------------------------------------
--  DDL for Table SQLPLUS_PRODUCT_PROFILE
--------------------------------------------------------

  CREATE TABLE "SYSTEM"."SQLPLUS_PRODUCT_PROFILE" SHARING=METADATA 
   (	"PRODUCT" VARCHAR2(30 BYTE), 
	"USERID" VARCHAR2(128 BYTE), 
	"ATTRIBUTE" VARCHAR2(240 BYTE), 
	"SCOPE" VARCHAR2(240 BYTE), 
	"NUMERIC_VALUE" NUMBER(15,2), 
	"CHAR_VALUE" VARCHAR2(240 BYTE), 
	"DATE_VALUE" DATE, 
	"LONG_VALUE" LONG
   ) PCTFREE 10 PCTUSED 40 INITRANS 1 MAXTRANS 255 
 NOCOMPRESS LOGGING
  STORAGE(INITIAL 65536 NEXT 1048576 MINEXTENTS 1 MAXEXTENTS 2147483645
  PCTINCREASE 0 FREELISTS 1 FREELIST GROUPS 1
  BUFFER_POOL DEFAULT FLASH_CACHE DEFAULT CELL_FLASH_CACHE DEFAULT)
  TABLESPACE "SYSTEM" ;
--------------------------------------------------------
--  DDL for Table USER_AGENCE
--------------------------------------------------------

  CREATE TABLE "SYSTEM"."USER_AGENCE" 
   (	"ID" NUMBER(10,0) GENERATED BY DEFAULT ON NULL AS IDENTITY MINVALUE 1 MAXVALUE 9999999999999999999999999999 INCREMENT BY 1 START WITH 1 CACHE 20 NOORDER  NOCYCLE  NOKEEP  NOSCALE , 
	"USER_ID" NUMBER(10,0), 
	"AGENCE_ID" NUMBER(10,0), 
	"DATE_ASSOCIATION" TIMESTAMP (7) DEFAULT CURRENT_TIMESTAMP
   ) PCTFREE 10 PCTUSED 40 INITRANS 1 MAXTRANS 255 
 NOCOMPRESS LOGGING
  STORAGE(INITIAL 65536 NEXT 1048576 MINEXTENTS 1 MAXEXTENTS 2147483645
  PCTINCREASE 0 FREELISTS 1 FREELIST GROUPS 1
  BUFFER_POOL DEFAULT FLASH_CACHE DEFAULT CELL_FLASH_CACHE DEFAULT)
  TABLESPACE "SYSTEM" ;
--------------------------------------------------------
--  DDL for Table USER_FOURNITURE
--------------------------------------------------------

  CREATE TABLE "SYSTEM"."USER_FOURNITURE" 
   (	"ID" NUMBER(10,0) GENERATED BY DEFAULT ON NULL AS IDENTITY MINVALUE 1 MAXVALUE 9999999999999999999999999999 INCREMENT BY 1 START WITH 1 CACHE 20 NOORDER  NOCYCLE  NOKEEP  NOSCALE , 
	"USER_ID" NUMBER(10,0), 
	"FOURNITURE_ID" NUMBER(10,0), 
	"DATE_ASSOCIATION" TIMESTAMP (7) DEFAULT CURRENT_TIMESTAMP
   ) PCTFREE 10 PCTUSED 40 INITRANS 1 MAXTRANS 255 
 NOCOMPRESS LOGGING
  STORAGE(INITIAL 65536 NEXT 1048576 MINEXTENTS 1 MAXEXTENTS 2147483645
  PCTINCREASE 0 FREELISTS 1 FREELIST GROUPS 1
  BUFFER_POOL DEFAULT FLASH_CACHE DEFAULT CELL_FLASH_CACHE DEFAULT)
  TABLESPACE "SYSTEM" ;
--------------------------------------------------------
--  DDL for Table USERS
--------------------------------------------------------

  CREATE TABLE "SYSTEM"."USERS" 
   (	"ID" NUMBER(10,0) GENERATED BY DEFAULT ON NULL AS IDENTITY MINVALUE 1 MAXVALUE 9999999999999999999999999999 INCREMENT BY 1 START WITH 1 CACHE 20 NOORDER  NOCYCLE  NOKEEP  NOSCALE , 
	"NOM" NVARCHAR2(100), 
	"PRENOM" NVARCHAR2(100), 
	"EMAIL" NVARCHAR2(100), 
	"MOT_DE_PASSE" NVARCHAR2(2000), 
	"FONCTION" VARCHAR2(20 BYTE)
   ) PCTFREE 10 PCTUSED 40 INITRANS 1 MAXTRANS 255 
 NOCOMPRESS LOGGING
  STORAGE(INITIAL 65536 NEXT 1048576 MINEXTENTS 1 MAXEXTENTS 2147483645
  PCTINCREASE 0 FREELISTS 1 FREELIST GROUPS 1
  BUFFER_POOL DEFAULT FLASH_CACHE DEFAULT CELL_FLASH_CACHE DEFAULT)
  TABLESPACE "SYSTEM" ;
--------------------------------------------------------
--  DDL for View MVIEW_EVALUATIONS
--------------------------------------------------------

  CREATE OR REPLACE FORCE NONEDITIONABLE VIEW "SYSTEM"."MVIEW_EVALUATIONS" ("RUNID", "MVIEW_OWNER", "MVIEW_NAME", "RANK", "STORAGE_IN_BYTES", "FREQUENCY", "CUMULATIVE_BENEFIT", "BENEFIT_TO_COST_RATIO") AS 
  select
  t1.runid# as runid,
  summary_owner AS mview_owner,
  summary_name AS mview_name,
  rank# as rank,
  storage_in_bytes,
  frequency,
  cumulative_benefit,
  benefit_to_cost_ratio
from SYSTEM.MVIEW$_ADV_OUTPUT t1, SYSTEM.MVIEW$_ADV_LOG t2, SYS.ALL_USERS u
where
  t1.runid# = t2.runid# and
  u.username = t2.uname and
  u.user_id = userenv('SCHEMAID') and
  t1.output_type = 1
order by t1.rank#;

   COMMENT ON TABLE "SYSTEM"."MVIEW_EVALUATIONS"  IS 'This view gives DBA access to summary evaluation output'
;
--------------------------------------------------------
--  DDL for View MVIEW_EXCEPTIONS
--------------------------------------------------------

  CREATE OR REPLACE FORCE NONEDITIONABLE VIEW "SYSTEM"."MVIEW_EXCEPTIONS" ("RUNID", "OWNER", "TABLE_NAME", "DIMENSION_NAME", "RELATIONSHIP", "BAD_ROWID") AS 
  select
  t1.runid# as runid,
  owner,
  table_name,
  dimension_name,
  relationship,
  bad_rowid
from SYSTEM.MVIEW$_ADV_EXCEPTIONS t1, SYSTEM.MVIEW$_ADV_LOG t2, SYS.ALL_USERS u
where
  t1.runid# = t2.runid# and
  u.username = t2.uname and
  u.user_id = userenv('SCHEMAID');

   COMMENT ON TABLE "SYSTEM"."MVIEW_EXCEPTIONS"  IS 'This view gives DBA access to dimension validation results'
;
--------------------------------------------------------
--  DDL for View MVIEW_FILTER
--------------------------------------------------------

  CREATE OR REPLACE FORCE NONEDITIONABLE VIEW "SYSTEM"."MVIEW_FILTER" ("FILTERID", "SUBFILTERNUM", "SUBFILTERTYPE", "STR_VALUE", "NUM_VALUE1", "NUM_VALUE2", "DATE_VALUE1", "DATE_VALUE2") AS 
  select
      a.filterid# as filterid,
      a.subfilternum# as subfilternum,
      decode(a.subfiltertype,1,'APPLICATION',2,'CARDINALITY',3,'LASTUSE',
                             4,'FREQUENCY',5,'USER',6,'PRIORITY',7,'BASETABLE',
                             8,'RESPONSETIME',9,'COLLECTIONID',10,'TRACENAME',
                             11,'SCHEMA','UNKNOWN') AS subfiltertype,
      a.str_value,
      to_number(decode(a.num_value1,-999,NULL,a.num_value1)) AS num_value1,
      to_number(decode(a.num_value2,-999,NULL,a.num_value2)) AS num_value2,
      a.date_value1,
      a.date_value2
   from system.mview$_adv_filter a, system.mview$_adv_log b, SYS.ALL_USERS u
   WHERE a.filterid# = b.runid#
   AND b.uname = u.username
   AND u.user_id = userenv('SCHEMAID');

   COMMENT ON TABLE "SYSTEM"."MVIEW_FILTER"  IS 'Workload filter records'
;
--------------------------------------------------------
--  DDL for View MVIEW_FILTERINSTANCE
--------------------------------------------------------

  CREATE OR REPLACE FORCE NONEDITIONABLE VIEW "SYSTEM"."MVIEW_FILTERINSTANCE" ("RUNID", "FILTERID", "SUBFILTERNUM", "SUBFILTERTYPE", "STR_VALUE", "NUM_VALUE1", "NUM_VALUE2", "DATE_VALUE1", "DATE_VALUE2") AS 
  select
      a.runid# as runid,
      a.filterid# as filterid,
      a.subfilternum# as subfilternum,
      decode(a.subfiltertype,1,'APPLICATION',2,'CARDINALITY',3,'LASTUSE',
                             4,'FREQUENCY',5,'USER',6,'PRIORITY',7,'BASETABLE',
                             8,'RESPONSETIME',9,'COLLECTIONID',10,'TRACENAME',
                             11,'SCHEMA','UNKNOWN') AS subfiltertype,
      a.str_value,
      to_number(decode(a.num_value1,-999,NULL,a.num_value1)) AS num_value1,
      to_number(decode(a.num_value2,-999,NULL,a.num_value2)) AS num_value2,
      a.date_value1,
      a.date_value2
   from system.mview$_adv_filterinstance a;

   COMMENT ON TABLE "SYSTEM"."MVIEW_FILTERINSTANCE"  IS 'Workload filter instance records'
;
--------------------------------------------------------
--  DDL for View MVIEW_LOG
--------------------------------------------------------

  CREATE OR REPLACE FORCE NONEDITIONABLE VIEW "SYSTEM"."MVIEW_LOG" ("ID", "FILTERID", "RUN_BEGIN", "RUN_END", "TYPE", "STATUS", "MESSAGE", "COMPLETED", "TOTAL", "ERROR_CODE") AS 
  select
      m.runid# as id,
      m.filterid# as filterid,
      m.run_begin,
      m.run_end,
      decode(m.run_type,1,'EVALUATE',2,'EVALUATE_W',3,'RECOMMEND',
                      4,'RECOMMEND_W',5,'VALIDATE',6,'WORKLOAD',
                      7,'FILTER','UNKNOWN') AS type,
      decode(m.status,0,'UNUSED',1,'CANCELLED',2,'IN_PROGRESS',3,'COMPLETED',
                    4,'ERROR','UNKNOWN') AS status,
      m.message,
      m.completed,
      m.total,
      m.error_code
   from system.mview$_adv_log m, sys.all_users u
   where m.uname = u.username
   and   u.user_id = userenv('SCHEMAID');

   COMMENT ON TABLE "SYSTEM"."MVIEW_LOG"  IS 'Advisor session log'
;
--------------------------------------------------------
--  DDL for View MVIEW_RECOMMENDATIONS
--------------------------------------------------------

  CREATE OR REPLACE FORCE NONEDITIONABLE VIEW "SYSTEM"."MVIEW_RECOMMENDATIONS" ("RUNID", "ALL_TABLES", "FACT_TABLES", "GROUPING_LEVELS", "QUERY_TEXT", "RECOMMENDATION_NUMBER", "RECOMMENDED_ACTION", "MVIEW_OWNER", "MVIEW_NAME", "STORAGE_IN_BYTES", "PCT_PERFORMANCE_GAIN", "BENEFIT_TO_COST_RATIO") AS 
  select
  t1.runid# as runid,
  t1.from_clause as all_tables,
  fact_tables,
  grouping_levels,
  query_text,
  rank# as recommendation_number,
  action_type as recommended_action,
  summary_owner as mview_owner,
  summary_name as mview_name,
  storage_in_bytes,
  pct_performance_gain,
  benefit_to_cost_ratio
from SYSTEM.MVIEW$_ADV_OUTPUT t1, SYSTEM.MVIEW$_ADV_LOG t2, SYS.ALL_USERS u
where
  t1.runid# = t2.runid# and
  u.username = t2.uname and
  u.user_id = userenv('SCHEMAID') and
  t1.output_type = 0
order by t1.rank#;

   COMMENT ON TABLE "SYSTEM"."MVIEW_RECOMMENDATIONS"  IS 'This view gives DBA access to summary recommendations'
;
--------------------------------------------------------
--  DDL for View MVIEW_WORKLOAD
--------------------------------------------------------

  CREATE OR REPLACE FORCE NONEDITIONABLE VIEW "SYSTEM"."MVIEW_WORKLOAD" ("WORKLOADID", "IMPORT_TIME", "QUERYID", "APPLICATION", "CARDINALITY", "RESULTSIZE", "LASTUSE", "FREQUENCY", "OWNER", "PRIORITY", "QUERY", "RESPONSETIME") AS 
  select
  a.collectionid# as workloadid,
  a.collecttime as import_time,
  a.queryid# as queryid,
  a.application,
  a.cardinality,
  a.resultsize,
  a.qdate as lastuse,
  a.frequency,
  a.uname as owner,
  a.priority,
  a.sql_text as query,
  a.exec_time as responsetime
from SYSTEM.MVIEW$_ADV_WORKLOAD A, SYSTEM.MVIEW$_ADV_LOG B, SYS.ALL_USERS D
WHERE a.collectionid# = b.runid#
AND b.uname = d.username
AND d.user_id = userenv('SCHEMAID');

   COMMENT ON TABLE "SYSTEM"."MVIEW_WORKLOAD"  IS 'This view gives DBA access to shared workload'
;
--------------------------------------------------------
--  DDL for View PRODUCT_PRIVS
--------------------------------------------------------

  CREATE OR REPLACE FORCE NONEDITIONABLE VIEW "SYSTEM"."PRODUCT_PRIVS" ("PRODUCT", "USERID", "ATTRIBUTE", "SCOPE", "NUMERIC_VALUE", "CHAR_VALUE", "DATE_VALUE", "LONG_VALUE") AS 
  SELECT PRODUCT, USERID, ATTRIBUTE, SCOPE,
         NUMERIC_VALUE, CHAR_VALUE, DATE_VALUE, LONG_VALUE
  FROM SQLPLUS_PRODUCT_PROFILE
  WHERE USERID = 'PUBLIC' OR
        USERID LIKE SYS_CONTEXT('USERENV','CURRENT_USER')
;
  GRANT READ ON "SYSTEM"."PRODUCT_PRIVS" TO PUBLIC;
--------------------------------------------------------
--  DDL for View SCHEDULER_JOB_ARGS
--------------------------------------------------------

  CREATE OR REPLACE FORCE NONEDITIONABLE VIEW "SYSTEM"."SCHEDULER_JOB_ARGS" ("OWNER", "JOB_NAME", "ARGUMENT_NAME", "ARGUMENT_POSITION", "ARGUMENT_TYPE", "VALUE", "ANYDATA_VALUE", "OUT_ARGUMENT") AS 
  SELECT "OWNER","JOB_NAME","ARGUMENT_NAME","ARGUMENT_POSITION","ARGUMENT_TYPE","VALUE","ANYDATA_VALUE","OUT_ARGUMENT" FROM sys.all_scheduler_job_args
;
  GRANT SELECT ON "SYSTEM"."SCHEDULER_JOB_ARGS" TO "SELECT_CATALOG_ROLE";
--------------------------------------------------------
--  DDL for View SCHEDULER_PROGRAM_ARGS
--------------------------------------------------------

  CREATE OR REPLACE FORCE NONEDITIONABLE VIEW "SYSTEM"."SCHEDULER_PROGRAM_ARGS" ("OWNER", "PROGRAM_NAME", "ARGUMENT_NAME", "ARGUMENT_POSITION", "ARGUMENT_TYPE", "METADATA_ATTRIBUTE", "DEFAULT_VALUE", "DEFAULT_ANYDATA_VALUE", "OUT_ARGUMENT") AS 
  SELECT "OWNER","PROGRAM_NAME","ARGUMENT_NAME","ARGUMENT_POSITION","ARGUMENT_TYPE","METADATA_ATTRIBUTE","DEFAULT_VALUE","DEFAULT_ANYDATA_VALUE","OUT_ARGUMENT" FROM sys.all_scheduler_program_args
;
  GRANT SELECT ON "SYSTEM"."SCHEDULER_PROGRAM_ARGS" TO "SELECT_CATALOG_ROLE";
REM INSERTING into SYSTEM.AGENCE_FOURNITURE
SET DEFINE OFF;
Insert into SYSTEM.AGENCE_FOURNITURE (ID,AGENCE_ID,FOURNITURE_ID,DATE_ASSOCIATION,QUANTITE,CONSO_MM) values ('1','1','1',to_timestamp('02/06/25 10:23:32,358789600','DD/MM/RR HH24:MI:SSXFF'),'32',null);
Insert into SYSTEM.AGENCE_FOURNITURE (ID,AGENCE_ID,FOURNITURE_ID,DATE_ASSOCIATION,QUANTITE,CONSO_MM) values ('3','2','82',to_timestamp('10/06/25 10:18:13,855948500','DD/MM/RR HH24:MI:SSXFF'),'20','10');
Insert into SYSTEM.AGENCE_FOURNITURE (ID,AGENCE_ID,FOURNITURE_ID,DATE_ASSOCIATION,QUANTITE,CONSO_MM) values ('4','82','66',to_timestamp('27/05/25 10:31:45,802437500','DD/MM/RR HH24:MI:SSXFF'),'5',null);
Insert into SYSTEM.AGENCE_FOURNITURE (ID,AGENCE_ID,FOURNITURE_ID,DATE_ASSOCIATION,QUANTITE,CONSO_MM) values ('2','83','121',to_timestamp('28/05/25 09:28:06,117252500','DD/MM/RR HH24:MI:SSXFF'),'20',null);
Insert into SYSTEM.AGENCE_FOURNITURE (ID,AGENCE_ID,FOURNITURE_ID,DATE_ASSOCIATION,QUANTITE,CONSO_MM) values ('5','81','67',to_timestamp('27/05/25 10:32:22,952625100','DD/MM/RR HH24:MI:SSXFF'),'2',null);
Insert into SYSTEM.AGENCE_FOURNITURE (ID,AGENCE_ID,FOURNITURE_ID,DATE_ASSOCIATION,QUANTITE,CONSO_MM) values ('62','2','161',to_timestamp('02/06/25 19:58:29,236237100','DD/MM/RR HH24:MI:SSXFF'),'5',null);
Insert into SYSTEM.AGENCE_FOURNITURE (ID,AGENCE_ID,FOURNITURE_ID,DATE_ASSOCIATION,QUANTITE,CONSO_MM) values ('81','1','142',to_timestamp('04/06/25 09:44:17,408462500','DD/MM/RR HH24:MI:SSXFF'),'5',null);
Insert into SYSTEM.AGENCE_FOURNITURE (ID,AGENCE_ID,FOURNITURE_ID,DATE_ASSOCIATION,QUANTITE,CONSO_MM) values ('8','2','65',to_timestamp('27/05/25 11:04:30,423622600','DD/MM/RR HH24:MI:SSXFF'),'3',null);
Insert into SYSTEM.AGENCE_FOURNITURE (ID,AGENCE_ID,FOURNITURE_ID,DATE_ASSOCIATION,QUANTITE,CONSO_MM) values ('9','22','65',to_timestamp('27/05/25 11:04:30,438403500','DD/MM/RR HH24:MI:SSXFF'),'2',null);
Insert into SYSTEM.AGENCE_FOURNITURE (ID,AGENCE_ID,FOURNITURE_ID,DATE_ASSOCIATION,QUANTITE,CONSO_MM) values ('10','82','1',to_timestamp('27/05/25 11:05:24,209306600','DD/MM/RR HH24:MI:SSXFF'),'5',null);
Insert into SYSTEM.AGENCE_FOURNITURE (ID,AGENCE_ID,FOURNITURE_ID,DATE_ASSOCIATION,QUANTITE,CONSO_MM) values ('21','41','66',to_timestamp('27/05/25 14:16:12,543737600','DD/MM/RR HH24:MI:SSXFF'),'20',null);
Insert into SYSTEM.AGENCE_FOURNITURE (ID,AGENCE_ID,FOURNITURE_ID,DATE_ASSOCIATION,QUANTITE,CONSO_MM) values ('22','1','101',to_timestamp('27/05/25 14:17:02,995142600','DD/MM/RR HH24:MI:SSXFF'),'2',null);
Insert into SYSTEM.AGENCE_FOURNITURE (ID,AGENCE_ID,FOURNITURE_ID,DATE_ASSOCIATION,QUANTITE,CONSO_MM) values ('23','82','67',to_timestamp('27/05/25 14:31:16,276217500','DD/MM/RR HH24:MI:SSXFF'),'3',null);
Insert into SYSTEM.AGENCE_FOURNITURE (ID,AGENCE_ID,FOURNITURE_ID,DATE_ASSOCIATION,QUANTITE,CONSO_MM) values ('24','41','65',to_timestamp('27/05/25 14:33:40,511648400','DD/MM/RR HH24:MI:SSXFF'),'3',null);
Insert into SYSTEM.AGENCE_FOURNITURE (ID,AGENCE_ID,FOURNITURE_ID,DATE_ASSOCIATION,QUANTITE,CONSO_MM) values ('25','83','101',to_timestamp('27/05/25 15:45:05,408115800','DD/MM/RR HH24:MI:SSXFF'),'5',null);
Insert into SYSTEM.AGENCE_FOURNITURE (ID,AGENCE_ID,FOURNITURE_ID,DATE_ASSOCIATION,QUANTITE,CONSO_MM) values ('26','22','82',to_timestamp('28/05/25 11:40:35,439144100','DD/MM/RR HH24:MI:SSXFF'),'20',null);
Insert into SYSTEM.AGENCE_FOURNITURE (ID,AGENCE_ID,FOURNITURE_ID,DATE_ASSOCIATION,QUANTITE,CONSO_MM) values ('27','82','82',to_timestamp('28/05/25 09:26:09,496879400','DD/MM/RR HH24:MI:SSXFF'),'5',null);
Insert into SYSTEM.AGENCE_FOURNITURE (ID,AGENCE_ID,FOURNITURE_ID,DATE_ASSOCIATION,QUANTITE,CONSO_MM) values ('41','102','82',to_timestamp('30/05/25 09:40:03,776043000','DD/MM/RR HH24:MI:SSXFF'),'5',null);
Insert into SYSTEM.AGENCE_FOURNITURE (ID,AGENCE_ID,FOURNITURE_ID,DATE_ASSOCIATION,QUANTITE,CONSO_MM) values ('42','1','121',to_timestamp('30/05/25 09:54:38,258564000','DD/MM/RR HH24:MI:SSXFF'),'2',null);
Insert into SYSTEM.AGENCE_FOURNITURE (ID,AGENCE_ID,FOURNITURE_ID,DATE_ASSOCIATION,QUANTITE,CONSO_MM) values ('61','102','1',to_timestamp('02/06/25 19:06:37,131131900','DD/MM/RR HH24:MI:SSXFF'),'10',null);
Insert into SYSTEM.AGENCE_FOURNITURE (ID,AGENCE_ID,FOURNITURE_ID,DATE_ASSOCIATION,QUANTITE,CONSO_MM) values ('101','2','1',to_timestamp('10/06/25 10:18:45,962914600','DD/MM/RR HH24:MI:SSXFF'),'8','2');
Insert into SYSTEM.AGENCE_FOURNITURE (ID,AGENCE_ID,FOURNITURE_ID,DATE_ASSOCIATION,QUANTITE,CONSO_MM) values ('121','2','67',to_timestamp('10/06/25 10:28:25,130487600','DD/MM/RR HH24:MI:SSXFF'),'2','3');
REM INSERTING into SYSTEM.AGENCES
SET DEFINE OFF;
Insert into SYSTEM.AGENCES (ID,NUMERO,NOM) values ('1','001','Tsaralalana');
Insert into SYSTEM.AGENCES (ID,NUMERO,NOM) values ('2','002','Ankatso');
Insert into SYSTEM.AGENCES (ID,NUMERO,NOM) values ('22','004','Antsirabe');
Insert into SYSTEM.AGENCES (ID,NUMERO,NOM) values ('41','030','Tsiadana');
Insert into SYSTEM.AGENCES (ID,NUMERO,NOM) values ('101','071','Analavory');
Insert into SYSTEM.AGENCES (ID,NUMERO,NOM) values ('81','039','Anosy');
Insert into SYSTEM.AGENCES (ID,NUMERO,NOM) values ('82','100','Diego');
Insert into SYSTEM.AGENCES (ID,NUMERO,NOM) values ('83','075','Tuléar');
Insert into SYSTEM.AGENCES (ID,NUMERO,NOM) values ('102','108','Ankadimbaoka');
REM INSERTING into SYSTEM.AMORTISSEMENTS
SET DEFINE OFF;
Insert into SYSTEM.AMORTISSEMENTS (ID_AMORTISSEMENT,ID_BIEN,ANNEE,MONTANT,VALEUR_RESIDUELLE,DATE_CALCUL) values ('1','1','2023','499,95','1000,05',to_date('09/05/25','DD/MM/RR'));
Insert into SYSTEM.AMORTISSEMENTS (ID_AMORTISSEMENT,ID_BIEN,ANNEE,MONTANT,VALEUR_RESIDUELLE,DATE_CALCUL) values ('2','1','2024','499,95','500,1',to_date('09/05/25','DD/MM/RR'));
Insert into SYSTEM.AMORTISSEMENTS (ID_AMORTISSEMENT,ID_BIEN,ANNEE,MONTANT,VALEUR_RESIDUELLE,DATE_CALCUL) values ('21','81','2025','333,33','666,67',to_date('03/06/25','DD/MM/RR'));
Insert into SYSTEM.AMORTISSEMENTS (ID_AMORTISSEMENT,ID_BIEN,ANNEE,MONTANT,VALEUR_RESIDUELLE,DATE_CALCUL) values ('22','81','2026','333,33','333,33',to_date('03/06/25','DD/MM/RR'));
Insert into SYSTEM.AMORTISSEMENTS (ID_AMORTISSEMENT,ID_BIEN,ANNEE,MONTANT,VALEUR_RESIDUELLE,DATE_CALCUL) values ('23','81','2027','333,33','0',to_date('03/06/25','DD/MM/RR'));
Insert into SYSTEM.AMORTISSEMENTS (ID_AMORTISSEMENT,ID_BIEN,ANNEE,MONTANT,VALEUR_RESIDUELLE,DATE_CALCUL) values ('24','82','2025','333333,33','4666666,67',to_date('03/06/25','DD/MM/RR'));
Insert into SYSTEM.AMORTISSEMENTS (ID_AMORTISSEMENT,ID_BIEN,ANNEE,MONTANT,VALEUR_RESIDUELLE,DATE_CALCUL) values ('25','82','2026','333333,33','4333333,33',to_date('03/06/25','DD/MM/RR'));
Insert into SYSTEM.AMORTISSEMENTS (ID_AMORTISSEMENT,ID_BIEN,ANNEE,MONTANT,VALEUR_RESIDUELLE,DATE_CALCUL) values ('26','82','2027','333333,33','4000000',to_date('03/06/25','DD/MM/RR'));
Insert into SYSTEM.AMORTISSEMENTS (ID_AMORTISSEMENT,ID_BIEN,ANNEE,MONTANT,VALEUR_RESIDUELLE,DATE_CALCUL) values ('27','82','2028','333333,33','3666666,67',to_date('03/06/25','DD/MM/RR'));
Insert into SYSTEM.AMORTISSEMENTS (ID_AMORTISSEMENT,ID_BIEN,ANNEE,MONTANT,VALEUR_RESIDUELLE,DATE_CALCUL) values ('28','82','2029','333333,33','3333333,33',to_date('03/06/25','DD/MM/RR'));
Insert into SYSTEM.AMORTISSEMENTS (ID_AMORTISSEMENT,ID_BIEN,ANNEE,MONTANT,VALEUR_RESIDUELLE,DATE_CALCUL) values ('29','82','2030','333333,33','3000000',to_date('03/06/25','DD/MM/RR'));
Insert into SYSTEM.AMORTISSEMENTS (ID_AMORTISSEMENT,ID_BIEN,ANNEE,MONTANT,VALEUR_RESIDUELLE,DATE_CALCUL) values ('30','82','2031','333333,33','2666666,67',to_date('03/06/25','DD/MM/RR'));
Insert into SYSTEM.AMORTISSEMENTS (ID_AMORTISSEMENT,ID_BIEN,ANNEE,MONTANT,VALEUR_RESIDUELLE,DATE_CALCUL) values ('31','82','2032','333333,33','2333333,33',to_date('03/06/25','DD/MM/RR'));
Insert into SYSTEM.AMORTISSEMENTS (ID_AMORTISSEMENT,ID_BIEN,ANNEE,MONTANT,VALEUR_RESIDUELLE,DATE_CALCUL) values ('32','82','2033','333333,33','2000000',to_date('03/06/25','DD/MM/RR'));
Insert into SYSTEM.AMORTISSEMENTS (ID_AMORTISSEMENT,ID_BIEN,ANNEE,MONTANT,VALEUR_RESIDUELLE,DATE_CALCUL) values ('33','82','2034','333333,33','1666666,67',to_date('03/06/25','DD/MM/RR'));
Insert into SYSTEM.AMORTISSEMENTS (ID_AMORTISSEMENT,ID_BIEN,ANNEE,MONTANT,VALEUR_RESIDUELLE,DATE_CALCUL) values ('34','82','2035','333333,33','1333333,33',to_date('03/06/25','DD/MM/RR'));
Insert into SYSTEM.AMORTISSEMENTS (ID_AMORTISSEMENT,ID_BIEN,ANNEE,MONTANT,VALEUR_RESIDUELLE,DATE_CALCUL) values ('35','82','2036','333333,33','1000000',to_date('03/06/25','DD/MM/RR'));
Insert into SYSTEM.AMORTISSEMENTS (ID_AMORTISSEMENT,ID_BIEN,ANNEE,MONTANT,VALEUR_RESIDUELLE,DATE_CALCUL) values ('36','82','2037','333333,33','666666,67',to_date('03/06/25','DD/MM/RR'));
Insert into SYSTEM.AMORTISSEMENTS (ID_AMORTISSEMENT,ID_BIEN,ANNEE,MONTANT,VALEUR_RESIDUELLE,DATE_CALCUL) values ('37','82','2038','333333,33','333333,33',to_date('03/06/25','DD/MM/RR'));
Insert into SYSTEM.AMORTISSEMENTS (ID_AMORTISSEMENT,ID_BIEN,ANNEE,MONTANT,VALEUR_RESIDUELLE,DATE_CALCUL) values ('38','82','2039','333333,33','0',to_date('03/06/25','DD/MM/RR'));
Insert into SYSTEM.AMORTISSEMENTS (ID_AMORTISSEMENT,ID_BIEN,ANNEE,MONTANT,VALEUR_RESIDUELLE,DATE_CALCUL) values ('41','101','2025','400000','5600000',to_date('03/06/25','DD/MM/RR'));
Insert into SYSTEM.AMORTISSEMENTS (ID_AMORTISSEMENT,ID_BIEN,ANNEE,MONTANT,VALEUR_RESIDUELLE,DATE_CALCUL) values ('42','101','2026','400000','5200000',to_date('03/06/25','DD/MM/RR'));
Insert into SYSTEM.AMORTISSEMENTS (ID_AMORTISSEMENT,ID_BIEN,ANNEE,MONTANT,VALEUR_RESIDUELLE,DATE_CALCUL) values ('43','101','2027','400000','4800000',to_date('03/06/25','DD/MM/RR'));
Insert into SYSTEM.AMORTISSEMENTS (ID_AMORTISSEMENT,ID_BIEN,ANNEE,MONTANT,VALEUR_RESIDUELLE,DATE_CALCUL) values ('44','101','2028','400000','4400000',to_date('03/06/25','DD/MM/RR'));
Insert into SYSTEM.AMORTISSEMENTS (ID_AMORTISSEMENT,ID_BIEN,ANNEE,MONTANT,VALEUR_RESIDUELLE,DATE_CALCUL) values ('45','101','2029','400000','4000000',to_date('03/06/25','DD/MM/RR'));
Insert into SYSTEM.AMORTISSEMENTS (ID_AMORTISSEMENT,ID_BIEN,ANNEE,MONTANT,VALEUR_RESIDUELLE,DATE_CALCUL) values ('46','101','2030','400000','3600000',to_date('03/06/25','DD/MM/RR'));
Insert into SYSTEM.AMORTISSEMENTS (ID_AMORTISSEMENT,ID_BIEN,ANNEE,MONTANT,VALEUR_RESIDUELLE,DATE_CALCUL) values ('47','101','2031','400000','3200000',to_date('03/06/25','DD/MM/RR'));
Insert into SYSTEM.AMORTISSEMENTS (ID_AMORTISSEMENT,ID_BIEN,ANNEE,MONTANT,VALEUR_RESIDUELLE,DATE_CALCUL) values ('48','101','2032','400000','2800000',to_date('03/06/25','DD/MM/RR'));
Insert into SYSTEM.AMORTISSEMENTS (ID_AMORTISSEMENT,ID_BIEN,ANNEE,MONTANT,VALEUR_RESIDUELLE,DATE_CALCUL) values ('49','101','2033','400000','2400000',to_date('03/06/25','DD/MM/RR'));
Insert into SYSTEM.AMORTISSEMENTS (ID_AMORTISSEMENT,ID_BIEN,ANNEE,MONTANT,VALEUR_RESIDUELLE,DATE_CALCUL) values ('50','101','2034','400000','2000000',to_date('03/06/25','DD/MM/RR'));
Insert into SYSTEM.AMORTISSEMENTS (ID_AMORTISSEMENT,ID_BIEN,ANNEE,MONTANT,VALEUR_RESIDUELLE,DATE_CALCUL) values ('51','101','2035','400000','1600000',to_date('03/06/25','DD/MM/RR'));
Insert into SYSTEM.AMORTISSEMENTS (ID_AMORTISSEMENT,ID_BIEN,ANNEE,MONTANT,VALEUR_RESIDUELLE,DATE_CALCUL) values ('52','101','2036','400000','1200000',to_date('03/06/25','DD/MM/RR'));
Insert into SYSTEM.AMORTISSEMENTS (ID_AMORTISSEMENT,ID_BIEN,ANNEE,MONTANT,VALEUR_RESIDUELLE,DATE_CALCUL) values ('53','101','2037','400000','800000',to_date('03/06/25','DD/MM/RR'));
Insert into SYSTEM.AMORTISSEMENTS (ID_AMORTISSEMENT,ID_BIEN,ANNEE,MONTANT,VALEUR_RESIDUELLE,DATE_CALCUL) values ('54','101','2038','400000','400000',to_date('03/06/25','DD/MM/RR'));
Insert into SYSTEM.AMORTISSEMENTS (ID_AMORTISSEMENT,ID_BIEN,ANNEE,MONTANT,VALEUR_RESIDUELLE,DATE_CALCUL) values ('55','101','2039','400000','0',to_date('03/06/25','DD/MM/RR'));
Insert into SYSTEM.AMORTISSEMENTS (ID_AMORTISSEMENT,ID_BIEN,ANNEE,MONTANT,VALEUR_RESIDUELLE,DATE_CALCUL) values ('56','102','2025','300000','1200000',to_date('03/06/25','DD/MM/RR'));
Insert into SYSTEM.AMORTISSEMENTS (ID_AMORTISSEMENT,ID_BIEN,ANNEE,MONTANT,VALEUR_RESIDUELLE,DATE_CALCUL) values ('57','102','2026','300000','900000',to_date('03/06/25','DD/MM/RR'));
Insert into SYSTEM.AMORTISSEMENTS (ID_AMORTISSEMENT,ID_BIEN,ANNEE,MONTANT,VALEUR_RESIDUELLE,DATE_CALCUL) values ('58','102','2027','300000','600000',to_date('03/06/25','DD/MM/RR'));
Insert into SYSTEM.AMORTISSEMENTS (ID_AMORTISSEMENT,ID_BIEN,ANNEE,MONTANT,VALEUR_RESIDUELLE,DATE_CALCUL) values ('59','102','2028','300000','300000',to_date('03/06/25','DD/MM/RR'));
Insert into SYSTEM.AMORTISSEMENTS (ID_AMORTISSEMENT,ID_BIEN,ANNEE,MONTANT,VALEUR_RESIDUELLE,DATE_CALCUL) values ('60','102','2029','300000','0',to_date('03/06/25','DD/MM/RR'));
REM INSERTING into SYSTEM.BIEN_AGENCE
SET DEFINE OFF;
Insert into SYSTEM.BIEN_AGENCE (ID_BIEN,ID_AGENCE,DATE_AFFECTATION,QUANTITE,QUANTITE_CONSO) values ('1','1',to_date('20/01/23','DD/MM/RR'),'1',null);
Insert into SYSTEM.BIEN_AGENCE (ID_BIEN,ID_AGENCE,DATE_AFFECTATION,QUANTITE,QUANTITE_CONSO) values ('1','1',to_date('18/05/25','DD/MM/RR'),'1',null);
Insert into SYSTEM.BIEN_AGENCE (ID_BIEN,ID_AGENCE,DATE_AFFECTATION,QUANTITE,QUANTITE_CONSO) values ('3','1',to_date('19/05/25','DD/MM/RR'),'2',null);
Insert into SYSTEM.BIEN_AGENCE (ID_BIEN,ID_AGENCE,DATE_AFFECTATION,QUANTITE,QUANTITE_CONSO) values ('3','2',to_date('07/06/25','DD/MM/RR'),'6',null);
Insert into SYSTEM.BIEN_AGENCE (ID_BIEN,ID_AGENCE,DATE_AFFECTATION,QUANTITE,QUANTITE_CONSO) values ('21','81',to_date('29/05/25','DD/MM/RR'),'1',null);
Insert into SYSTEM.BIEN_AGENCE (ID_BIEN,ID_AGENCE,DATE_AFFECTATION,QUANTITE,QUANTITE_CONSO) values ('21','81',to_date('29/05/25','DD/MM/RR'),'1',null);
Insert into SYSTEM.BIEN_AGENCE (ID_BIEN,ID_AGENCE,DATE_AFFECTATION,QUANTITE,QUANTITE_CONSO) values ('21','41',to_date('29/05/25','DD/MM/RR'),'5',null);
Insert into SYSTEM.BIEN_AGENCE (ID_BIEN,ID_AGENCE,DATE_AFFECTATION,QUANTITE,QUANTITE_CONSO) values ('62','2',to_date('07/06/25','DD/MM/RR'),'8',null);
Insert into SYSTEM.BIEN_AGENCE (ID_BIEN,ID_AGENCE,DATE_AFFECTATION,QUANTITE,QUANTITE_CONSO) values ('102','2',to_date('10/06/25','DD/MM/RR'),'4',null);
Insert into SYSTEM.BIEN_AGENCE (ID_BIEN,ID_AGENCE,DATE_AFFECTATION,QUANTITE,QUANTITE_CONSO) values ('61','2',to_date('29/05/25','DD/MM/RR'),'2',null);
Insert into SYSTEM.BIEN_AGENCE (ID_BIEN,ID_AGENCE,DATE_AFFECTATION,QUANTITE,QUANTITE_CONSO) values ('62','82',to_date('29/05/25','DD/MM/RR'),'20',null);
REM INSERTING into SYSTEM.CATEGORIES
SET DEFINE OFF;
Insert into SYSTEM.CATEGORIES (ID_CATEGORIE,NOM_CATEGORIE,DUREE_AMORTISSEMENT) values ('1','Matériel informatique','3');
Insert into SYSTEM.CATEGORIES (ID_CATEGORIE,NOM_CATEGORIE,DUREE_AMORTISSEMENT) values ('2','Mobilier de bureau','6');
Insert into SYSTEM.CATEGORIES (ID_CATEGORIE,NOM_CATEGORIE,DUREE_AMORTISSEMENT) values ('21','Terrain','5');
Insert into SYSTEM.CATEGORIES (ID_CATEGORIE,NOM_CATEGORIE,DUREE_AMORTISSEMENT) values ('22','Construction','10');
Insert into SYSTEM.CATEGORIES (ID_CATEGORIE,NOM_CATEGORIE,DUREE_AMORTISSEMENT) values ('24','Mobilier','8');
Insert into SYSTEM.CATEGORIES (ID_CATEGORIE,NOM_CATEGORIE,DUREE_AMORTISSEMENT) values ('41','Matériel de Transport','15');
REM INSERTING into SYSTEM."__EFMigrationsHistory"
SET DEFINE OFF;
Insert into SYSTEM."__EFMigrationsHistory" ("MigrationId","ProductVersion") values ('20250403055240_InitialCreate','9.0.3');
REM INSERTING into SYSTEM.ENTREE_FOURNITURES
SET DEFINE OFF;
Insert into SYSTEM.ENTREE_FOURNITURES (ID,FOURNITURE_ID,QUANTITE_ENTREE,DATE_ENTREE,PRIX_UNITAIRE,MONTANT) values ('1','1','75',to_date('28/05/25','DD/MM/RR'),'500','37500');
Insert into SYSTEM.ENTREE_FOURNITURES (ID,FOURNITURE_ID,QUANTITE_ENTREE,DATE_ENTREE,PRIX_UNITAIRE,MONTANT) values ('2','101','25',to_date('27/05/25','DD/MM/RR'),'500','12500');
Insert into SYSTEM.ENTREE_FOURNITURES (ID,FOURNITURE_ID,QUANTITE_ENTREE,DATE_ENTREE,PRIX_UNITAIRE,MONTANT) values ('3','65','4',to_date('27/05/25','DD/MM/RR'),'200','800');
Insert into SYSTEM.ENTREE_FOURNITURES (ID,FOURNITURE_ID,QUANTITE_ENTREE,DATE_ENTREE,PRIX_UNITAIRE,MONTANT) values ('28','65','50',to_date('03/06/25','DD/MM/RR'),'250','12500');
Insert into SYSTEM.ENTREE_FOURNITURES (ID,FOURNITURE_ID,QUANTITE_ENTREE,DATE_ENTREE,PRIX_UNITAIRE,MONTANT) values ('5','121','200',to_date('28/05/25','DD/MM/RR'),'2500','500000');
Insert into SYSTEM.ENTREE_FOURNITURES (ID,FOURNITURE_ID,QUANTITE_ENTREE,DATE_ENTREE,PRIX_UNITAIRE,MONTANT) values ('6','67','7',to_date('27/05/25','DD/MM/RR'),'800000','5600000');
Insert into SYSTEM.ENTREE_FOURNITURES (ID,FOURNITURE_ID,QUANTITE_ENTREE,DATE_ENTREE,PRIX_UNITAIRE,MONTANT) values ('7','82','115',to_date('28/05/25','DD/MM/RR'),'800','92000');
Insert into SYSTEM.ENTREE_FOURNITURES (ID,FOURNITURE_ID,QUANTITE_ENTREE,DATE_ENTREE,PRIX_UNITAIRE,MONTANT) values ('8','66','55',to_date('27/05/25','DD/MM/RR'),'500','27500');
Insert into SYSTEM.ENTREE_FOURNITURES (ID,FOURNITURE_ID,QUANTITE_ENTREE,DATE_ENTREE,PRIX_UNITAIRE,MONTANT) values ('9','141','60',to_date('30/05/25','DD/MM/RR'),'50','3000');
Insert into SYSTEM.ENTREE_FOURNITURES (ID,FOURNITURE_ID,QUANTITE_ENTREE,DATE_ENTREE,PRIX_UNITAIRE,MONTANT) values ('10','142','35',to_date('30/05/25','DD/MM/RR'),'500','17500');
Insert into SYSTEM.ENTREE_FOURNITURES (ID,FOURNITURE_ID,QUANTITE_ENTREE,DATE_ENTREE,PRIX_UNITAIRE,MONTANT) values ('21','161','50',to_date('02/06/25','DD/MM/RR'),'2000','100000');
Insert into SYSTEM.ENTREE_FOURNITURES (ID,FOURNITURE_ID,QUANTITE_ENTREE,DATE_ENTREE,PRIX_UNITAIRE,MONTANT) values ('22','1','150',to_date('02/06/25','DD/MM/RR'),'400','60000');
Insert into SYSTEM.ENTREE_FOURNITURES (ID,FOURNITURE_ID,QUANTITE_ENTREE,DATE_ENTREE,PRIX_UNITAIRE,MONTANT) values ('23','162','52',to_date('02/06/25','DD/MM/RR'),'200','10400');
Insert into SYSTEM.ENTREE_FOURNITURES (ID,FOURNITURE_ID,QUANTITE_ENTREE,DATE_ENTREE,PRIX_UNITAIRE,MONTANT) values ('24','1','245',to_date('02/06/25','DD/MM/RR'),'400','98000');
Insert into SYSTEM.ENTREE_FOURNITURES (ID,FOURNITURE_ID,QUANTITE_ENTREE,DATE_ENTREE,PRIX_UNITAIRE,MONTANT) values ('25','67','10',to_date('02/06/25','DD/MM/RR'),'800000','8000000');
Insert into SYSTEM.ENTREE_FOURNITURES (ID,FOURNITURE_ID,QUANTITE_ENTREE,DATE_ENTREE,PRIX_UNITAIRE,MONTANT) values ('26','121','30',to_date('02/06/25','DD/MM/RR'),'500','15000');
Insert into SYSTEM.ENTREE_FOURNITURES (ID,FOURNITURE_ID,QUANTITE_ENTREE,DATE_ENTREE,PRIX_UNITAIRE,MONTANT) values ('27','141','50',to_date('02/06/25','DD/MM/RR'),'50','2500');
Insert into SYSTEM.ENTREE_FOURNITURES (ID,FOURNITURE_ID,QUANTITE_ENTREE,DATE_ENTREE,PRIX_UNITAIRE,MONTANT) values ('29','67','25',to_date('03/06/25','DD/MM/RR'),'1000000','25000000');
Insert into SYSTEM.ENTREE_FOURNITURES (ID,FOURNITURE_ID,QUANTITE_ENTREE,DATE_ENTREE,PRIX_UNITAIRE,MONTANT) values ('30','82','25',to_date('03/06/25','DD/MM/RR'),'1500','37500');
Insert into SYSTEM.ENTREE_FOURNITURES (ID,FOURNITURE_ID,QUANTITE_ENTREE,DATE_ENTREE,PRIX_UNITAIRE,MONTANT) values ('31','67','20',to_date('03/06/25','DD/MM/RR'),'1200000','24000000');
Insert into SYSTEM.ENTREE_FOURNITURES (ID,FOURNITURE_ID,QUANTITE_ENTREE,DATE_ENTREE,PRIX_UNITAIRE,MONTANT) values ('32','82','15',to_date('03/06/25','DD/MM/RR'),'2000','30000');
REM INSERTING into SYSTEM.FOURNITURES
SET DEFINE OFF;
Insert into SYSTEM.FOURNITURES (ID,NOM,PRIX_UNITAIRE,QUANTITE_RESTANTE,CATEGORIE) values ('1','Stylos','400','438','Fournitures de Bureau');
Insert into SYSTEM.FOURNITURES (ID,NOM,PRIX_UNITAIRE,QUANTITE_RESTANTE,CATEGORIE) values ('101','Test','500','25','Fournitures de Bureau');
Insert into SYSTEM.FOURNITURES (ID,NOM,PRIX_UNITAIRE,QUANTITE_RESTANTE,CATEGORIE) values ('65','Tableau','250','54','Fournitures d''Entretien');
Insert into SYSTEM.FOURNITURES (ID,NOM,PRIX_UNITAIRE,QUANTITE_RESTANTE,CATEGORIE) values ('121','Cable','500','213','Matériel Informatique');
Insert into SYSTEM.FOURNITURES (ID,NOM,PRIX_UNITAIRE,QUANTITE_RESTANTE,CATEGORIE) values ('67','Ordi','1200000','54','Matériel Informatique');
Insert into SYSTEM.FOURNITURES (ID,NOM,PRIX_UNITAIRE,QUANTITE_RESTANTE,CATEGORIE) values ('82','Carton','2000','150','Fournitures d''Entretien');
Insert into SYSTEM.FOURNITURES (ID,NOM,PRIX_UNITAIRE,QUANTITE_RESTANTE,CATEGORIE) values ('66','L64','500','55','Livret');
Insert into SYSTEM.FOURNITURES (ID,NOM,PRIX_UNITAIRE,QUANTITE_RESTANTE,CATEGORIE) values ('141','Papier','50','110','Fournitures de Bureau');
Insert into SYSTEM.FOURNITURES (ID,NOM,PRIX_UNITAIRE,QUANTITE_RESTANTE,CATEGORIE) values ('142','Règle','500','30','Fournitures de Bureau');
Insert into SYSTEM.FOURNITURES (ID,NOM,PRIX_UNITAIRE,QUANTITE_RESTANTE,CATEGORIE) values ('161','Sac','2000','45','Fournitures d''Entretien');
Insert into SYSTEM.FOURNITURES (ID,NOM,PRIX_UNITAIRE,QUANTITE_RESTANTE,CATEGORIE) values ('162','Marqueur','200','52','Fournitures de Bureau');
REM INSERTING into SYSTEM.HELP
SET DEFINE OFF;
REM INSERTING into SYSTEM.IMMOBILISATIONS
SET DEFINE OFF;
Insert into SYSTEM.IMMOBILISATIONS (ID_BIEN,NOM_BIEN,DATE_ACQUISITION,VALEUR_ACQUISITION,ID_CATEGORIE,DUREE_PERSONNALISEE,STATUT,QUANTITE,CODE_BARRE) values ('1','Ordinateur portable Dell ',to_date('15/01/23','DD/MM/RR'),'150000','1',null,'actif','17','0000000000000');
Insert into SYSTEM.IMMOBILISATIONS (ID_BIEN,NOM_BIEN,DATE_ACQUISITION,VALEUR_ACQUISITION,ID_CATEGORIE,DUREE_PERSONNALISEE,STATUT,QUANTITE,CODE_BARRE) values ('2','Ordinateur portable Asus',to_date('15/01/23','DD/MM/RR'),'15000000','1',null,'actif','15','0000000000000');
Insert into SYSTEM.IMMOBILISATIONS (ID_BIEN,NOM_BIEN,DATE_ACQUISITION,VALEUR_ACQUISITION,ID_CATEGORIE,DUREE_PERSONNALISEE,STATUT,QUANTITE,CODE_BARRE) values ('3','Ordinateur portable HP',to_date('15/01/23','DD/MM/RR'),'120000','1',null,'actif','44','0000000000000');
Insert into SYSTEM.IMMOBILISATIONS (ID_BIEN,NOM_BIEN,DATE_ACQUISITION,VALEUR_ACQUISITION,ID_CATEGORIE,DUREE_PERSONNALISEE,STATUT,QUANTITE,CODE_BARRE) values ('21','Table',to_date('17/05/25','DD/MM/RR'),'21000','2',null,'actif','9',null);
Insert into SYSTEM.IMMOBILISATIONS (ID_BIEN,NOM_BIEN,DATE_ACQUISITION,VALEUR_ACQUISITION,ID_CATEGORIE,DUREE_PERSONNALISEE,STATUT,QUANTITE,CODE_BARRE) values ('62','Maison',to_date('29/05/25','DD/MM/RR'),'5000000','22',null,'actif','15','9785073558139');
Insert into SYSTEM.IMMOBILISATIONS (ID_BIEN,NOM_BIEN,DATE_ACQUISITION,VALEUR_ACQUISITION,ID_CATEGORIE,DUREE_PERSONNALISEE,STATUT,QUANTITE,CODE_BARRE) values ('81','Ordinateur portable',to_date('05/05/25','DD/MM/RR'),'1000','1',null,'actif','1','123456789');
Insert into SYSTEM.IMMOBILISATIONS (ID_BIEN,NOM_BIEN,DATE_ACQUISITION,VALEUR_ACQUISITION,ID_CATEGORIE,DUREE_PERSONNALISEE,STATUT,QUANTITE,CODE_BARRE) values ('82','Voiture 4X4',to_date('03/06/25','DD/MM/RR'),'5000000','41',null,'actif','10','9780074750643');
Insert into SYSTEM.IMMOBILISATIONS (ID_BIEN,NOM_BIEN,DATE_ACQUISITION,VALEUR_ACQUISITION,ID_CATEGORIE,DUREE_PERSONNALISEE,STATUT,QUANTITE,CODE_BARRE) values ('61','Voiture',to_date('28/05/25','DD/MM/RR'),'1000000','41',null,'actif','8','9782485368875');
Insert into SYSTEM.IMMOBILISATIONS (ID_BIEN,NOM_BIEN,DATE_ACQUISITION,VALEUR_ACQUISITION,ID_CATEGORIE,DUREE_PERSONNALISEE,STATUT,QUANTITE,CODE_BARRE) values ('63','Armoire',to_date('17/05/25','DD/MM/RR'),'50000','24',null,'actif','25','0000000000000');
Insert into SYSTEM.IMMOBILISATIONS (ID_BIEN,NOM_BIEN,DATE_ACQUISITION,VALEUR_ACQUISITION,ID_CATEGORIE,DUREE_PERSONNALISEE,STATUT,QUANTITE,CODE_BARRE) values ('101','jeep',to_date('03/06/25','DD/MM/RR'),'6000000','41',null,'actif','15','9787455920060');
Insert into SYSTEM.IMMOBILISATIONS (ID_BIEN,NOM_BIEN,DATE_ACQUISITION,VALEUR_ACQUISITION,ID_CATEGORIE,DUREE_PERSONNALISEE,STATUT,QUANTITE,CODE_BARRE) values ('102','Terrain',to_date('03/06/25','DD/MM/RR'),'1500000','21',null,'actif','6','9783075366158');
REM INSERTING into SYSTEM.LOCALISATIONS
SET DEFINE OFF;
REM INSERTING into SYSTEM.REDO_DB
SET DEFINE OFF;
REM INSERTING into SYSTEM.REDO_LOG
SET DEFINE OFF;
REM INSERTING into SYSTEM.SQLPLUS_PRODUCT_PROFILE
SET DEFINE OFF;
REM INSERTING into SYSTEM.USER_AGENCE
SET DEFINE OFF;
Insert into SYSTEM.USER_AGENCE (ID,USER_ID,AGENCE_ID,DATE_ASSOCIATION) values ('101','121','2',to_timestamp('05/06/25 11:24:27,920651600','DD/MM/RR HH24:MI:SSXFF'));
Insert into SYSTEM.USER_AGENCE (ID,USER_ID,AGENCE_ID,DATE_ASSOCIATION) values ('68','88','102',to_timestamp('29/05/25 18:26:23,468000000','DD/MM/RR HH24:MI:SSXFF'));
Insert into SYSTEM.USER_AGENCE (ID,USER_ID,AGENCE_ID,DATE_ASSOCIATION) values ('69','89','82',to_timestamp('29/05/25 21:59:00,990012800','DD/MM/RR HH24:MI:SSXFF'));
Insert into SYSTEM.USER_AGENCE (ID,USER_ID,AGENCE_ID,DATE_ASSOCIATION) values ('81','101','102',to_timestamp('03/06/25 17:44:05,110000000','DD/MM/RR HH24:MI:SSXFF'));
REM INSERTING into SYSTEM.USER_FOURNITURE
SET DEFINE OFF;
REM INSERTING into SYSTEM.USERS
SET DEFINE OFF;
Insert into SYSTEM.USERS (ID,NOM,PRENOM,EMAIL,MOT_DE_PASSE,FONCTION) values ('101','Soa','Mare','maremar@gmail.com','c13f3eb66a69f3f0b93702c69115ea9b7ea685fdbb1268dd554c68f30e9df094','Utilisateur');
Insert into SYSTEM.USERS (ID,NOM,PRENOM,EMAIL,MOT_DE_PASSE,FONCTION) values ('121','soa','ras','ras@gmail.com','95ec624e6bf434ffab330ab660c5ce949713896c6a7b11fe4feab158fb834e26','utilisateur');
Insert into SYSTEM.USERS (ID,NOM,PRENOM,EMAIL,MOT_DE_PASSE,FONCTION) values ('88','Alex','Jeannie','alexavea2@gmail.com','9f86d081884c7d659a2feaa0c55ad015a3bf4f1b2b0b822cd15d6c15b0f00a08','Utilisateur');
Insert into SYSTEM.USERS (ID,NOM,PRENOM,EMAIL,MOT_DE_PASSE,FONCTION) values ('89','aina','fan','fan@gmail.com','96121eed0844d7f2f3a28f5472aff7bbdbe490ed947ca97d92428700057e568b','admin');
REM INSERTING into SYSTEM.MVIEW_EVALUATIONS
SET DEFINE OFF;
REM INSERTING into SYSTEM.MVIEW_EXCEPTIONS
SET DEFINE OFF;
REM INSERTING into SYSTEM.MVIEW_FILTER
SET DEFINE OFF;
REM INSERTING into SYSTEM.MVIEW_FILTERINSTANCE
SET DEFINE OFF;
REM INSERTING into SYSTEM.MVIEW_LOG
SET DEFINE OFF;
REM INSERTING into SYSTEM.MVIEW_RECOMMENDATIONS
SET DEFINE OFF;
REM INSERTING into SYSTEM.MVIEW_WORKLOAD
SET DEFINE OFF;
REM INSERTING into SYSTEM.PRODUCT_PRIVS
SET DEFINE OFF;
REM INSERTING into SYSTEM.SCHEDULER_JOB_ARGS
SET DEFINE OFF;
REM INSERTING into SYSTEM.SCHEDULER_PROGRAM_ARGS
SET DEFINE OFF;
--------------------------------------------------------
--  DDL for Index HELP_TOPIC_SEQ
--------------------------------------------------------

  CREATE UNIQUE INDEX "SYSTEM"."HELP_TOPIC_SEQ" ON "SYSTEM"."HELP" ("TOPIC", "SEQ") 
  PCTFREE 10 INITRANS 2 MAXTRANS 255 COMPUTE STATISTICS 
  STORAGE(INITIAL 16384 NEXT 1048576 MINEXTENTS 1 MAXEXTENTS 2147483645
  PCTINCREASE 0 FREELISTS 1 FREELIST GROUPS 1
  BUFFER_POOL DEFAULT FLASH_CACHE DEFAULT CELL_FLASH_CACHE DEFAULT)
  TABLESPACE "SYSTEM" ;
--------------------------------------------------------
--  DDL for Index IX_AGENCE_FOURNITURE_FOURNITURE_ID
--------------------------------------------------------

  CREATE INDEX "SYSTEM"."IX_AGENCE_FOURNITURE_FOURNITURE_ID" ON "SYSTEM"."AGENCE_FOURNITURE" ("FOURNITURE_ID") 
  PCTFREE 10 INITRANS 2 MAXTRANS 255 COMPUTE STATISTICS 
  STORAGE(INITIAL 65536 NEXT 1048576 MINEXTENTS 1 MAXEXTENTS 2147483645
  PCTINCREASE 0 FREELISTS 1 FREELIST GROUPS 1
  BUFFER_POOL DEFAULT FLASH_CACHE DEFAULT CELL_FLASH_CACHE DEFAULT)
  TABLESPACE "SYSTEM" ;
--------------------------------------------------------
--  DDL for Index IX_AGENCES_NUMERO
--------------------------------------------------------

  CREATE UNIQUE INDEX "SYSTEM"."IX_AGENCES_NUMERO" ON "SYSTEM"."AGENCES" ("NUMERO") 
  PCTFREE 10 INITRANS 2 MAXTRANS 255 COMPUTE STATISTICS 
  STORAGE(INITIAL 65536 NEXT 1048576 MINEXTENTS 1 MAXEXTENTS 2147483645
  PCTINCREASE 0 FREELISTS 1 FREELIST GROUPS 1
  BUFFER_POOL DEFAULT FLASH_CACHE DEFAULT CELL_FLASH_CACHE DEFAULT)
  TABLESPACE "SYSTEM" ;
--------------------------------------------------------
--  DDL for Index IX_BIEN_AGENCE_AGENCE
--------------------------------------------------------

  CREATE INDEX "SYSTEM"."IX_BIEN_AGENCE_AGENCE" ON "SYSTEM"."BIEN_AGENCE" ("ID_AGENCE") 
  PCTFREE 10 INITRANS 2 MAXTRANS 255 COMPUTE STATISTICS 
  STORAGE(INITIAL 65536 NEXT 1048576 MINEXTENTS 1 MAXEXTENTS 2147483645
  PCTINCREASE 0 FREELISTS 1 FREELIST GROUPS 1
  BUFFER_POOL DEFAULT FLASH_CACHE DEFAULT CELL_FLASH_CACHE DEFAULT)
  TABLESPACE "SYSTEM" ;
--------------------------------------------------------
--  DDL for Index IX_BIEN_AGENCE_BIEN
--------------------------------------------------------

  CREATE INDEX "SYSTEM"."IX_BIEN_AGENCE_BIEN" ON "SYSTEM"."BIEN_AGENCE" ("ID_BIEN") 
  PCTFREE 10 INITRANS 2 MAXTRANS 255 COMPUTE STATISTICS 
  STORAGE(INITIAL 65536 NEXT 1048576 MINEXTENTS 1 MAXEXTENTS 2147483645
  PCTINCREASE 0 FREELISTS 1 FREELIST GROUPS 1
  BUFFER_POOL DEFAULT FLASH_CACHE DEFAULT CELL_FLASH_CACHE DEFAULT)
  TABLESPACE "SYSTEM" ;
--------------------------------------------------------
--  DDL for Index IX_USER_AGENCE_AGENCE_ID
--------------------------------------------------------

  CREATE INDEX "SYSTEM"."IX_USER_AGENCE_AGENCE_ID" ON "SYSTEM"."USER_AGENCE" ("AGENCE_ID") 
  PCTFREE 10 INITRANS 2 MAXTRANS 255 COMPUTE STATISTICS 
  STORAGE(INITIAL 65536 NEXT 1048576 MINEXTENTS 1 MAXEXTENTS 2147483645
  PCTINCREASE 0 FREELISTS 1 FREELIST GROUPS 1
  BUFFER_POOL DEFAULT FLASH_CACHE DEFAULT CELL_FLASH_CACHE DEFAULT)
  TABLESPACE "SYSTEM" ;
--------------------------------------------------------
--  DDL for Index IX_USER_FOURNITURE_FOURNITURE_ID
--------------------------------------------------------

  CREATE INDEX "SYSTEM"."IX_USER_FOURNITURE_FOURNITURE_ID" ON "SYSTEM"."USER_FOURNITURE" ("FOURNITURE_ID") 
  PCTFREE 10 INITRANS 2 MAXTRANS 255 COMPUTE STATISTICS 
  STORAGE(INITIAL 65536 NEXT 1048576 MINEXTENTS 1 MAXEXTENTS 2147483645
  PCTINCREASE 0 FREELISTS 1 FREELIST GROUPS 1
  BUFFER_POOL DEFAULT FLASH_CACHE DEFAULT CELL_FLASH_CACHE DEFAULT)
  TABLESPACE "SYSTEM" ;
--------------------------------------------------------
--  DDL for Index IX_USER_FOURNITURE_USER_ID
--------------------------------------------------------

  CREATE INDEX "SYSTEM"."IX_USER_FOURNITURE_USER_ID" ON "SYSTEM"."USER_FOURNITURE" ("USER_ID") 
  PCTFREE 10 INITRANS 2 MAXTRANS 255 COMPUTE STATISTICS 
  STORAGE(INITIAL 65536 NEXT 1048576 MINEXTENTS 1 MAXEXTENTS 2147483645
  PCTINCREASE 0 FREELISTS 1 FREELIST GROUPS 1
  BUFFER_POOL DEFAULT FLASH_CACHE DEFAULT CELL_FLASH_CACHE DEFAULT)
  TABLESPACE "SYSTEM" ;
--------------------------------------------------------
--  DDL for Index IX_USERS_EMAIL
--------------------------------------------------------

  CREATE UNIQUE INDEX "SYSTEM"."IX_USERS_EMAIL" ON "SYSTEM"."USERS" ("EMAIL") 
  PCTFREE 10 INITRANS 2 MAXTRANS 255 COMPUTE STATISTICS 
  STORAGE(INITIAL 65536 NEXT 1048576 MINEXTENTS 1 MAXEXTENTS 2147483645
  PCTINCREASE 0 FREELISTS 1 FREELIST GROUPS 1
  BUFFER_POOL DEFAULT FLASH_CACHE DEFAULT CELL_FLASH_CACHE DEFAULT)
  TABLESPACE "SYSTEM" ;
--------------------------------------------------------
--  DDL for Index PK_AGENCES
--------------------------------------------------------

  CREATE UNIQUE INDEX "SYSTEM"."PK_AGENCES" ON "SYSTEM"."AGENCES" ("ID") 
  PCTFREE 10 INITRANS 2 MAXTRANS 255 COMPUTE STATISTICS 
  STORAGE(INITIAL 65536 NEXT 1048576 MINEXTENTS 1 MAXEXTENTS 2147483645
  PCTINCREASE 0 FREELISTS 1 FREELIST GROUPS 1
  BUFFER_POOL DEFAULT FLASH_CACHE DEFAULT CELL_FLASH_CACHE DEFAULT)
  TABLESPACE "SYSTEM" ;
--------------------------------------------------------
--  DDL for Index PK_BIEN_AGENCE
--------------------------------------------------------

  CREATE UNIQUE INDEX "SYSTEM"."PK_BIEN_AGENCE" ON "SYSTEM"."BIEN_AGENCE" ("ID_BIEN", "ID_AGENCE", "DATE_AFFECTATION") 
  PCTFREE 10 INITRANS 2 MAXTRANS 255 COMPUTE STATISTICS 
  STORAGE(INITIAL 65536 NEXT 1048576 MINEXTENTS 1 MAXEXTENTS 2147483645
  PCTINCREASE 0 FREELISTS 1 FREELIST GROUPS 1
  BUFFER_POOL DEFAULT FLASH_CACHE DEFAULT CELL_FLASH_CACHE DEFAULT)
  TABLESPACE "SYSTEM" ;
--------------------------------------------------------
--  DDL for Index PK___EFMigrationsHistory
--------------------------------------------------------

  CREATE UNIQUE INDEX "SYSTEM"."PK___EFMigrationsHistory" ON "SYSTEM"."__EFMigrationsHistory" ("MigrationId") 
  PCTFREE 10 INITRANS 2 MAXTRANS 255 COMPUTE STATISTICS 
  STORAGE(INITIAL 65536 NEXT 1048576 MINEXTENTS 1 MAXEXTENTS 2147483645
  PCTINCREASE 0 FREELISTS 1 FREELIST GROUPS 1
  BUFFER_POOL DEFAULT FLASH_CACHE DEFAULT CELL_FLASH_CACHE DEFAULT)
  TABLESPACE "SYSTEM" ;
--------------------------------------------------------
--  DDL for Index PK_FOURNITURES
--------------------------------------------------------

  CREATE UNIQUE INDEX "SYSTEM"."PK_FOURNITURES" ON "SYSTEM"."FOURNITURES" ("ID") 
  PCTFREE 10 INITRANS 2 MAXTRANS 255 COMPUTE STATISTICS 
  STORAGE(INITIAL 65536 NEXT 1048576 MINEXTENTS 1 MAXEXTENTS 2147483645
  PCTINCREASE 0 FREELISTS 1 FREELIST GROUPS 1
  BUFFER_POOL DEFAULT FLASH_CACHE DEFAULT CELL_FLASH_CACHE DEFAULT)
  TABLESPACE "SYSTEM" ;
--------------------------------------------------------
--  DDL for Index PK_USER_AGENCE
--------------------------------------------------------

  CREATE UNIQUE INDEX "SYSTEM"."PK_USER_AGENCE" ON "SYSTEM"."USER_AGENCE" ("ID") 
  PCTFREE 10 INITRANS 2 MAXTRANS 255 COMPUTE STATISTICS 
  STORAGE(INITIAL 65536 NEXT 1048576 MINEXTENTS 1 MAXEXTENTS 2147483645
  PCTINCREASE 0 FREELISTS 1 FREELIST GROUPS 1
  BUFFER_POOL DEFAULT FLASH_CACHE DEFAULT CELL_FLASH_CACHE DEFAULT)
  TABLESPACE "SYSTEM" ;
--------------------------------------------------------
--  DDL for Index PK_USER_FOURNITURE
--------------------------------------------------------

  CREATE UNIQUE INDEX "SYSTEM"."PK_USER_FOURNITURE" ON "SYSTEM"."USER_FOURNITURE" ("ID") 
  PCTFREE 10 INITRANS 2 MAXTRANS 255 COMPUTE STATISTICS 
  STORAGE(INITIAL 65536 NEXT 1048576 MINEXTENTS 1 MAXEXTENTS 2147483645
  PCTINCREASE 0 FREELISTS 1 FREELIST GROUPS 1
  BUFFER_POOL DEFAULT FLASH_CACHE DEFAULT CELL_FLASH_CACHE DEFAULT)
  TABLESPACE "SYSTEM" ;
--------------------------------------------------------
--  DDL for Index PK_USERS
--------------------------------------------------------

  CREATE UNIQUE INDEX "SYSTEM"."PK_USERS" ON "SYSTEM"."USERS" ("ID") 
  PCTFREE 10 INITRANS 2 MAXTRANS 255 COMPUTE STATISTICS 
  STORAGE(INITIAL 65536 NEXT 1048576 MINEXTENTS 1 MAXEXTENTS 2147483645
  PCTINCREASE 0 FREELISTS 1 FREELIST GROUPS 1
  BUFFER_POOL DEFAULT FLASH_CACHE DEFAULT CELL_FLASH_CACHE DEFAULT)
  TABLESPACE "SYSTEM" ;
--------------------------------------------------------
--  DDL for Index REDO_DB_IDX
--------------------------------------------------------

  CREATE INDEX "SYSTEM"."REDO_DB_IDX" ON "SYSTEM"."REDO_DB" ("TENANT_KEY", "DBID", "THREAD#", "RESETLOGS_SCN", "RESETLOGS_TIME") 
  PCTFREE 10 INITRANS 2 MAXTRANS 255 COMPUTE STATISTICS 
  STORAGE(INITIAL 65536 NEXT 1048576 MINEXTENTS 1 MAXEXTENTS 2147483645
  PCTINCREASE 0 FREELISTS 1 FREELIST GROUPS 1
  BUFFER_POOL DEFAULT FLASH_CACHE DEFAULT CELL_FLASH_CACHE DEFAULT)
  TABLESPACE "SYSAUX" ;
--------------------------------------------------------
--  DDL for Index REDO_LOG_IDX
--------------------------------------------------------

  CREATE INDEX "SYSTEM"."REDO_LOG_IDX" ON "SYSTEM"."REDO_LOG" ("TENANT_KEY", "DBID", "THREAD#", "RESETLOGS_SCN", "RESETLOGS_TIME") 
  PCTFREE 10 INITRANS 2 MAXTRANS 255 COMPUTE STATISTICS 
  STORAGE(INITIAL 65536 NEXT 1048576 MINEXTENTS 1 MAXEXTENTS 2147483645
  PCTINCREASE 0 FREELISTS 1 FREELIST GROUPS 1
  BUFFER_POOL DEFAULT FLASH_CACHE DEFAULT CELL_FLASH_CACHE DEFAULT)
  TABLESPACE "SYSAUX" ;
--------------------------------------------------------
--  DDL for Index SYS_C008616
--------------------------------------------------------

  CREATE UNIQUE INDEX "SYSTEM"."SYS_C008616" ON "SYSTEM"."CATEGORIES" ("ID_CATEGORIE") 
  PCTFREE 10 INITRANS 2 MAXTRANS 255 COMPUTE STATISTICS 
  STORAGE(INITIAL 65536 NEXT 1048576 MINEXTENTS 1 MAXEXTENTS 2147483645
  PCTINCREASE 0 FREELISTS 1 FREELIST GROUPS 1
  BUFFER_POOL DEFAULT FLASH_CACHE DEFAULT CELL_FLASH_CACHE DEFAULT)
  TABLESPACE "SYSTEM" ;
--------------------------------------------------------
--  DDL for Index SYS_C008626
--------------------------------------------------------

  CREATE UNIQUE INDEX "SYSTEM"."SYS_C008626" ON "SYSTEM"."IMMOBILISATIONS" ("ID_BIEN") 
  PCTFREE 10 INITRANS 2 MAXTRANS 255 COMPUTE STATISTICS 
  STORAGE(INITIAL 65536 NEXT 1048576 MINEXTENTS 1 MAXEXTENTS 2147483645
  PCTINCREASE 0 FREELISTS 1 FREELIST GROUPS 1
  BUFFER_POOL DEFAULT FLASH_CACHE DEFAULT CELL_FLASH_CACHE DEFAULT)
  TABLESPACE "SYSTEM" ;
--------------------------------------------------------
--  DDL for Index SYS_C008636
--------------------------------------------------------

  CREATE UNIQUE INDEX "SYSTEM"."SYS_C008636" ON "SYSTEM"."AMORTISSEMENTS" ("ID_AMORTISSEMENT") 
  PCTFREE 10 INITRANS 2 MAXTRANS 255 COMPUTE STATISTICS 
  STORAGE(INITIAL 65536 NEXT 1048576 MINEXTENTS 1 MAXEXTENTS 2147483645
  PCTINCREASE 0 FREELISTS 1 FREELIST GROUPS 1
  BUFFER_POOL DEFAULT FLASH_CACHE DEFAULT CELL_FLASH_CACHE DEFAULT)
  TABLESPACE "SYSTEM" ;
--------------------------------------------------------
--  DDL for Index SYS_C008641
--------------------------------------------------------

  CREATE UNIQUE INDEX "SYSTEM"."SYS_C008641" ON "SYSTEM"."LOCALISATIONS" ("ID_LOCALISATION") 
  PCTFREE 10 INITRANS 2 MAXTRANS 255 
  STORAGE(INITIAL 65536 NEXT 1048576 MINEXTENTS 1 MAXEXTENTS 2147483645
  PCTINCREASE 0 FREELISTS 1 FREELIST GROUPS 1
  BUFFER_POOL DEFAULT FLASH_CACHE DEFAULT CELL_FLASH_CACHE DEFAULT)
  TABLESPACE "SYSTEM" ;
--------------------------------------------------------
--  DDL for Index SYS_C008668
--------------------------------------------------------

  CREATE UNIQUE INDEX "SYSTEM"."SYS_C008668" ON "SYSTEM"."ENTREE_FOURNITURES" ("ID") 
  PCTFREE 10 INITRANS 2 MAXTRANS 255 COMPUTE STATISTICS 
  STORAGE(INITIAL 65536 NEXT 1048576 MINEXTENTS 1 MAXEXTENTS 2147483645
  PCTINCREASE 0 FREELISTS 1 FREELIST GROUPS 1
  BUFFER_POOL DEFAULT FLASH_CACHE DEFAULT CELL_FLASH_CACHE DEFAULT)
  TABLESPACE "SYSTEM" ;
--------------------------------------------------------
--  DDL for Index UC_BIEN_ANNEE
--------------------------------------------------------

  CREATE UNIQUE INDEX "SYSTEM"."UC_BIEN_ANNEE" ON "SYSTEM"."AMORTISSEMENTS" ("ID_BIEN", "ANNEE") 
  PCTFREE 10 INITRANS 2 MAXTRANS 255 COMPUTE STATISTICS 
  STORAGE(INITIAL 65536 NEXT 1048576 MINEXTENTS 1 MAXEXTENTS 2147483645
  PCTINCREASE 0 FREELISTS 1 FREELIST GROUPS 1
  BUFFER_POOL DEFAULT FLASH_CACHE DEFAULT CELL_FLASH_CACHE DEFAULT)
  TABLESPACE "SYSTEM" ;
--------------------------------------------------------
--  DDL for Index UQ_USER_AGENCE_USER_ID
--------------------------------------------------------

  CREATE UNIQUE INDEX "SYSTEM"."UQ_USER_AGENCE_USER_ID" ON "SYSTEM"."USER_AGENCE" ("USER_ID") 
  PCTFREE 10 INITRANS 2 MAXTRANS 255 COMPUTE STATISTICS 
  STORAGE(INITIAL 65536 NEXT 1048576 MINEXTENTS 1 MAXEXTENTS 2147483645
  PCTINCREASE 0 FREELISTS 1 FREELIST GROUPS 1
  BUFFER_POOL DEFAULT FLASH_CACHE DEFAULT CELL_FLASH_CACHE DEFAULT)
  TABLESPACE "SYSTEM" ;
--------------------------------------------------------
--  DDL for Index IX_AGENCE_FOURNITURE_FOURNITURE_ID
--------------------------------------------------------

  CREATE INDEX "SYSTEM"."IX_AGENCE_FOURNITURE_FOURNITURE_ID" ON "SYSTEM"."AGENCE_FOURNITURE" ("FOURNITURE_ID") 
  PCTFREE 10 INITRANS 2 MAXTRANS 255 COMPUTE STATISTICS 
  STORAGE(INITIAL 65536 NEXT 1048576 MINEXTENTS 1 MAXEXTENTS 2147483645
  PCTINCREASE 0 FREELISTS 1 FREELIST GROUPS 1
  BUFFER_POOL DEFAULT FLASH_CACHE DEFAULT CELL_FLASH_CACHE DEFAULT)
  TABLESPACE "SYSTEM" ;
--------------------------------------------------------
--  DDL for Index PK_AGENCES
--------------------------------------------------------

  CREATE UNIQUE INDEX "SYSTEM"."PK_AGENCES" ON "SYSTEM"."AGENCES" ("ID") 
  PCTFREE 10 INITRANS 2 MAXTRANS 255 COMPUTE STATISTICS 
  STORAGE(INITIAL 65536 NEXT 1048576 MINEXTENTS 1 MAXEXTENTS 2147483645
  PCTINCREASE 0 FREELISTS 1 FREELIST GROUPS 1
  BUFFER_POOL DEFAULT FLASH_CACHE DEFAULT CELL_FLASH_CACHE DEFAULT)
  TABLESPACE "SYSTEM" ;
--------------------------------------------------------
--  DDL for Index IX_AGENCES_NUMERO
--------------------------------------------------------

  CREATE UNIQUE INDEX "SYSTEM"."IX_AGENCES_NUMERO" ON "SYSTEM"."AGENCES" ("NUMERO") 
  PCTFREE 10 INITRANS 2 MAXTRANS 255 COMPUTE STATISTICS 
  STORAGE(INITIAL 65536 NEXT 1048576 MINEXTENTS 1 MAXEXTENTS 2147483645
  PCTINCREASE 0 FREELISTS 1 FREELIST GROUPS 1
  BUFFER_POOL DEFAULT FLASH_CACHE DEFAULT CELL_FLASH_CACHE DEFAULT)
  TABLESPACE "SYSTEM" ;
--------------------------------------------------------
--  DDL for Index SYS_C008636
--------------------------------------------------------

  CREATE UNIQUE INDEX "SYSTEM"."SYS_C008636" ON "SYSTEM"."AMORTISSEMENTS" ("ID_AMORTISSEMENT") 
  PCTFREE 10 INITRANS 2 MAXTRANS 255 COMPUTE STATISTICS 
  STORAGE(INITIAL 65536 NEXT 1048576 MINEXTENTS 1 MAXEXTENTS 2147483645
  PCTINCREASE 0 FREELISTS 1 FREELIST GROUPS 1
  BUFFER_POOL DEFAULT FLASH_CACHE DEFAULT CELL_FLASH_CACHE DEFAULT)
  TABLESPACE "SYSTEM" ;
--------------------------------------------------------
--  DDL for Index UC_BIEN_ANNEE
--------------------------------------------------------

  CREATE UNIQUE INDEX "SYSTEM"."UC_BIEN_ANNEE" ON "SYSTEM"."AMORTISSEMENTS" ("ID_BIEN", "ANNEE") 
  PCTFREE 10 INITRANS 2 MAXTRANS 255 COMPUTE STATISTICS 
  STORAGE(INITIAL 65536 NEXT 1048576 MINEXTENTS 1 MAXEXTENTS 2147483645
  PCTINCREASE 0 FREELISTS 1 FREELIST GROUPS 1
  BUFFER_POOL DEFAULT FLASH_CACHE DEFAULT CELL_FLASH_CACHE DEFAULT)
  TABLESPACE "SYSTEM" ;
--------------------------------------------------------
--  DDL for Index PK_BIEN_AGENCE
--------------------------------------------------------

  CREATE UNIQUE INDEX "SYSTEM"."PK_BIEN_AGENCE" ON "SYSTEM"."BIEN_AGENCE" ("ID_BIEN", "ID_AGENCE", "DATE_AFFECTATION") 
  PCTFREE 10 INITRANS 2 MAXTRANS 255 COMPUTE STATISTICS 
  STORAGE(INITIAL 65536 NEXT 1048576 MINEXTENTS 1 MAXEXTENTS 2147483645
  PCTINCREASE 0 FREELISTS 1 FREELIST GROUPS 1
  BUFFER_POOL DEFAULT FLASH_CACHE DEFAULT CELL_FLASH_CACHE DEFAULT)
  TABLESPACE "SYSTEM" ;
--------------------------------------------------------
--  DDL for Index IX_BIEN_AGENCE_AGENCE
--------------------------------------------------------

  CREATE INDEX "SYSTEM"."IX_BIEN_AGENCE_AGENCE" ON "SYSTEM"."BIEN_AGENCE" ("ID_AGENCE") 
  PCTFREE 10 INITRANS 2 MAXTRANS 255 COMPUTE STATISTICS 
  STORAGE(INITIAL 65536 NEXT 1048576 MINEXTENTS 1 MAXEXTENTS 2147483645
  PCTINCREASE 0 FREELISTS 1 FREELIST GROUPS 1
  BUFFER_POOL DEFAULT FLASH_CACHE DEFAULT CELL_FLASH_CACHE DEFAULT)
  TABLESPACE "SYSTEM" ;
--------------------------------------------------------
--  DDL for Index IX_BIEN_AGENCE_BIEN
--------------------------------------------------------

  CREATE INDEX "SYSTEM"."IX_BIEN_AGENCE_BIEN" ON "SYSTEM"."BIEN_AGENCE" ("ID_BIEN") 
  PCTFREE 10 INITRANS 2 MAXTRANS 255 COMPUTE STATISTICS 
  STORAGE(INITIAL 65536 NEXT 1048576 MINEXTENTS 1 MAXEXTENTS 2147483645
  PCTINCREASE 0 FREELISTS 1 FREELIST GROUPS 1
  BUFFER_POOL DEFAULT FLASH_CACHE DEFAULT CELL_FLASH_CACHE DEFAULT)
  TABLESPACE "SYSTEM" ;
--------------------------------------------------------
--  DDL for Index SYS_C008616
--------------------------------------------------------

  CREATE UNIQUE INDEX "SYSTEM"."SYS_C008616" ON "SYSTEM"."CATEGORIES" ("ID_CATEGORIE") 
  PCTFREE 10 INITRANS 2 MAXTRANS 255 COMPUTE STATISTICS 
  STORAGE(INITIAL 65536 NEXT 1048576 MINEXTENTS 1 MAXEXTENTS 2147483645
  PCTINCREASE 0 FREELISTS 1 FREELIST GROUPS 1
  BUFFER_POOL DEFAULT FLASH_CACHE DEFAULT CELL_FLASH_CACHE DEFAULT)
  TABLESPACE "SYSTEM" ;
--------------------------------------------------------
--  DDL for Index PK___EFMigrationsHistory
--------------------------------------------------------

  CREATE UNIQUE INDEX "SYSTEM"."PK___EFMigrationsHistory" ON "SYSTEM"."__EFMigrationsHistory" ("MigrationId") 
  PCTFREE 10 INITRANS 2 MAXTRANS 255 COMPUTE STATISTICS 
  STORAGE(INITIAL 65536 NEXT 1048576 MINEXTENTS 1 MAXEXTENTS 2147483645
  PCTINCREASE 0 FREELISTS 1 FREELIST GROUPS 1
  BUFFER_POOL DEFAULT FLASH_CACHE DEFAULT CELL_FLASH_CACHE DEFAULT)
  TABLESPACE "SYSTEM" ;
--------------------------------------------------------
--  DDL for Index SYS_C008668
--------------------------------------------------------

  CREATE UNIQUE INDEX "SYSTEM"."SYS_C008668" ON "SYSTEM"."ENTREE_FOURNITURES" ("ID") 
  PCTFREE 10 INITRANS 2 MAXTRANS 255 COMPUTE STATISTICS 
  STORAGE(INITIAL 65536 NEXT 1048576 MINEXTENTS 1 MAXEXTENTS 2147483645
  PCTINCREASE 0 FREELISTS 1 FREELIST GROUPS 1
  BUFFER_POOL DEFAULT FLASH_CACHE DEFAULT CELL_FLASH_CACHE DEFAULT)
  TABLESPACE "SYSTEM" ;
--------------------------------------------------------
--  DDL for Index PK_FOURNITURES
--------------------------------------------------------

  CREATE UNIQUE INDEX "SYSTEM"."PK_FOURNITURES" ON "SYSTEM"."FOURNITURES" ("ID") 
  PCTFREE 10 INITRANS 2 MAXTRANS 255 COMPUTE STATISTICS 
  STORAGE(INITIAL 65536 NEXT 1048576 MINEXTENTS 1 MAXEXTENTS 2147483645
  PCTINCREASE 0 FREELISTS 1 FREELIST GROUPS 1
  BUFFER_POOL DEFAULT FLASH_CACHE DEFAULT CELL_FLASH_CACHE DEFAULT)
  TABLESPACE "SYSTEM" ;
--------------------------------------------------------
--  DDL for Index HELP_TOPIC_SEQ
--------------------------------------------------------

  CREATE UNIQUE INDEX "SYSTEM"."HELP_TOPIC_SEQ" ON "SYSTEM"."HELP" ("TOPIC", "SEQ") 
  PCTFREE 10 INITRANS 2 MAXTRANS 255 COMPUTE STATISTICS 
  STORAGE(INITIAL 16384 NEXT 1048576 MINEXTENTS 1 MAXEXTENTS 2147483645
  PCTINCREASE 0 FREELISTS 1 FREELIST GROUPS 1
  BUFFER_POOL DEFAULT FLASH_CACHE DEFAULT CELL_FLASH_CACHE DEFAULT)
  TABLESPACE "SYSTEM" ;
--------------------------------------------------------
--  DDL for Index SYS_C008626
--------------------------------------------------------

  CREATE UNIQUE INDEX "SYSTEM"."SYS_C008626" ON "SYSTEM"."IMMOBILISATIONS" ("ID_BIEN") 
  PCTFREE 10 INITRANS 2 MAXTRANS 255 COMPUTE STATISTICS 
  STORAGE(INITIAL 65536 NEXT 1048576 MINEXTENTS 1 MAXEXTENTS 2147483645
  PCTINCREASE 0 FREELISTS 1 FREELIST GROUPS 1
  BUFFER_POOL DEFAULT FLASH_CACHE DEFAULT CELL_FLASH_CACHE DEFAULT)
  TABLESPACE "SYSTEM" ;
--------------------------------------------------------
--  DDL for Index SYS_C008641
--------------------------------------------------------

  CREATE UNIQUE INDEX "SYSTEM"."SYS_C008641" ON "SYSTEM"."LOCALISATIONS" ("ID_LOCALISATION") 
  PCTFREE 10 INITRANS 2 MAXTRANS 255 
  STORAGE(INITIAL 65536 NEXT 1048576 MINEXTENTS 1 MAXEXTENTS 2147483645
  PCTINCREASE 0 FREELISTS 1 FREELIST GROUPS 1
  BUFFER_POOL DEFAULT FLASH_CACHE DEFAULT CELL_FLASH_CACHE DEFAULT)
  TABLESPACE "SYSTEM" ;
--------------------------------------------------------
--  DDL for Index REDO_DB_IDX
--------------------------------------------------------

  CREATE INDEX "SYSTEM"."REDO_DB_IDX" ON "SYSTEM"."REDO_DB" ("TENANT_KEY", "DBID", "THREAD#", "RESETLOGS_SCN", "RESETLOGS_TIME") 
  PCTFREE 10 INITRANS 2 MAXTRANS 255 COMPUTE STATISTICS 
  STORAGE(INITIAL 65536 NEXT 1048576 MINEXTENTS 1 MAXEXTENTS 2147483645
  PCTINCREASE 0 FREELISTS 1 FREELIST GROUPS 1
  BUFFER_POOL DEFAULT FLASH_CACHE DEFAULT CELL_FLASH_CACHE DEFAULT)
  TABLESPACE "SYSAUX" ;
--------------------------------------------------------
--  DDL for Index REDO_LOG_IDX
--------------------------------------------------------

  CREATE INDEX "SYSTEM"."REDO_LOG_IDX" ON "SYSTEM"."REDO_LOG" ("TENANT_KEY", "DBID", "THREAD#", "RESETLOGS_SCN", "RESETLOGS_TIME") 
  PCTFREE 10 INITRANS 2 MAXTRANS 255 COMPUTE STATISTICS 
  STORAGE(INITIAL 65536 NEXT 1048576 MINEXTENTS 1 MAXEXTENTS 2147483645
  PCTINCREASE 0 FREELISTS 1 FREELIST GROUPS 1
  BUFFER_POOL DEFAULT FLASH_CACHE DEFAULT CELL_FLASH_CACHE DEFAULT)
  TABLESPACE "SYSAUX" ;
--------------------------------------------------------
--  DDL for Index PK_USER_AGENCE
--------------------------------------------------------

  CREATE UNIQUE INDEX "SYSTEM"."PK_USER_AGENCE" ON "SYSTEM"."USER_AGENCE" ("ID") 
  PCTFREE 10 INITRANS 2 MAXTRANS 255 COMPUTE STATISTICS 
  STORAGE(INITIAL 65536 NEXT 1048576 MINEXTENTS 1 MAXEXTENTS 2147483645
  PCTINCREASE 0 FREELISTS 1 FREELIST GROUPS 1
  BUFFER_POOL DEFAULT FLASH_CACHE DEFAULT CELL_FLASH_CACHE DEFAULT)
  TABLESPACE "SYSTEM" ;
--------------------------------------------------------
--  DDL for Index UQ_USER_AGENCE_USER_ID
--------------------------------------------------------

  CREATE UNIQUE INDEX "SYSTEM"."UQ_USER_AGENCE_USER_ID" ON "SYSTEM"."USER_AGENCE" ("USER_ID") 
  PCTFREE 10 INITRANS 2 MAXTRANS 255 COMPUTE STATISTICS 
  STORAGE(INITIAL 65536 NEXT 1048576 MINEXTENTS 1 MAXEXTENTS 2147483645
  PCTINCREASE 0 FREELISTS 1 FREELIST GROUPS 1
  BUFFER_POOL DEFAULT FLASH_CACHE DEFAULT CELL_FLASH_CACHE DEFAULT)
  TABLESPACE "SYSTEM" ;
--------------------------------------------------------
--  DDL for Index IX_USER_AGENCE_AGENCE_ID
--------------------------------------------------------

  CREATE INDEX "SYSTEM"."IX_USER_AGENCE_AGENCE_ID" ON "SYSTEM"."USER_AGENCE" ("AGENCE_ID") 
  PCTFREE 10 INITRANS 2 MAXTRANS 255 COMPUTE STATISTICS 
  STORAGE(INITIAL 65536 NEXT 1048576 MINEXTENTS 1 MAXEXTENTS 2147483645
  PCTINCREASE 0 FREELISTS 1 FREELIST GROUPS 1
  BUFFER_POOL DEFAULT FLASH_CACHE DEFAULT CELL_FLASH_CACHE DEFAULT)
  TABLESPACE "SYSTEM" ;
--------------------------------------------------------
--  DDL for Index PK_USER_FOURNITURE
--------------------------------------------------------

  CREATE UNIQUE INDEX "SYSTEM"."PK_USER_FOURNITURE" ON "SYSTEM"."USER_FOURNITURE" ("ID") 
  PCTFREE 10 INITRANS 2 MAXTRANS 255 COMPUTE STATISTICS 
  STORAGE(INITIAL 65536 NEXT 1048576 MINEXTENTS 1 MAXEXTENTS 2147483645
  PCTINCREASE 0 FREELISTS 1 FREELIST GROUPS 1
  BUFFER_POOL DEFAULT FLASH_CACHE DEFAULT CELL_FLASH_CACHE DEFAULT)
  TABLESPACE "SYSTEM" ;
--------------------------------------------------------
--  DDL for Index IX_USER_FOURNITURE_USER_ID
--------------------------------------------------------

  CREATE INDEX "SYSTEM"."IX_USER_FOURNITURE_USER_ID" ON "SYSTEM"."USER_FOURNITURE" ("USER_ID") 
  PCTFREE 10 INITRANS 2 MAXTRANS 255 COMPUTE STATISTICS 
  STORAGE(INITIAL 65536 NEXT 1048576 MINEXTENTS 1 MAXEXTENTS 2147483645
  PCTINCREASE 0 FREELISTS 1 FREELIST GROUPS 1
  BUFFER_POOL DEFAULT FLASH_CACHE DEFAULT CELL_FLASH_CACHE DEFAULT)
  TABLESPACE "SYSTEM" ;
--------------------------------------------------------
--  DDL for Index IX_USER_FOURNITURE_FOURNITURE_ID
--------------------------------------------------------

  CREATE INDEX "SYSTEM"."IX_USER_FOURNITURE_FOURNITURE_ID" ON "SYSTEM"."USER_FOURNITURE" ("FOURNITURE_ID") 
  PCTFREE 10 INITRANS 2 MAXTRANS 255 COMPUTE STATISTICS 
  STORAGE(INITIAL 65536 NEXT 1048576 MINEXTENTS 1 MAXEXTENTS 2147483645
  PCTINCREASE 0 FREELISTS 1 FREELIST GROUPS 1
  BUFFER_POOL DEFAULT FLASH_CACHE DEFAULT CELL_FLASH_CACHE DEFAULT)
  TABLESPACE "SYSTEM" ;
--------------------------------------------------------
--  DDL for Index PK_USERS
--------------------------------------------------------

  CREATE UNIQUE INDEX "SYSTEM"."PK_USERS" ON "SYSTEM"."USERS" ("ID") 
  PCTFREE 10 INITRANS 2 MAXTRANS 255 COMPUTE STATISTICS 
  STORAGE(INITIAL 65536 NEXT 1048576 MINEXTENTS 1 MAXEXTENTS 2147483645
  PCTINCREASE 0 FREELISTS 1 FREELIST GROUPS 1
  BUFFER_POOL DEFAULT FLASH_CACHE DEFAULT CELL_FLASH_CACHE DEFAULT)
  TABLESPACE "SYSTEM" ;
--------------------------------------------------------
--  DDL for Index IX_USERS_EMAIL
--------------------------------------------------------

  CREATE UNIQUE INDEX "SYSTEM"."IX_USERS_EMAIL" ON "SYSTEM"."USERS" ("EMAIL") 
  PCTFREE 10 INITRANS 2 MAXTRANS 255 COMPUTE STATISTICS 
  STORAGE(INITIAL 65536 NEXT 1048576 MINEXTENTS 1 MAXEXTENTS 2147483645
  PCTINCREASE 0 FREELISTS 1 FREELIST GROUPS 1
  BUFFER_POOL DEFAULT FLASH_CACHE DEFAULT CELL_FLASH_CACHE DEFAULT)
  TABLESPACE "SYSTEM" ;
--------------------------------------------------------
--  DDL for Trigger TRG_AGENCE_FOURNITURE_ID
--------------------------------------------------------

  CREATE OR REPLACE NONEDITIONABLE TRIGGER "SYSTEM"."TRG_AGENCE_FOURNITURE_ID" 
BEFORE INSERT ON AGENCE_FOURNITURE
FOR EACH ROW
BEGIN
  IF :NEW.ID IS NULL OR :NEW.ID = 0 THEN
    SELECT SEQ_AGENCE_FOURNITURE.NEXTVAL INTO :NEW.ID FROM DUAL;
  END IF;
END;

/
ALTER TRIGGER "SYSTEM"."TRG_AGENCE_FOURNITURE_ID" ENABLE;
--------------------------------------------------------
--  DDL for Trigger USER_AGENCE_TRIGGER
--------------------------------------------------------

  CREATE OR REPLACE NONEDITIONABLE TRIGGER "SYSTEM"."USER_AGENCE_TRIGGER" 
BEFORE INSERT ON USER_AGENCE
FOR EACH ROW
BEGIN
    IF :NEW.ID IS NULL THEN
        SELECT user_agence_seq.NEXTVAL INTO :NEW.ID FROM DUAL;
    END IF;
END;

/
ALTER TRIGGER "SYSTEM"."USER_AGENCE_TRIGGER" ENABLE;
--------------------------------------------------------
--  DDL for Trigger TRG_AGENCE_FOURNITURE_ID
--------------------------------------------------------

  CREATE OR REPLACE NONEDITIONABLE TRIGGER "SYSTEM"."TRG_AGENCE_FOURNITURE_ID" 
BEFORE INSERT ON AGENCE_FOURNITURE
FOR EACH ROW
BEGIN
  IF :NEW.ID IS NULL OR :NEW.ID = 0 THEN
    SELECT SEQ_AGENCE_FOURNITURE.NEXTVAL INTO :NEW.ID FROM DUAL;
  END IF;
END;

/
ALTER TRIGGER "SYSTEM"."TRG_AGENCE_FOURNITURE_ID" ENABLE;
--------------------------------------------------------
--  DDL for Trigger USER_AGENCE_TRIGGER
--------------------------------------------------------

  CREATE OR REPLACE NONEDITIONABLE TRIGGER "SYSTEM"."USER_AGENCE_TRIGGER" 
BEFORE INSERT ON USER_AGENCE
FOR EACH ROW
BEGIN
    IF :NEW.ID IS NULL THEN
        SELECT user_agence_seq.NEXTVAL INTO :NEW.ID FROM DUAL;
    END IF;
END;

/
ALTER TRIGGER "SYSTEM"."USER_AGENCE_TRIGGER" ENABLE;
--------------------------------------------------------
--  DDL for Synonymn AQ$_INTERNET_AGENT_PRIVS
--------------------------------------------------------

  CREATE OR REPLACE NONEDITIONABLE SYNONYM "SYSTEM"."AQ$_INTERNET_AGENT_PRIVS" FOR "SYS"."AQ$_INTERNET_AGENT_PRIVS";
--------------------------------------------------------
--  DDL for Synonymn AQ$_INTERNET_AGENTS
--------------------------------------------------------

  CREATE OR REPLACE NONEDITIONABLE SYNONYM "SYSTEM"."AQ$_INTERNET_AGENTS" FOR "SYS"."AQ$_INTERNET_AGENTS";
--------------------------------------------------------
--  DDL for Synonymn AQ$_KEY_SHARD_MAP
--------------------------------------------------------

  CREATE OR REPLACE NONEDITIONABLE SYNONYM "SYSTEM"."AQ$_KEY_SHARD_MAP" FOR "SYS"."AQ$_KEY_SHARD_MAP";
--------------------------------------------------------
--  DDL for Synonymn AQ$_QUEUES
--------------------------------------------------------

  CREATE OR REPLACE NONEDITIONABLE SYNONYM "SYSTEM"."AQ$_QUEUES" FOR "SYS"."AQ$_QUEUES";
--------------------------------------------------------
--  DDL for Synonymn AQ$_QUEUE_TABLES
--------------------------------------------------------

  CREATE OR REPLACE NONEDITIONABLE SYNONYM "SYSTEM"."AQ$_QUEUE_TABLES" FOR "SYS"."AQ$_QUEUE_TABLES";
--------------------------------------------------------
--  DDL for Synonymn CATALOG
--------------------------------------------------------

  CREATE OR REPLACE NONEDITIONABLE SYNONYM "SYSTEM"."CATALOG" FOR "SYS"."CATALOG";
--------------------------------------------------------
--  DDL for Synonymn COL
--------------------------------------------------------

  CREATE OR REPLACE NONEDITIONABLE SYNONYM "SYSTEM"."COL" FOR "SYS"."COL";
--------------------------------------------------------
--  DDL for Synonymn PRODUCT_USER_PROFILE
--------------------------------------------------------

  CREATE OR REPLACE NONEDITIONABLE SYNONYM "SYSTEM"."PRODUCT_USER_PROFILE" FOR "SYSTEM"."SQLPLUS_PRODUCT_PROFILE";
--------------------------------------------------------
--  DDL for Synonymn PUBLICSYN
--------------------------------------------------------

  CREATE OR REPLACE NONEDITIONABLE SYNONYM "SYSTEM"."PUBLICSYN" FOR "SYS"."PUBLICSYN";
--------------------------------------------------------
--  DDL for Synonymn SYSCATALOG
--------------------------------------------------------

  CREATE OR REPLACE NONEDITIONABLE SYNONYM "SYSTEM"."SYSCATALOG" FOR "SYS"."SYSCATALOG";
--------------------------------------------------------
--  DDL for Synonymn SYSFILES
--------------------------------------------------------

  CREATE OR REPLACE NONEDITIONABLE SYNONYM "SYSTEM"."SYSFILES" FOR "SYS"."SYSFILES";
--------------------------------------------------------
--  DDL for Synonymn TAB
--------------------------------------------------------

  CREATE OR REPLACE NONEDITIONABLE SYNONYM "SYSTEM"."TAB" FOR "SYS"."TAB";
--------------------------------------------------------
--  DDL for Synonymn TABQUOTAS
--------------------------------------------------------

  CREATE OR REPLACE NONEDITIONABLE SYNONYM "SYSTEM"."TABQUOTAS" FOR "SYS"."TABQUOTAS";
--------------------------------------------------------
--  Constraints for Table AGENCE_FOURNITURE
--------------------------------------------------------

  ALTER TABLE "SYSTEM"."AGENCE_FOURNITURE" MODIFY ("ID" NOT NULL ENABLE);
  ALTER TABLE "SYSTEM"."AGENCE_FOURNITURE" MODIFY ("AGENCE_ID" NOT NULL ENABLE);
  ALTER TABLE "SYSTEM"."AGENCE_FOURNITURE" MODIFY ("FOURNITURE_ID" NOT NULL ENABLE);
  ALTER TABLE "SYSTEM"."AGENCE_FOURNITURE" MODIFY ("DATE_ASSOCIATION" NOT NULL ENABLE);
--------------------------------------------------------
--  Constraints for Table AGENCES
--------------------------------------------------------

  ALTER TABLE "SYSTEM"."AGENCES" MODIFY ("ID" NOT NULL ENABLE);
  ALTER TABLE "SYSTEM"."AGENCES" MODIFY ("NUMERO" NOT NULL ENABLE);
  ALTER TABLE "SYSTEM"."AGENCES" MODIFY ("NOM" NOT NULL ENABLE);
  ALTER TABLE "SYSTEM"."AGENCES" ADD CONSTRAINT "PK_AGENCES" PRIMARY KEY ("ID")
  USING INDEX PCTFREE 10 INITRANS 2 MAXTRANS 255 COMPUTE STATISTICS 
  STORAGE(INITIAL 65536 NEXT 1048576 MINEXTENTS 1 MAXEXTENTS 2147483645
  PCTINCREASE 0 FREELISTS 1 FREELIST GROUPS 1
  BUFFER_POOL DEFAULT FLASH_CACHE DEFAULT CELL_FLASH_CACHE DEFAULT)
  TABLESPACE "SYSTEM"  ENABLE;
--------------------------------------------------------
--  Constraints for Table AMORTISSEMENTS
--------------------------------------------------------

  ALTER TABLE "SYSTEM"."AMORTISSEMENTS" MODIFY ("ID_AMORTISSEMENT" NOT NULL ENABLE);
  ALTER TABLE "SYSTEM"."AMORTISSEMENTS" MODIFY ("ID_BIEN" NOT NULL ENABLE);
  ALTER TABLE "SYSTEM"."AMORTISSEMENTS" MODIFY ("ANNEE" NOT NULL ENABLE);
  ALTER TABLE "SYSTEM"."AMORTISSEMENTS" MODIFY ("MONTANT" NOT NULL ENABLE);
  ALTER TABLE "SYSTEM"."AMORTISSEMENTS" MODIFY ("VALEUR_RESIDUELLE" NOT NULL ENABLE);
  ALTER TABLE "SYSTEM"."AMORTISSEMENTS" MODIFY ("DATE_CALCUL" NOT NULL ENABLE);
  ALTER TABLE "SYSTEM"."AMORTISSEMENTS" ADD CHECK (montant >= 0) ENABLE;
  ALTER TABLE "SYSTEM"."AMORTISSEMENTS" ADD CHECK (valeur_residuelle >= 0) ENABLE;
  ALTER TABLE "SYSTEM"."AMORTISSEMENTS" ADD PRIMARY KEY ("ID_AMORTISSEMENT")
  USING INDEX PCTFREE 10 INITRANS 2 MAXTRANS 255 COMPUTE STATISTICS 
  STORAGE(INITIAL 65536 NEXT 1048576 MINEXTENTS 1 MAXEXTENTS 2147483645
  PCTINCREASE 0 FREELISTS 1 FREELIST GROUPS 1
  BUFFER_POOL DEFAULT FLASH_CACHE DEFAULT CELL_FLASH_CACHE DEFAULT)
  TABLESPACE "SYSTEM"  ENABLE;
  ALTER TABLE "SYSTEM"."AMORTISSEMENTS" ADD CONSTRAINT "UC_BIEN_ANNEE" UNIQUE ("ID_BIEN", "ANNEE")
  USING INDEX PCTFREE 10 INITRANS 2 MAXTRANS 255 COMPUTE STATISTICS 
  STORAGE(INITIAL 65536 NEXT 1048576 MINEXTENTS 1 MAXEXTENTS 2147483645
  PCTINCREASE 0 FREELISTS 1 FREELIST GROUPS 1
  BUFFER_POOL DEFAULT FLASH_CACHE DEFAULT CELL_FLASH_CACHE DEFAULT)
  TABLESPACE "SYSTEM"  ENABLE;
--------------------------------------------------------
--  Constraints for Table BIEN_AGENCE
--------------------------------------------------------

  ALTER TABLE "SYSTEM"."BIEN_AGENCE" MODIFY ("ID_BIEN" NOT NULL ENABLE);
  ALTER TABLE "SYSTEM"."BIEN_AGENCE" MODIFY ("ID_AGENCE" NOT NULL ENABLE);
  ALTER TABLE "SYSTEM"."BIEN_AGENCE" MODIFY ("DATE_AFFECTATION" NOT NULL ENABLE);
  ALTER TABLE "SYSTEM"."BIEN_AGENCE" ADD CONSTRAINT "PK_BIEN_AGENCE" PRIMARY KEY ("ID_BIEN", "ID_AGENCE", "DATE_AFFECTATION")
  USING INDEX PCTFREE 10 INITRANS 2 MAXTRANS 255 COMPUTE STATISTICS 
  STORAGE(INITIAL 65536 NEXT 1048576 MINEXTENTS 1 MAXEXTENTS 2147483645
  PCTINCREASE 0 FREELISTS 1 FREELIST GROUPS 1
  BUFFER_POOL DEFAULT FLASH_CACHE DEFAULT CELL_FLASH_CACHE DEFAULT)
  TABLESPACE "SYSTEM"  ENABLE;
--------------------------------------------------------
--  Constraints for Table CATEGORIES
--------------------------------------------------------

  ALTER TABLE "SYSTEM"."CATEGORIES" MODIFY ("ID_CATEGORIE" NOT NULL ENABLE);
  ALTER TABLE "SYSTEM"."CATEGORIES" MODIFY ("NOM_CATEGORIE" NOT NULL ENABLE);
  ALTER TABLE "SYSTEM"."CATEGORIES" MODIFY ("DUREE_AMORTISSEMENT" NOT NULL ENABLE);
  ALTER TABLE "SYSTEM"."CATEGORIES" ADD CHECK (duree_amortissement > 0) ENABLE;
  ALTER TABLE "SYSTEM"."CATEGORIES" ADD PRIMARY KEY ("ID_CATEGORIE")
  USING INDEX PCTFREE 10 INITRANS 2 MAXTRANS 255 COMPUTE STATISTICS 
  STORAGE(INITIAL 65536 NEXT 1048576 MINEXTENTS 1 MAXEXTENTS 2147483645
  PCTINCREASE 0 FREELISTS 1 FREELIST GROUPS 1
  BUFFER_POOL DEFAULT FLASH_CACHE DEFAULT CELL_FLASH_CACHE DEFAULT)
  TABLESPACE "SYSTEM"  ENABLE;
--------------------------------------------------------
--  Constraints for Table __EFMigrationsHistory
--------------------------------------------------------

  ALTER TABLE "SYSTEM"."__EFMigrationsHistory" MODIFY ("MigrationId" NOT NULL ENABLE);
  ALTER TABLE "SYSTEM"."__EFMigrationsHistory" MODIFY ("ProductVersion" NOT NULL ENABLE);
  ALTER TABLE "SYSTEM"."__EFMigrationsHistory" ADD CONSTRAINT "PK___EFMigrationsHistory" PRIMARY KEY ("MigrationId")
  USING INDEX PCTFREE 10 INITRANS 2 MAXTRANS 255 COMPUTE STATISTICS 
  STORAGE(INITIAL 65536 NEXT 1048576 MINEXTENTS 1 MAXEXTENTS 2147483645
  PCTINCREASE 0 FREELISTS 1 FREELIST GROUPS 1
  BUFFER_POOL DEFAULT FLASH_CACHE DEFAULT CELL_FLASH_CACHE DEFAULT)
  TABLESPACE "SYSTEM"  ENABLE;
--------------------------------------------------------
--  Constraints for Table ENTREE_FOURNITURES
--------------------------------------------------------

  ALTER TABLE "SYSTEM"."ENTREE_FOURNITURES" MODIFY ("ID" NOT NULL ENABLE);
  ALTER TABLE "SYSTEM"."ENTREE_FOURNITURES" MODIFY ("FOURNITURE_ID" NOT NULL ENABLE);
  ALTER TABLE "SYSTEM"."ENTREE_FOURNITURES" MODIFY ("QUANTITE_ENTREE" NOT NULL ENABLE);
  ALTER TABLE "SYSTEM"."ENTREE_FOURNITURES" MODIFY ("DATE_ENTREE" NOT NULL ENABLE);
  ALTER TABLE "SYSTEM"."ENTREE_FOURNITURES" MODIFY ("PRIX_UNITAIRE" NOT NULL ENABLE);
  ALTER TABLE "SYSTEM"."ENTREE_FOURNITURES" MODIFY ("MONTANT" NOT NULL ENABLE);
  ALTER TABLE "SYSTEM"."ENTREE_FOURNITURES" ADD PRIMARY KEY ("ID")
  USING INDEX PCTFREE 10 INITRANS 2 MAXTRANS 255 COMPUTE STATISTICS 
  STORAGE(INITIAL 65536 NEXT 1048576 MINEXTENTS 1 MAXEXTENTS 2147483645
  PCTINCREASE 0 FREELISTS 1 FREELIST GROUPS 1
  BUFFER_POOL DEFAULT FLASH_CACHE DEFAULT CELL_FLASH_CACHE DEFAULT)
  TABLESPACE "SYSTEM"  ENABLE;
--------------------------------------------------------
--  Constraints for Table FOURNITURES
--------------------------------------------------------

  ALTER TABLE "SYSTEM"."FOURNITURES" MODIFY ("ID" NOT NULL ENABLE);
  ALTER TABLE "SYSTEM"."FOURNITURES" MODIFY ("NOM" NOT NULL ENABLE);
  ALTER TABLE "SYSTEM"."FOURNITURES" MODIFY ("PRIX_UNITAIRE" NOT NULL ENABLE);
  ALTER TABLE "SYSTEM"."FOURNITURES" MODIFY ("QUANTITE_RESTANTE" NOT NULL ENABLE);
  ALTER TABLE "SYSTEM"."FOURNITURES" MODIFY ("CATEGORIE" NOT NULL ENABLE);
  ALTER TABLE "SYSTEM"."FOURNITURES" ADD CONSTRAINT "PK_FOURNITURES" PRIMARY KEY ("ID")
  USING INDEX PCTFREE 10 INITRANS 2 MAXTRANS 255 COMPUTE STATISTICS 
  STORAGE(INITIAL 65536 NEXT 1048576 MINEXTENTS 1 MAXEXTENTS 2147483645
  PCTINCREASE 0 FREELISTS 1 FREELIST GROUPS 1
  BUFFER_POOL DEFAULT FLASH_CACHE DEFAULT CELL_FLASH_CACHE DEFAULT)
  TABLESPACE "SYSTEM"  ENABLE;
--------------------------------------------------------
--  Constraints for Table HELP
--------------------------------------------------------

  ALTER TABLE "SYSTEM"."HELP" MODIFY ("TOPIC" NOT NULL ENABLE);
  ALTER TABLE "SYSTEM"."HELP" MODIFY ("SEQ" NOT NULL ENABLE);
  ALTER TABLE "SYSTEM"."HELP" ADD CONSTRAINT "HELP_TOPIC_SEQ" PRIMARY KEY ("TOPIC", "SEQ")
  USING INDEX PCTFREE 10 INITRANS 2 MAXTRANS 255 COMPUTE STATISTICS 
  STORAGE(INITIAL 16384 NEXT 1048576 MINEXTENTS 1 MAXEXTENTS 2147483645
  PCTINCREASE 0 FREELISTS 1 FREELIST GROUPS 1
  BUFFER_POOL DEFAULT FLASH_CACHE DEFAULT CELL_FLASH_CACHE DEFAULT)
  TABLESPACE "SYSTEM"  ENABLE;
--------------------------------------------------------
--  Constraints for Table IMMOBILISATIONS
--------------------------------------------------------

  ALTER TABLE "SYSTEM"."IMMOBILISATIONS" MODIFY ("ID_BIEN" NOT NULL ENABLE);
  ALTER TABLE "SYSTEM"."IMMOBILISATIONS" MODIFY ("NOM_BIEN" NOT NULL ENABLE);
  ALTER TABLE "SYSTEM"."IMMOBILISATIONS" MODIFY ("DATE_ACQUISITION" NOT NULL ENABLE);
  ALTER TABLE "SYSTEM"."IMMOBILISATIONS" MODIFY ("VALEUR_ACQUISITION" NOT NULL ENABLE);
  ALTER TABLE "SYSTEM"."IMMOBILISATIONS" MODIFY ("ID_CATEGORIE" NOT NULL ENABLE);
  ALTER TABLE "SYSTEM"."IMMOBILISATIONS" ADD CHECK (valeur_acquisition > 0) ENABLE;
  ALTER TABLE "SYSTEM"."IMMOBILISATIONS" ADD CHECK (statut IN ('actif', 'amorti', 'vendu', 'hors service')) ENABLE;
  ALTER TABLE "SYSTEM"."IMMOBILISATIONS" ADD PRIMARY KEY ("ID_BIEN")
  USING INDEX PCTFREE 10 INITRANS 2 MAXTRANS 255 COMPUTE STATISTICS 
  STORAGE(INITIAL 65536 NEXT 1048576 MINEXTENTS 1 MAXEXTENTS 2147483645
  PCTINCREASE 0 FREELISTS 1 FREELIST GROUPS 1
  BUFFER_POOL DEFAULT FLASH_CACHE DEFAULT CELL_FLASH_CACHE DEFAULT)
  TABLESPACE "SYSTEM"  ENABLE;
--------------------------------------------------------
--  Constraints for Table LOCALISATIONS
--------------------------------------------------------

  ALTER TABLE "SYSTEM"."LOCALISATIONS" MODIFY ("ID_LOCALISATION" NOT NULL ENABLE);
  ALTER TABLE "SYSTEM"."LOCALISATIONS" MODIFY ("NOM_LOCALISATION" NOT NULL ENABLE);
  ALTER TABLE "SYSTEM"."LOCALISATIONS" ADD PRIMARY KEY ("ID_LOCALISATION")
  USING INDEX PCTFREE 10 INITRANS 2 MAXTRANS 255 
  STORAGE(INITIAL 65536 NEXT 1048576 MINEXTENTS 1 MAXEXTENTS 2147483645
  PCTINCREASE 0 FREELISTS 1 FREELIST GROUPS 1
  BUFFER_POOL DEFAULT FLASH_CACHE DEFAULT CELL_FLASH_CACHE DEFAULT)
  TABLESPACE "SYSTEM"  ENABLE;
--------------------------------------------------------
--  Constraints for Table REDO_DB
--------------------------------------------------------

  ALTER TABLE "SYSTEM"."REDO_DB" MODIFY ("DBID" NOT NULL ENABLE);
  ALTER TABLE "SYSTEM"."REDO_DB" MODIFY ("THREAD#" NOT NULL ENABLE);
  ALTER TABLE "SYSTEM"."REDO_DB" MODIFY ("RESETLOGS_TIME" NOT NULL ENABLE);
  ALTER TABLE "SYSTEM"."REDO_DB" MODIFY ("PRESETLOGS_TIME" NOT NULL ENABLE);
  ALTER TABLE "SYSTEM"."REDO_DB" MODIFY ("RESETLOGS_SCN" NOT NULL ENABLE);
  ALTER TABLE "SYSTEM"."REDO_DB" MODIFY ("PRESETLOGS_SCN" NOT NULL ENABLE);
  ALTER TABLE "SYSTEM"."REDO_DB" MODIFY ("TENANT_KEY" NOT NULL ENABLE);
--------------------------------------------------------
--  Constraints for Table REDO_LOG
--------------------------------------------------------

  ALTER TABLE "SYSTEM"."REDO_LOG" MODIFY ("DBID" NOT NULL ENABLE);
  ALTER TABLE "SYSTEM"."REDO_LOG" MODIFY ("THREAD#" NOT NULL ENABLE);
  ALTER TABLE "SYSTEM"."REDO_LOG" MODIFY ("RESETLOGS_TIME" NOT NULL ENABLE);
  ALTER TABLE "SYSTEM"."REDO_LOG" MODIFY ("PRESETLOGS_TIME" NOT NULL ENABLE);
  ALTER TABLE "SYSTEM"."REDO_LOG" MODIFY ("SEQUENCE#" NOT NULL ENABLE);
  ALTER TABLE "SYSTEM"."REDO_LOG" MODIFY ("RESETLOGS_SCN" NOT NULL ENABLE);
  ALTER TABLE "SYSTEM"."REDO_LOG" MODIFY ("PRESETLOGS_SCN" NOT NULL ENABLE);
  ALTER TABLE "SYSTEM"."REDO_LOG" MODIFY ("TENANT_KEY" NOT NULL ENABLE);
--------------------------------------------------------
--  Constraints for Table SQLPLUS_PRODUCT_PROFILE
--------------------------------------------------------

  ALTER TABLE "SYSTEM"."SQLPLUS_PRODUCT_PROFILE" MODIFY ("PRODUCT" NOT NULL ENABLE);
--------------------------------------------------------
--  Constraints for Table USER_AGENCE
--------------------------------------------------------

  ALTER TABLE "SYSTEM"."USER_AGENCE" MODIFY ("ID" NOT NULL ENABLE);
  ALTER TABLE "SYSTEM"."USER_AGENCE" MODIFY ("USER_ID" NOT NULL ENABLE);
  ALTER TABLE "SYSTEM"."USER_AGENCE" MODIFY ("AGENCE_ID" NOT NULL ENABLE);
  ALTER TABLE "SYSTEM"."USER_AGENCE" MODIFY ("DATE_ASSOCIATION" NOT NULL ENABLE);
  ALTER TABLE "SYSTEM"."USER_AGENCE" ADD CONSTRAINT "PK_USER_AGENCE" PRIMARY KEY ("ID")
  USING INDEX PCTFREE 10 INITRANS 2 MAXTRANS 255 COMPUTE STATISTICS 
  STORAGE(INITIAL 65536 NEXT 1048576 MINEXTENTS 1 MAXEXTENTS 2147483645
  PCTINCREASE 0 FREELISTS 1 FREELIST GROUPS 1
  BUFFER_POOL DEFAULT FLASH_CACHE DEFAULT CELL_FLASH_CACHE DEFAULT)
  TABLESPACE "SYSTEM"  ENABLE;
  ALTER TABLE "SYSTEM"."USER_AGENCE" ADD CONSTRAINT "UQ_USER_AGENCE_USER_ID" UNIQUE ("USER_ID")
  USING INDEX PCTFREE 10 INITRANS 2 MAXTRANS 255 COMPUTE STATISTICS 
  STORAGE(INITIAL 65536 NEXT 1048576 MINEXTENTS 1 MAXEXTENTS 2147483645
  PCTINCREASE 0 FREELISTS 1 FREELIST GROUPS 1
  BUFFER_POOL DEFAULT FLASH_CACHE DEFAULT CELL_FLASH_CACHE DEFAULT)
  TABLESPACE "SYSTEM"  ENABLE;
--------------------------------------------------------
--  Constraints for Table USER_FOURNITURE
--------------------------------------------------------

  ALTER TABLE "SYSTEM"."USER_FOURNITURE" MODIFY ("ID" NOT NULL ENABLE);
  ALTER TABLE "SYSTEM"."USER_FOURNITURE" MODIFY ("USER_ID" NOT NULL ENABLE);
  ALTER TABLE "SYSTEM"."USER_FOURNITURE" MODIFY ("FOURNITURE_ID" NOT NULL ENABLE);
  ALTER TABLE "SYSTEM"."USER_FOURNITURE" MODIFY ("DATE_ASSOCIATION" NOT NULL ENABLE);
  ALTER TABLE "SYSTEM"."USER_FOURNITURE" ADD CONSTRAINT "PK_USER_FOURNITURE" PRIMARY KEY ("ID")
  USING INDEX PCTFREE 10 INITRANS 2 MAXTRANS 255 COMPUTE STATISTICS 
  STORAGE(INITIAL 65536 NEXT 1048576 MINEXTENTS 1 MAXEXTENTS 2147483645
  PCTINCREASE 0 FREELISTS 1 FREELIST GROUPS 1
  BUFFER_POOL DEFAULT FLASH_CACHE DEFAULT CELL_FLASH_CACHE DEFAULT)
  TABLESPACE "SYSTEM"  ENABLE;
--------------------------------------------------------
--  Constraints for Table USERS
--------------------------------------------------------

  ALTER TABLE "SYSTEM"."USERS" MODIFY ("ID" NOT NULL ENABLE);
  ALTER TABLE "SYSTEM"."USERS" MODIFY ("NOM" NOT NULL ENABLE);
  ALTER TABLE "SYSTEM"."USERS" MODIFY ("PRENOM" NOT NULL ENABLE);
  ALTER TABLE "SYSTEM"."USERS" MODIFY ("EMAIL" NOT NULL ENABLE);
  ALTER TABLE "SYSTEM"."USERS" MODIFY ("MOT_DE_PASSE" NOT NULL ENABLE);
  ALTER TABLE "SYSTEM"."USERS" MODIFY ("FONCTION" NOT NULL ENABLE);
  ALTER TABLE "SYSTEM"."USERS" ADD CONSTRAINT "PK_USERS" PRIMARY KEY ("ID")
  USING INDEX PCTFREE 10 INITRANS 2 MAXTRANS 255 COMPUTE STATISTICS 
  STORAGE(INITIAL 65536 NEXT 1048576 MINEXTENTS 1 MAXEXTENTS 2147483645
  PCTINCREASE 0 FREELISTS 1 FREELIST GROUPS 1
  BUFFER_POOL DEFAULT FLASH_CACHE DEFAULT CELL_FLASH_CACHE DEFAULT)
  TABLESPACE "SYSTEM"  ENABLE;
--------------------------------------------------------
--  Ref Constraints for Table AGENCE_FOURNITURE
--------------------------------------------------------

  ALTER TABLE "SYSTEM"."AGENCE_FOURNITURE" ADD CONSTRAINT "FK_AGENCE_FOURNITURE_AGENCES_AGENCE_ID" FOREIGN KEY ("AGENCE_ID")
	  REFERENCES "SYSTEM"."AGENCES" ("ID") ON DELETE CASCADE ENABLE;
  ALTER TABLE "SYSTEM"."AGENCE_FOURNITURE" ADD CONSTRAINT "FK_AGENCE_FOURNITURE_FOURNITURES_FOURNITURE_ID" FOREIGN KEY ("FOURNITURE_ID")
	  REFERENCES "SYSTEM"."FOURNITURES" ("ID") ON DELETE CASCADE ENABLE;
--------------------------------------------------------
--  Ref Constraints for Table AMORTISSEMENTS
--------------------------------------------------------

  ALTER TABLE "SYSTEM"."AMORTISSEMENTS" ADD CONSTRAINT "FK_AMORTISSEMENTS_BIEN" FOREIGN KEY ("ID_BIEN")
	  REFERENCES "SYSTEM"."IMMOBILISATIONS" ("ID_BIEN") ENABLE;
--------------------------------------------------------
--  Ref Constraints for Table BIEN_AGENCE
--------------------------------------------------------

  ALTER TABLE "SYSTEM"."BIEN_AGENCE" ADD CONSTRAINT "FK_BIEN_AGENCE_BIEN" FOREIGN KEY ("ID_BIEN")
	  REFERENCES "SYSTEM"."IMMOBILISATIONS" ("ID_BIEN") ENABLE;
  ALTER TABLE "SYSTEM"."BIEN_AGENCE" ADD CONSTRAINT "FK_BIEN_AGENCE_AGENCE" FOREIGN KEY ("ID_AGENCE")
	  REFERENCES "SYSTEM"."AGENCES" ("ID") ENABLE;
--------------------------------------------------------
--  Ref Constraints for Table ENTREE_FOURNITURES
--------------------------------------------------------

  ALTER TABLE "SYSTEM"."ENTREE_FOURNITURES" ADD CONSTRAINT "FK_ENTREE_FOURNITURES_FOURNITURES" FOREIGN KEY ("FOURNITURE_ID")
	  REFERENCES "SYSTEM"."FOURNITURES" ("ID") ON DELETE CASCADE ENABLE;
--------------------------------------------------------
--  Ref Constraints for Table IMMOBILISATIONS
--------------------------------------------------------

  ALTER TABLE "SYSTEM"."IMMOBILISATIONS" ADD CONSTRAINT "FK_IMMOBILISATIONS_CATEGORIE" FOREIGN KEY ("ID_CATEGORIE")
	  REFERENCES "SYSTEM"."CATEGORIES" ("ID_CATEGORIE") ENABLE;
--------------------------------------------------------
--  Ref Constraints for Table USER_AGENCE
--------------------------------------------------------

  ALTER TABLE "SYSTEM"."USER_AGENCE" ADD CONSTRAINT "FK_USER_AGENCE_USERS" FOREIGN KEY ("USER_ID")
	  REFERENCES "SYSTEM"."USERS" ("ID") ENABLE;
  ALTER TABLE "SYSTEM"."USER_AGENCE" ADD CONSTRAINT "FK_USER_AGENCE_AGENCES" FOREIGN KEY ("AGENCE_ID")
	  REFERENCES "SYSTEM"."AGENCES" ("ID") ENABLE;
--------------------------------------------------------
--  Ref Constraints for Table USER_FOURNITURE
--------------------------------------------------------

  ALTER TABLE "SYSTEM"."USER_FOURNITURE" ADD CONSTRAINT "FK_USER_FOURNITURE_USERS" FOREIGN KEY ("USER_ID")
	  REFERENCES "SYSTEM"."USERS" ("ID") ENABLE;
  ALTER TABLE "SYSTEM"."USER_FOURNITURE" ADD CONSTRAINT "FK_USER_FOURNITURE_FOURNITURES" FOREIGN KEY ("FOURNITURE_ID")
	  REFERENCES "SYSTEM"."FOURNITURES" ("ID") ENABLE;
